BusinessId,BusinessName,CategoryId,BusinessDescription,BusinessSlug,Tagline,AboutBrief,Description,Vision,WhyChooseUs,Address1,City,State,Country,Pincode,Landmark
AE02F339-5597-4771-BF6C-00C68D760535,SHRI BALAJI ELECTRONICS,25DA2785-F824-4C17-877A-3A80DC04776A,"<h2><em>SHRI BALAJI ELECTRONICS</em></h2><h3><em>Router, Cables &amp; Networking Devices</em></h3><p><br></p><p><strong><em>SHRI BALAJI ELECTRONICS</em></strong><em> is a reliable supplier and distributor of high-quality </em><strong><em>Routers, Cables &amp; Networking Devices</em></strong><em>. We specialize in providing advanced networking solutions for homes, offices, institutions, and commercial establishments.</em></p><p><br></p><h3><em>Powering Connections with Reliable Networking Solutions</em></h3><p><br></p><h2><em>Our Product Range</em></h2><p><em>We offer a wide range of networking products, including:</em></p><p><em>Wi-Fi Routers</em></p><p><em>Modems</em></p><p><em>LAN Cables (Cat5, Cat6, Cat7)</em></p><p><em>Fiber Optic Cables</em></p><p><br></p><h2><em>Why Choose Us</em></h2><p><em>✔ Genuine &amp; Quality Assured Products</em></p><p><em> ✔ Latest Technology Devices</em></p><p><em> ✔ Competitive Pricing</em></p><p><br></p><h2><em>Quality Assurance</em></h2><p><em>Quality and performance are our top priorities. We ensure:</em></p><p><em>High-Speed Data Transmission</em></p><p><em>Durable &amp; Safe Cables</em></p><p><br></p><h2><em>Our Vision</em></h2><p><em>To become a trusted and leading supplier of networking devices by providing innovative, reliable, and cost-effective connectivity solutions.</em></p><p><br></p><p><em>SHRI BALAJI ELECTRONICS is dedicated to delivering strong, secure, and efficient networking solutions that keep you connected. We aim to support businesses and individuals with reliable products that power digital growth.</em></p><p><br></p><p><br></p><p><br></p><p><br></p>","shri-balaji-electronics-kolkata,-61-ganesh-chandra-avenu,-kol-13-kolkata",,,,,,"Ground and 1st Floor, 61, Under Police Station, Ganesh Chandra Avenue, Kolkata",KOLKATA,West Bengal,India,700013.0,"Kolkata,  61 Ganesh Chandra Avenu, kol- 13"
E7A16C38-D6B1-4D37-BAC2-02808A014A84,B P TRADING CO,429C2201-799F-4448-89F5-16D9D5A12D80,"<h3><em>B P TRADING CO</em></h3><p><strong>B P Trading Co is a trusted name in the field of material lifting and material handling solutions, specializing in Chain Pulley Blocks, Hoists, Winches and all other types of line tackles and safety items. With a strong focus on quality, safety, and performance, we cater to the diverse needs of industrial, automotive, construction, and commercial sectors.</strong></p><p><br></p><h4>Our Product Range</h4><p>CHAIN PULLEY BLOCKS</p><p>HOISTS</p><p>WINCH</p><p>D- SHACKLES</p><p>BOTTLESCREW/ TURNBUCKLES</p><p>WIRE ROPES / PP ROPES / NYLON ROPES/ SAFETY NET</p><p>ALL TYPES OF CLAMPS</p><p>HOUSE OF CHAINS</p><p>ROPE SLING/ BELT SLING</p><p>ALL TYPES OF TRANSMISSION AND SAFETY ITEMS AND MANY MORE</p><p><br></p><h4>Why Choose B P Trading Co</h4><p>Reliable and ONE STOP solution to all your lifting problems</p><p>High load-bearing capacity with safety assurance</p><p>Competitive pricing with consistent quality</p><p><br></p><p><strong>At B P Trading Co, customer satisfaction is our top priority. We assure our clients of genuine products, consistent performance, and dependable service support. Every product we supply undergoes strict quality checks to ensure safety, strength, and operational efficiency.</strong></p><p><strong>With a growing reputation for reliability and professionalism, B P Trading Co continues to be a preferred supplier for hydraulic jacks, lifts, and winches. We strive to build long-term relationships by delivering quality products, technical confidence, and service excellence, making us a dependable partner for all lifting needs.</strong></p>","b-p-trading-co-barabajar-,kolkata-kolkata",,,,,,"4th, 75, N.S.ROAD, KOLKATA",KOLKATA,West Bengal,India,700001.0,"Barabajar ,kolkata "
0B419F36-5AF1-4DAF-AF26-02F4878510DA,Allied Sales Corporation,0FDA2EBF-FDBB-4E05-84B9-4768A2B8C56B,"<p><strong>At&nbsp;Allied&nbsp;Sales&nbsp;Corporation,&nbsp;we&nbsp;believe&nbsp;that&nbsp;strong&nbsp;welds&nbsp;build&nbsp;strong&nbsp;foundations.&nbsp;Our&nbsp;dedication&nbsp;to&nbsp;quality,&nbsp;reliability,&nbsp;and&nbsp;customer&nbsp;satisfaction&nbsp;makes&nbsp;us&nbsp;a&nbsp;preferred&nbsp;partner&nbsp;for&nbsp;all&nbsp;welding&nbsp;needs.&nbsp;We&nbsp;strive&nbsp;to&nbsp;grow&nbsp;with&nbsp;our&nbsp;customers&nbsp;by&nbsp;providing&nbsp;dependable&nbsp;products&nbsp;that&nbsp;power&nbsp;productivity,&nbsp;precision,&nbsp;and&nbsp;progress.</strong></p><h2></h2><h2></h2>",allied-sales-corporation-welding-rods-electrodes-wires-model-house-kolkata,"Trusted Welding Solutions for Stronger Joints, Greater Strength & Reliability","Supplier of welding rods, electrodes, and welding wires for industrial, fabrication, construction, and engineering applications.","ALLIED SALES CORPORATION is a trusted supplier of welding rods, welding electrodes, and welding wires for industrial, commercial, and fabrication needs. Our products deliver strong weld joints, consistent performance, and reliable results across construction, engineering, automotive, maintenance, and manufacturing applications.",To be a preferred provider of reliable and high-performance welding solutions.,Assured Quality Welding Products,"Ground Floor, 40, Strand Road. Shop 73., Kolkata",KOLKATA,West Bengal,India,700001.0,MODEL HOUSE
Wide Range of Welding Solutions,,,,,,,,,,,,,,,
Competitive Market Pricing,,,,,,,,,,,,,,,
Timely Supply & Delivery,1,,,,,,,,,,,,,,
47F578FF-251D-41C4-928C-036E7BB5C68F,Hari Har Industries,9907F86D-1AC9-4AFC-9137-3E97BC8A542B,"<h3><strong><em>Hari Har Industries</em></strong></h3><p><strong>Hari Har Industries is a trusted name in industrial surface protection and coating solutions, delivering high-performance services that enhance durability, safety, and longevity of structures and equipment. With a strong focus on quality, precision, and customer satisfaction, we specialize in advanced coating technologies tailored to meet diverse industrial requirements.</strong></p><p><br></p><h4><strong><em>Our Expertise</em></strong></h4><p><strong>Epoxy Coatings</strong></p><p><strong>FRP Lining</strong></p><p><strong>PU Coatings</strong></p><p><strong>Powder Coatings</strong></p><p><br></p><h4><strong><em>Why Choose Hari Har Industries :</em></strong></h4><p><strong>High-quality materials and proven coating systems</strong></p><p><strong>Skilled workforce and professional execution</strong></p><p><strong>Customized solutions for industrial applications</strong></p><p><strong>Strong focus on safety, durability, and performance</strong></p><p><strong>Timely project completion and reliable service</strong></p><p><br></p><p><strong>At Hari Har Industries, we are committed to protecting surfaces and strengthening structures through innovative coating solutions. Our dedication to quality workmanship, technical expertise, and customer trust makes us a preferred partner for Epoxy, FRP Lining, PU, and Powder Coating services. </strong></p>",hari-har-industries-karnal,,,,,,"PLOT NO. 51 SECTOR 3, HSIIDC",KARNAL,Haryana,India,132001.0,
7B0D7525-57B2-43ED-8320-03BB2CAEA54E,OM TECH,1578F70E-B915-4C1B-976C-59641A0944D2,"<h2><strong><em>OM TECH</em></strong></h2><p><br></p><p><strong><em>OM TECH</em></strong><em> is a trusted name in the field of </em><strong><em>Mobile Phone &amp; Accessories</em></strong><em>, offering a wide range of high-quality mobile products designed to meet the evolving needs of today’s digital lifestyle. We are committed to providing reliable, stylish, and affordable mobile solutions for customers across retail and wholesale markets.</em></p><p><br></p><p><em>With a strong focus on quality, innovation, and customer satisfaction, OM TECH ensures that every product delivers performance, durability, and value. Our collection includes the latest accessories that enhance convenience, connectivity, and protection for mobile devices.</em></p><p><br></p><h2><strong><em>Our Product Range</em></strong></h2><p><em>Mobile Phones</em></p><p><em>Smartphone Accessories</em></p><p><em>Chargers &amp; Fast Chargers</em></p><p><em>Data Cables</em></p><p><em>Power Banks</em></p><p><em>Earphones &amp; Headphones</em></p><p><br></p><h2><strong><em>Why Choose OM TECH?</em></strong></h2><p><em>✔ Wide Range of Latest Products</em></p><p><em> ✔ Assured Quality &amp; Performance</em></p><p><em> ✔ Competitive Pricing</em></p><p><em> ✔ Bulk Availability for Retailers</em></p><p><br></p><h2><strong><em>Quality Commitment</em></strong></h2><p><em>At OM TECH, we ensure that all products undergo strict quality checks for durability, compatibility, and safety standards. Our aim is to deliver reliable accessories that provide long-lasting performance and customer satisfaction.</em></p><p><br></p><h2><strong><em>Our Vision</em></strong></h2><p><em>To become a preferred supplier in the mobile accessories market by offering innovative products, competitive pricing, and dependable service.</em></p><p><br></p><h3><strong><em>OM TECH – Powering Your Digital World.</em></strong></h3>","om-tech-kolkata,-khidirpur-market-kolkata",,,,,,"5, DENT MISSION ROAD, KOLKATA",KOLKATA,West Bengal,India,700023.0,"Kolkata, Khidirpur Market"
77B19704-5060-4455-BC42-06D2F1940E40,A R ENGINEERING WORKS,DC75A682-A42E-49CC-9DC5-AF73998F01A3,"<h2><strong><em>A R Engineering</em></strong></h2><p><strong>A R Engineering Work is a trusted manufacturer and supplier of PVC, FRP, HDPE, and other industrial plastic pipes, offering durable, high-performance piping solutions for a wide range of industrial, commercial, and infrastructure applications. Our products are engineered to meet industry standards and are known for their strength, corrosion resistance, and long service life.</strong></p><p><br></p><h2><strong><em>Our Product Range </em></strong></h2><p><strong><u>PVC Pipes</u> – Lightweight, corrosion-resistant, and cost-effective for industrial use</strong></p><p><strong><u>FRP Pipes</u> – High strength, chemical-resistant pipes for harsh environments</strong></p><p><strong><u>HDPE Pipes </u>– Flexible, impact-resistant, and ideal for pressure applications</strong></p><p><strong><u>Other Industrial Plastic Pipes</u> – Customized solutions for specialized requirements</strong></p><p><br></p><h2><strong><em>Why Choose A R Engineering </em></strong></h2><p><strong>Superior quality materials and strict quality control</strong></p><p><strong>Wide range of industrial plastic piping solutions</strong></p><p><strong>Reliable supply and timely delivery</strong></p><p><strong>Customized solutions as per project requirements</strong></p><p><strong>Commitment to customer satisfaction and long-term partnerships</strong></p><p><br></p><p><strong>A R Engineering Work is committed to delivering quality-assured plastic piping solutions that ensure reliability, efficiency, and customer satisfaction. Our focus on precision manufacturing and timely delivery makes us a preferred choice in the industrial piping sector.</strong></p>",a-r-engineering-works-barabajar-kolkata,,,,,,"8, RAJA WOODMUNT STREET , KOLKATA",KOLKATA,West Bengal,India,700001.0,BARABAJAR
98DD8DBA-E344-4C8B-A735-09E22C14A081,NATIONAL  CHAIN  CORPORATION,53F667AC-6B54-4D1A-B69A-B0684ED2A8B2,"<h2><strong><em>NATIONAL&nbsp;CHAIN&nbsp;CORPORATION</em></strong></h2><p></p><p></p><p><strong><em>NATIONAL&nbsp;CHAIN&nbsp;CORPORATION</em></strong><em>&nbsp;is&nbsp;a&nbsp;trusted&nbsp;manufacturer&nbsp;and&nbsp;supplier&nbsp;of&nbsp;high-performance&nbsp;</em><strong><em>Roller&nbsp;Chain,&nbsp;Chain&nbsp;Sprocket,&nbsp;Chain&nbsp;Pulley&nbsp;Block&nbsp;and&nbsp;other&nbsp;Lifting&nbsp;Equipments</em></strong><em>,&nbsp;delivering&nbsp;strength,&nbsp;safety,&nbsp;and&nbsp;reliability&nbsp;to&nbsp;various&nbsp;industrial&nbsp;sectors.&nbsp;With&nbsp;years&nbsp;of&nbsp;expertise&nbsp;and&nbsp;a&nbsp;commitment&nbsp;to&nbsp;engineering&nbsp;excellence,&nbsp;we&nbsp;provide&nbsp;durable&nbsp;lifting&nbsp;and&nbsp;material&nbsp;handling&nbsp;solutions&nbsp;designed&nbsp;to&nbsp;perform&nbsp;in&nbsp;demanding&nbsp;environments.</em></p><p></p><h2><strong><em>Product&nbsp;Range</em></strong></h2><p><em>We&nbsp;offer&nbsp;a&nbsp;comprehensive&nbsp;range&nbsp;of&nbsp;</em><strong><em>Roller&nbsp;chain,&nbsp;Sprocket&nbsp;And&nbsp;Lifting&nbsp;Equipment.</em></strong></p><p></p><h2><strong><em>Why&nbsp;Choose&nbsp;Us</em></strong></h2><p><em>✔&nbsp;Robust&nbsp;&amp;&nbsp;Durable&nbsp;Equipment</em></p><p><em>&nbsp;✔&nbsp;Precision&nbsp;Engineering</em></p><p><em>&nbsp;✔&nbsp;Strict&nbsp;Quality&nbsp;Control</em></p><p><em>&nbsp;✔&nbsp;Competitive&nbsp;Pricing</em></p><p></p><h2><strong><em>Quality&nbsp;Assurance</em></strong></h2><p><em>At&nbsp;NATIONAL&nbsp;CHAIN&nbsp;CORPORATION,&nbsp;quality&nbsp;is&nbsp;the&nbsp;backbone&nbsp;of&nbsp;our&nbsp;operations.&nbsp;Our&nbsp;products&nbsp;undergo:</em></p><p><em>Load&nbsp;testing&nbsp;&amp;&nbsp;safety&nbsp;checks</em></p><p><em>Material&nbsp;strength&nbsp;testing</em></p><p></p><p></p>","national-chain-corporation-69a,-n-s.-road,-ground-floor-kolkata-700001-kolkata",,,,,,"69A, N.S. Road, Ground Floor, Kolkata - 700001", KOLKATA,West Bengal,India,700001.0,"69A, N S. Road, Ground Floor Kolkata - 700001"
32F999EA-612E-4EAC-A711-09ED47F4F874,THE DRESSER,173E2E59-0BE0-4937-B2D3-6F76D064CA93,"<h2><strong><em>THE DRESSER</em></strong></h2><p><strong><em>Computer Hardware &amp; Network Support | Printer Repair &amp; Maintenance Services</em></strong></p><p><strong><em>THE DRESSER</em></strong><em> is a trusted IT service provider specializing in </em><strong><em>Computer Hardware Solutions, Network Support, and Printer Repair &amp; Maintenance Services</em></strong><em>. With a strong commitment to technical excellence and customer satisfaction, we deliver reliable and cost-effective IT support for businesses, institutions, and individual clients.</em></p><h2><strong><em>Our Service Range</em></strong></h2><p><em>We offer a wide range of IT and maintenance services, including:</em></p><p><em>Desktop &amp; Laptop Hardware Repair</em></p><p><em>Computer Assembly &amp; Upgradation</em></p><p><em>LAN &amp; Wi-Fi Network Setup</em></p><p><em>Network Troubleshooting &amp; Maintenance</em></p><h2><strong><em>Why Choose Us</em></strong></h2><p><em>✔ Skilled &amp; Experienced Technicians</em></p><p><em> ✔ Quick Response &amp; Timely Service</em></p><p><em> ✔ Reliable &amp; Cost-Effective Solutions</em></p><p><em> ✔ Genuine Spare Parts Usage</em></p><h2><strong><em>Quality Assurance</em></strong></h2><p><em>At THE DRESSER, quality and reliability are our priorities. We ensure:</em></p><p><em>Detailed system diagnostics</em></p><p><em>Proper testing after repair</em></p><p><em>Use of quality components</em></p><p><br></p><p><strong><em>THE DRESSER</em></strong><em> is committed to providing professional computer hardware and networking support services that enhance efficiency and productivity. With technical expertise and dependable service, we continue to build long-term trust with our clients.</em></p><p><br></p><h3><em>Reliable IT Support. Secure Networks. Trusted Service.</em></h3><p><br></p><p><br></p><p><br></p>",the-dresser-besides-charu-market-kolkata-kolkata,,,,,,"7A, DESHPRAN SASMAL ROAD, KOLKATA",KOLKATA,West Bengal,India,700033.0,Besides Charu Market Kolkata 
7EB61FBC-ED9A-4E95-B25C-0A7A2E7988E3,CALCUTTA BEARING COMPANY,6009E681-B9B4-4C11-91C9-6E9C0519B9B3,"<p><strong>CALCUTTA BEARING COMPANY - Wholesalers of URB Bearing, Boll &amp;Roller, Pillow Unit Bearing, Sleeve Socket, Plummer Block, V- Belt, Pulley &amp; General Oder Supplier.  Deals with Brands like  SKF, FAG, NBC, NTN, ETC.....</strong></p>","calcutta-bearing-company-barabajar-,-kolkata-kolkata",,,,,,"GROUND FLOOR ROOM NO. A/164, 71/D, NETAJI SUBHAS ROAD, KOLKATA",KOLKATA,West Bengal,India,700001.0,"Barabajar , Kolkata "
8F506CBF-1637-4A3F-8C5A-0A7BC65238E8,Shree Enterprises,43F96091-AECE-427D-B941-058D209A8629,"<h1>Shree&nbsp;Enterprise&nbsp;is&nbsp;a&nbsp;trusted&nbsp;name&nbsp;in&nbsp;the&nbsp;trading&nbsp;and&nbsp;supply&nbsp;of&nbsp;premium-quality&nbsp;cereals&nbsp;and&nbsp;food&nbsp;grains,&nbsp;committed&nbsp;to&nbsp;delivering&nbsp;purity,&nbsp;freshness,&nbsp;and&nbsp;nutritional&nbsp;value.&nbsp;We&nbsp;source&nbsp;our&nbsp;products&nbsp;from&nbsp;reliable&nbsp;farms&nbsp;and&nbsp;suppliers&nbsp;to&nbsp;ensure&nbsp;consistent&nbsp;quality&nbsp;that&nbsp;meets&nbsp;market&nbsp;and&nbsp;consumer&nbsp;expectations.</h1><h1></h1>",shree-enterprises-cereals-food-grains-gharaunda,"Pure, Fresh & Quality Food Grains for Every Need","Trusted supplier of rice, wheat, maize, pulses, cereals, and quality food grains with a commitment to purity and freshness.","Shree Enterprise is a reliable trader and supplier of premium cereals and food grains. We offer quality rice, wheat, maize, pulses, and other food grains sourced from trusted suppliers, ensuring purity, freshness, nutritional value, hygienic handling, and consistent supply for wholesale and retail markets.",To be a trusted source of quality cereals and food grains across markets.,Premium Quality Food Grains,"SHOP NO. 29 B, NEW GRAIN MARKET, GHARAUNDA",GHARAUNDA,Haryana,India,132114.0,
Carefully Sourced Products,,,,,,,,,,,,,,,
Hygienic Storage & Handling,,,,,,,,,,,,,,,
Reliable Supply Network,1,,,,,,,,,,,,,,
69C0D675-BE82-4623-B1D8-0AA78803F7DA,R S INTERNATIONAL,F288C79F-83D7-4AA1-836C-EB8E67009E68,"<h1><strong>R&nbsp;S&nbsp;INTERNATIONAL&nbsp;is&nbsp;committed&nbsp;to&nbsp;delivering&nbsp;reliable,&nbsp;stylish,&nbsp;and&nbsp;cost-effective&nbsp;door&nbsp;and&nbsp;window&nbsp;solutions&nbsp;that&nbsp;meet&nbsp;the&nbsp;highest&nbsp;standards&nbsp;of&nbsp;quality&nbsp;and&nbsp;customer&nbsp;satisfaction.</strong></h1>",r-s-international-doors-and-windows-r-g-rar-road-kolkata,Excellence in Every Opening: Premium Doors & Windows.,"A trusted supplier of high-performance door and window solutions, blending modern aesthetics with robust structural durability.","R S INTERNATIONAL is a premier provider of sophisticated door and window systems tailored for residential, commercial, and industrial infrastructure. Our product portfolio bridges the gap between traditional craftsmanship and modern innovation, offering solutions that prioritize energy efficiency, safety, and architectural value. As a dedicated partner we provide precision-engineered, weather-resistant, and low-maintenance products designed to deliver long-term performance for projects of any scale.",To set the standard for quality and reliability in the building materials industry through superior design and customer-centric service.,Premium Quality & Elegance,"22, R.G.KAR Road, KOLKATA- 700004",KOLKATA,West Bengal,India,700012.0,R. G. Rar Road.
Skilled Craftsmanship,,,,,,,,,,,,,,,
Bespoke Customization,,,,,,,,,,,,,,,
Reliable Project Delivery,1,,,,,,,,,,,,,,
1AB2107B-373E-45CD-86BF-0ACD59490B2F,FURNITURE POINT,F7E0674A-E631-4B24-986B-30C9AD0DE753,"<h2><strong><em><u>Furniture Point</u></em></strong></h2><p><strong><em>Furniture Point is a trusted destination for modern office and commercial furniture solutions, offering a perfect blend of comfort, functionality, and contemporary design. We specialize in supplying high-quality office furniture and ergonomic office chairs that enhance productivity and create efficient workspaces.</em></strong></p><p><br></p><h2><em><u>Our Product Range</u></em></h2><p><strong><em>Office chairs (ergonomic, executive, visitor &amp; staff chairs)</em></strong></p><p><strong><em>Workstations and office tables</em></strong></p><p><strong><em>Conference &amp; meeting room furniture</em></strong></p><p><strong><em>Storage units, cabinets &amp; commercial furniture solutions</em></strong></p><p><br></p><h2><em><u>Why Choose Furniture Point</u></em></h2><p><strong><em>Ergonomically designed and durable products</em></strong></p><p><strong><em>Modern designs with premium finishes</em></strong></p><p><strong><em>Wide range of office and commercial furniture</em></strong></p><p><strong><em>Competitive pricing and reliable service</em></strong></p><p><strong><em>Customized solutions as per workspace requirements</em></strong></p><p><br></p><p><strong><em>At Furniture Point, we are committed to creating comfortable, functional, and professional work environments through quality furniture solutions. With customer-centric service and dependable products, we strive to be a preferred partner for office and commercial furniture needs.</em></strong></p>",furniture-point-kolkata,,,,,,"GROUND FLOOR, 2/5, SARAT BOSE ROAD, KOLKATA",KOLKATA,West Bengal,India,700020.0,
1742482C-124A-43A5-9281-0B8A20E470C9,RAUSHAN STONE AND GRANITES,DF1E923B-44B1-46C6-83CC-67FB8212BFF4,<h1><strong>RAUSHAN&nbsp;STONE&nbsp;AND&nbsp;GRANITES</strong></h1><h3></h3><p></p><p></p><p></p><h3></h3>,raushan-stone-and-granites-stone-tiles-floorings-park-street-area-kolkata,Premium Stone & Marble Solutions for Elegant and Durable Spaces,"Trusted supplier of stone tiles, marble tiles, flooring solutions, and premium natural stones.","RAUSHAN STONE AND GRANITES is a trusted provider of premium stone tiles, marble tiles, and natural flooring solutions. We offer high-quality granite, sandstone, marble, and natural stone products that combine durability, elegance, and timeless appeal for residential, commercial, and architectural projects.",To be a leading provider of premium natural stone and flooring solutions.,Premium Quality Natural Stones,"17/1, Park Street Area, ELLIOT LANE, Kolkata",KOLKATA,West Bengal,India,700016.0,Park Street Area
Wide Range of Designs & Finishes,,,,,,,,,,,,,,,
Durable & Long-Lasting Products,,,,,,,,,,,,,,,
Expert Project Guidance,1,,,,,,,,,,,,,,
44220C09-24FF-49A1-A199-0BCA2CE7F7FD,S N PLYWOOD AGENCY,CB75BB67-B63F-4592-BDB6-3D904DCA3F86,"<h2><strong><em>S N PLYWOOD AGENCY</em></strong></h2><p><strong><em>Wood, Plywood, Veneer &amp; Laminates</em></strong></p><p><br></p><p><strong><em>S N PLYWOOD AGENCY</em></strong><em> is a trusted supplier and distributor of premium-quality </em><strong><em>Wood, Plywood, Veneer, and Laminates</em></strong><em>, catering to residential, commercial, and interior design requirements. With a strong commitment to quality and customer satisfaction, we provide durable and aesthetically appealing wood solutions that enhance the strength and beauty of every project.</em></p><p><br></p><h2><strong><em>Product Range</em></strong></h2><p><em>We offer a comprehensive range including:</em></p><p><em>Commercial Plywood</em></p><p><em>Marine &amp; Waterproof Plywood</em></p><p><em>Block Boards</em></p><p><em>Flush Doors</em></p><p><br></p><h2><strong><em>Why Choose Us</em></strong></h2><p><em>✔ Premium Quality Materials</em></p><p><em> ✔ Wide Variety of Designs &amp; Finishes</em></p><p><em> ✔ Competitive Pricing</em></p><p><em> ✔ Reliable Stock Availability</em></p><p><br></p><h2><strong><em>Quality Assurance</em></strong></h2><p><em>At </em><strong><em>S N PLYWOOD AGENCY</em></strong><em>, quality remains our top priority. Our products undergo:</em></p><p><em>Strength and bonding tests</em></p><p><em>Moisture resistance checks</em></p><p><em>Surface finish inspection</em></p><p><br></p><p><strong><em>S N PLYWOOD AGENCY</em></strong><em> stands as a dependable partner for quality wood and plywood solutions. With a focus on durability, design, and trust, we continue to support superior construction and interior projects.</em></p><p><br></p><h4><em>Strong Foundations. Elegant Finishes. Trusted Supply.</em></h4><p><br></p><p><br></p><p><br></p>",s-n-plywood-agency-kolkata,,,,,,"33/2A, RAFI AHMED KIDUAI ROAD, TALTALA",KOLKATA,West Bengal,India,700016.0,
C6BED6A8-4211-4789-B92C-0CFD458EB00F,SIMRAN INTERIOR CRAFT,C1D3A25E-C396-42BF-A85C-A00029D6C1EA,"<h1><strong>SIMRAN INTERIOR CRAFT</strong></h1><p><strong>Crafting Elegance in Glass Solutions</strong></p><p><br></p><p><strong>Simran Interior Craft is a leading provider of premium glass solutions, specializing in Stained, Etched, Toughened, and Laminated Glass. With a commitment to quality, innovation, and aesthetics, we transform ordinary spaces into extraordinary experiences.</strong></p><p><br></p><h4>Our Product Range:</h4><p><strong><u>Stained &amp; Etched Glass</u>:</strong> Artistic and decorative glass designs to enhance interiors with style and sophistication.</p><p><strong><u>Toughened Glass:</u></strong> High-strength safety glass suitable for doors, partitions, windows, and commercial applications.</p><p><strong><u>Laminated Glass</u>:</strong> Durable, layered glass providing safety, noise reduction, and modern design appeal.</p><p><br></p><h4>Why Choose Us</h4><p><strong><u>Superior Quality</u>:</strong> All products are manufactured to the highest industry standards for safety and durability.</p><p><strong><u>Innovative Designs</u>:</strong> Unique glass textures, colors, and patterns to match any interior style.</p><p><strong><u>Professional Guidance</u>:</strong> Expert assistance in selecting the right glass solution for your project.</p><p><br></p><p><strong>At Simran Interior Craft, we combine artistry, precision, and technology to provide exceptional glass solutions for homes, offices, and commercial spaces. Choose us to add elegance, safety, and modernity to every corner of your space.</strong></p><p><br></p><p><br></p><p><br></p><p><br></p><p><br></p><p><br></p><h3><br></h3>",simran-interior-craft-kolkata,,,,,,"PURBA PANCHANNA GRAM, 247, EM BY PASS, KOLKATA",KOLKATA,West Bengal,India,700100.0,
B80526D6-03D3-4877-848C-0DC2D7DEF7DB,FURNICO,826CEE1C-72FC-41D9-A1E7-05AEE0973BFD,"<h2><strong><em><u>FURNICO</u></em></strong></h2><p><strong><em>Metal&nbsp;Furniture&nbsp;&amp;&nbsp;Metal&nbsp;Racks</em></strong></p><p></p><h2><strong><em>Quality&nbsp;Assurance</em></strong></h2><p><em>At&nbsp;</em><strong><em>FURNICO</em></strong><em>,&nbsp;every&nbsp;product&nbsp;undergoes&nbsp;strict&nbsp;quality&nbsp;checks&nbsp;for&nbsp;structural&nbsp;strength,&nbsp;finish&nbsp;quality,&nbsp;and&nbsp;durability.&nbsp;We&nbsp;ensure&nbsp;our&nbsp;furniture&nbsp;and&nbsp;racks&nbsp;meet&nbsp;high&nbsp;industry&nbsp;standards.</em></p><p></p><p><em>With&nbsp;a&nbsp;commitment&nbsp;to&nbsp;strength,&nbsp;reliability,&nbsp;and&nbsp;modern&nbsp;design,&nbsp;</em><strong><em>FURNICO</em></strong><em>&nbsp;stands&nbsp;as&nbsp;a&nbsp;dependable&nbsp;name&nbsp;in&nbsp;</em><strong><em>Metal&nbsp;Furniture&nbsp;&amp;&nbsp;Metal&nbsp;Rack&nbsp;Solutions</em></strong><em>.</em></p><p></p><h3><strong><em>Strong&nbsp;Structure.&nbsp;Smart&nbsp;Storage.&nbsp;Superior&nbsp;Quality.</em></strong></h3>",furnico-metal-furniture-kolkata, Trusted manufacturer and supplier of high-quality Metal Furniture and Metal Racks,,"FURNICO is a trusted manufacturer and supplier of high-quality Metal Furniture and Metal Racks, designed to deliver strength, durability, and modern functionality. We serve residential, commercial, industrial, and institutional sectors with reliable storage and furniture solutions.",, ✔ Premium Quality Raw Materials,"8, Sun Yat Sen St",KOLKATA,West Bengal,India,700012.0,
 ✔ Strong & Long-Lasting Products,,,,,,,,,,,,,,,
 ✔ Customization Options,,,,,,,,,,,,,,,
 ✔ Competitive Pricing,,,,,,,,,,,,,,,
 ✔ Timely Delivery,1,,,,,,,,,,,,,,
766DD75A-2D8F-44DB-A594-0FC4B8481586,Kali Ram Bhupinder Kumar,429C2201-799F-4448-89F5-16D9D5A12D80,"<h1>KALI RAM BHUPINDER KUMAR</h1><p><strong>Strength, Reliability, and Precision in Every Rope</strong></p><p><strong>Kali Ram Bhupinder Kumar is a trusted name in the engineering and industrial rope sector, offering a wide range of high-quality Fiber, Nylon, Steel, and Shipping Ropes. With years of experience and a commitment to excellence, we provide products that combine strength, durability, and safety for diverse applications.</strong></p><p><br></p><h4>Our Product Range</h4><p><strong><u>Fiber Ropes</u>:</strong> Lightweight, flexible, and versatile ropes suitable for general industrial and household use.</p><p><strong><u>Nylon Ropes</u>:</strong> High-strength ropes with excellent elasticity and wear resistance, ideal for demanding applications.</p><p><strong><u>Steel Ropes:</u></strong> Durable, heavy-duty ropes engineered for construction, shipping, and industrial purposes.</p><p><br></p><h4>Why Choose Us</h4><p><strong><u>Superior Quality</u>:</strong> Premium materials and advanced manufacturing processes guarantee longevity and reliability.</p><p><strong><u>Wide Variety:</u></strong> A comprehensive range of ropes for industrial, marine, and engineering needs.</p><p><strong><u>Expert Guidance</u>:</strong> Knowledgeable support to help clients select the perfect rope for their projects.</p><p><strong>At Kali Ram Bhupinder Kumar, we combine quality, variety, and service excellence to be your dependable partner for all rope solutions. Trust us to deliver ropes that stand the test of time and performance.</strong></p><p><br></p><p><br></p><p><br></p><p><br></p><p><br></p><p><br></p><p><br></p><p><br></p><p><br></p><p><br></p><p><br></p><h3><br></h3>",kali-ram-bhupinder-kumar-karnal,,,,,,"SHOP NO-20, MC MARKET, OPP. CLOCK TOWER, KARNAL",KARNAL,Haryana,India,132001.0,
DDFDD5D4-07AA-46C2-B631-0FF07C388E08,ORIENT MACHINERY & MILL STORES,6009E681-B9B4-4C11-91C9-6E9C0519B9B3,<h1>ORIENT&nbsp;MACHINERY&nbsp;&amp;&nbsp;MILL&nbsp;STORES</h1><p></p><p></p><p></p><p></p><p></p>,orient-machinery-mill-stores-machines-equipments-barabajar-kolkata,Powering Industries with Precision Machinery & Reliable Equipment Solutions,"Trusted supplier of industrial machines, mill equipment, and machinery solutions for manufacturing and processing industries.","ORIENT MACHINERY & MILL STORES is a trusted provider of industrial machinery and mill equipment, delivering reliable, durable, and high-performance solutions for manufacturing, processing, and production industries. We help businesses improve operational efficiency, precision, and productivity through quality machinery and expert support.",To be a trusted partner for industrial machinery and equipment solutions.,Verified Quality Machinery,"52 New 48, NETAJI SUBHAS ROAD, N.S.ROAD",KOLKATA,West Bengal,India,700001.0,Barabajar 
Wide Range of Industrial Equipment,,,,,,,,,,,,,,,
Reliable & Durable Products,,,,,,,,,,,,,,,
Expert Technical Guidance,1,,,,,,,,,,,,,,
8ECAFF26-8D1A-42B1-A08D-1043A3F8ED3C,BHARAT TOOLS AND MACHINERY PRIVATE LIMITED,6009E681-B9B4-4C11-91C9-6E9C0519B9B3,"<p><strong>BHARAT TOOLS AND MACHINERY PRIVATE LIMITED is a trusted name in the field of industrial machines and equipment, committed to delivering high-performance, durable, and technologically advanced solutions to meet the evolving needs of modern industries.</strong></p><p><br></p><h4><strong><em><u>Product Range</u></em></strong></h4><p><br></p><p><strong>Our comprehensive product portfolio includes:</strong></p><p>Heavy-Duty Industrial Machines</p><p>Precision Engineering Tools</p><p>Fabrication Equipment</p><p>Industrial Compressors</p><p><br></p><h4><strong><em><u>Why Choose Us</u></em></strong></h4><p><br></p><h3><u>1. Quality-Driven Manufacturing</u></h3><p>We adhere to strict quality standards to deliver reliable and efficient machinery.</p><h3><u>2. Industry Expertise</u></h3><p>Our team possesses deep knowledge and experience in industrial equipment and machinery solutions.</p><h3><u>3. Wide Product Range</u></h3><p>We provide comprehensive solutions under one roof.</p><p><br></p><h4><br></h4><h4><strong><em><u>Quality Assurance</u></em></strong></h4><p><br></p><p><strong>Quality is the backbone of BHARAT TOOLS AND MACHINERY PRIVATE LIMITED.</strong></p><p><strong>Our quality assurance process includes:</strong></p><p>Strict Raw Material Inspection</p><p>Precision Engineering Standards</p><p>Performance Testing &amp; Safety Checks</p><p><br></p><p><strong>BHARAT TOOLS AND MACHINERY PRIVATE LIMITED stands as a reliable partner for industries seeking high-quality machines and equipment. Through innovation, integrity, and commitment to excellence, we aim to build long-term relationships with our clients and contribute to industrial growth and development.</strong></p><p><br></p><p><br></p>",bharat-tools-and-machinery-private-limited-khangrapatti.-barabajar-kolkata-kolkata,,,,,,"1ST FLOOR, OFFICE SPACE 107, Khangrapatti, 40 STRAND ROAD, Kolkata",KOLKATA,West Bengal,India,700001.0,Khangrapatti. Barabajar Kolkata 
4D7D4E4A-DC4C-4DD0-8336-124B8F21408B,UNITHERM ENGINEERS LIMITED,AA8C072D-78F4-4574-AFBB-15A54D21BAFD,"<p>Specialized in Industrial Furnaces, Ovens &amp; Allied Heating Equipment</p><p><br></p><h1><em>UNITHERM ENGINEERS LIMITED</em></h1><p><strong>UNITHERM ENGINEERS LIMITED is a reputed engineering company specializing in the design, manufacturing, and supply of Industrial Furnaces, Ovens &amp; Allied Heating Equipment. With a strong foundation in thermal engineering and process heating solutions, we serve a wide range of industries with reliable, efficient, and customized furnace systems.</strong></p><p><br></p><h4><strong>OUR PRODUCT &amp; SOLUTION RANGE</strong></h4><p>We offer a comprehensive range of <strong>Industrial Heating Solutions</strong>, including:</p><p>Industrial Furnaces</p><p>Heating Furnaces</p><p>Industrial Ovens</p><p>Heat Treatment Furnaces</p><p><br></p><h4><strong>WHY CHOOSE UNITHERM ENGINEERS LIMITED</strong></h4><p>✔ Proven Expertise in Thermal Engineering</p><p>✔ Robust &amp; Energy-Efficient Designs</p><p>✔ Customized Solutions as per Process Requirements</p><p><br></p><h4><strong>QUALITY &amp; ENGINEERING EXCELLENCE</strong></h4><p><strong>Quality is integral to our operations. Each furnace and oven undergoes strict testing to ensure uniform heating, temperature accuracy, structural integrity, and operational safety before delivery.</strong></p><p><br></p><p><strong>Driven by engineering excellence and customer trust, UNITHERM ENGINEERS LIMITED continues to be a preferred partner for industrial furnaces, ovens, and heating solutions. We deliver heat with precision, reliability, and performance.</strong></p><p><br></p><p><br></p>",unitherm-engineers-limited-bhiwadi,,,,,,"E-43, G-2 Industrial Area, Khushkera, Bhiwadi",BHIWADI,Rajasthan,India,301707.0,
9D8D1231-777D-4366-9B58-12FEE9B319FA,RNaura Services,7381604D-E5C5-4A02-9F43-572EEC97EACA,"<h2><strong><em>RNaura Services</em></strong></h2><p><br></p><p><strong><em>RNaura Services</em></strong><em> is a reliable supplier and distributor of high-quality </em><strong><em>Pharma Ingredients &amp; Raw Materials</em></strong><em>. We cater to pharmaceutical manufacturers, healthcare companies, research laboratories, and formulation units by providing premium-grade raw materials that meet industry standards.</em></p><p><br></p><h2><strong><em>Our Product Range</em></strong></h2><p><em>We offer a wide range of pharmaceutical raw materials, including:</em></p><p><strong><em>Active Pharmaceutical Ingredients (APIs)</em></strong></p><p><strong><em>Pharmaceutical Excipients</em></strong></p><p><strong><em>Bulk Drug Intermediates</em></strong></p><p><strong><em>Fine Chemicals &amp; Specialty Chemicals</em></strong></p><p><br></p><h2><strong><em>Why Choose RNaura Services</em></strong></h2><p><em>✔ Assured purity and quality standards</em></p><p><em>✔ Reliable sourcing from certified vendors</em></p><p><em>✔ Competitive pricing</em></p><p><em>✔ Bulk supply capability</em></p><p><br></p><h2><strong><em>Quality Assurance</em></strong></h2><p><em>At </em><strong><em>RNaura Services</em></strong><em>, quality and compliance are our top priorities:</em></p><p><em>Materials tested for purity and consistency</em></p><p><em>Compliance with pharmaceutical industry standards</em></p><p><br></p><p><strong><em>RNaura Services</em></strong><em> stands as a dependable partner for sourcing </em><strong><em>Pharma Ingredients &amp; Raw Materials</em></strong><em>. With a strong commitment to quality, compliance, and timely service, we support pharmaceutical manufacturers in delivering safe and effective healthcare products.</em></p><p><br></p><p><br></p><p><br></p><p><br></p><p><br></p><p><br></p>",rnaura-services-hambran-road-ludhiana,,,,,,"KHASRA NO. 20//6/2-7/1-17-25-12/1-13-14, KHATA NO. 18/18, HAMBRAN  ROAD, VILLAGE JAINPUR, Ludhiana",LUDHIANA,Punjab,India,141011.0,HAMBRAN  ROAD
102E3AE9-571B-4837-A70B-1502E265B86D,RAMSONS MARKETING PRIVATE LIMITED,F7E0674A-E631-4B24-986B-30C9AD0DE753,"<h3>RAMSONS MARKETING PRIVATE LIMITED</h3><p><strong><em>Creating Spaces, Crafting Comfort</em></strong></p><p><strong>Ramsons Marketing Private Limited is a leading provider of office and commercial furniture, delivering stylish, functional, and durable solutions for modern workplaces. With a focus on quality, innovation, and client satisfaction, we help businesses create environments that inspire productivity and comfort.</strong></p><p><br></p><h4><strong>Our Product Range</strong></h4><p><strong><u>Office Furniture</u>:</strong> Ergonomic chairs, desks, workstations, storage units, and modular office solutions.</p><p><strong><u>Commercial Furniture:</u></strong> Furniture for hotels, restaurants, lounges, and corporate spaces, combining aesthetics with durability.</p><p><br></p><h4><strong>Why Choose Us</strong></h4><p><strong><u>Modern Designs</u>:</strong> Sleek, contemporary, and functional furniture to enhance any workspace or commercial setting.</p><p><strong><u>Professional Guidance</u>:</strong> Expert advice to select furniture that fits your style, space, and budget.</p><p><strong><u>Premium Quality:</u></strong> High-quality materials and finishes ensure long-lasting performance and elegance.</p><p><strong>At Ramsons Marketing Private Limited, we combine quality, design, and service excellence to create office and commercial spaces that impress. Trust us to transform your workspace into a hub of productivity, comfort, and style.</strong></p><h3><br></h3><p><br></p><p><br></p><p><br></p><p><br></p><p><br></p><p><br></p><h3><br></h3><p><br></p><p><br></p><p><br></p><p><br></p><p><br></p><p><br></p>",ramsons-marketing-private-limited-near-jhogajog-bhawan-kolkata,,,,,,"GROUND FLOOR, NA, 34 C R AVENUE, KOLKATA",KOLKATA,West Bengal,India,700012.0,Near Jhogajog Bhawan
A6C13E49-E5A5-41AD-BDC5-1596948E9D7F,SHRIRAM ELECTRICAL SERVICES,15CE7751-584F-49ED-89A8-49E4FA56DAE9,<h1>SHRIRAM&nbsp;ELECTRICAL&nbsp;SERVICES</h1><p></p><p></p><p></p><p></p><p></p><h3></h3>,shriram-electrical-services-electrical-electronic-connectors-mumbai,Reliable Electrical & Electronic Connector Solutions for Every Connection,"Trusted supplier of electrical and electronic connectors for industrial, commercial, and residential applications.","SHRIRAM ELECTRICAL SERVICES is a reliable provider of electrical and electronic connectors designed for safety, efficiency, and long-term performance. We supply quality-tested connector solutions for industrial, commercial, residential, and electronic applications, ensuring dependable electrical connectivity across diverse industries.",To be a trusted leader in electrical connectivity and connector solutions.,Premium Quality Connectors,"JAI MAHARASHTRA NAGAR,, FLOOR-GRD,, SHAIKH MISREE ROAD,, VARDHRAJ NGR, VARDHRAJ NGR",Mumbai,Maharashtra,India,400037.0,
Reliable Electrical Solutions,,,,,,,,,,,,,,,
Wide Product Selection,,,,,,,,,,,,,,,
Industry-Compliant Products,1,,,,,,,,,,,,,,
01F6773E-B449-4C99-A3EB-1622742002E3,PATEL PLASTER,06578DD3-2AC1-4B98-B456-FDAF39AB23D2,"<h2><strong><em>PATEL PLASTER</em></strong></h2><p><strong><em>Cement &amp; Concrete | Premium Plaster Solutions</em></strong></p><p><br></p><p><strong><em>PATEL PLASTER</em></strong><em> is a trusted name in the field of </em><strong><em>Cement, Concrete, and Plaster Solutions</em></strong><em>, delivering superior quality construction materials designed to enhance strength, durability, and finishing excellence. With a commitment to innovation and customer satisfaction, we serve residential, commercial, and industrial construction projects with reliable and high-performance plaster products.</em></p><p><br></p><h2><strong><em>Product Range</em></strong></h2><p><em>We offer a wide range of plaster and cement-based solutions, including:</em></p><p><em>Cement Plaster</em></p><p><em>Ready Mix Plaster</em></p><p><em>Wall Finishing Plaster</em></p><p><em>Waterproof Plaster</em></p><p><br></p><h2><strong><em>Why Choose Us</em></strong></h2><p><em>✔ Premium Quality Raw Materials</em></p><p><em> ✔ Advanced Manufacturing Technology</em></p><p><em> ✔ Strong &amp; Durable Finish</em></p><p><em> ✔ On-Time Delivery</em></p><p><br></p><h2><strong><em>Quality Assurance</em></strong></h2><p><em>At PATEL PLASTER, quality is our top priority. Our products undergo:</em></p><p><em>Rigorous testing procedures</em></p><p><em>Strength and bonding tests</em></p><p><br></p><p><strong><em>PATEL PLASTER</em></strong><em> is dedicated to strengthening structures with reliable cement and plaster solutions. With a strong foundation built on quality, trust, and innovation, we continue to support modern construction needs with excellence and integrity.</em></p><p><br></p><p><em>Building Strength. Delivering Quality. Creating Trust.</em></p><p><br></p><p><br></p><p><br></p>",patel-plaster-kolkata,,,,,,"120, SALKIA SCHOOL ROAD, SALKIA",KOLKATA ,West Bengal,India,711106.0,
333604AD-2A47-4E54-B166-167E8B4F2846,Gokul Marbles Co. ,A97F06C1-35AE-4A5F-A397-907ABBA91FC2,"<h1>GOKUL MARBLES CO.</h1><p><strong><em>Transforming Spaces with Natural Elegance</em></strong></p><p><br></p><p><strong>Gokul Marbles Co. is a premier supplier of premium natural stones, specializing in Granite, Marble, Sandstone, and more. With a focus on quality, durability, and aesthetics, we provide clients with materials that bring timeless beauty and strength to any space.</strong></p><p><br></p><h4>Our Product Range</h4><p><strong><u>Granite</u>:</strong> Durable, elegant, and versatile stone perfect for flooring, countertops, and architectural applications.</p><p><strong><u>Marble</u>:</strong> Exquisite marble with unique patterns and finishes, ideal for luxurious interiors and decorative projects.</p><p><strong><u>Sandstone &amp; Others:</u></strong> Wide range of natural stones for walls, flooring, and outdoor landscaping.</p><p><br></p><h4>Why Choose Us</h4><p><strong><u>Premium Quality</u>:</strong> Only the finest natural stones sourced and processed for lasting beauty and strength.</p><p><strong><u>Wide Variety:</u></strong> Extensive collection catering to modern, classic, and contemporary designs.</p><p><strong><u>Expert Guidance</u>:</strong> Professional advice to help clients select the right stone for their projects.</p><p><br></p><p><strong>At Gokul Marbles Co., we combine quality, variety, and service excellence to provide natural stone solutions that elevate the beauty, durability, and value of any project. Trust us to transform your space with elegance and sophistication.</strong></p><p><br></p><p><br></p><p><br></p><p><br></p><p><br></p><p><br></p><p><br></p><h3><br></h3>",gokul-marbles-co.-kolkata,,,,,,"MOHISGOTE, KRISHNAPUR, NEWTOWN",KOLKATA ,West Bengal,India,700102.0,
8288E8E7-6B93-4A59-9C73-17BA62870912,JAI MAHAVIR INFOCOM,25DA2785-F824-4C17-877A-3A80DC04776A,"<p><strong>JAI&nbsp;MAHAVIR&nbsp;INFOCOM&nbsp;stands&nbsp;as&nbsp;a&nbsp;dependable&nbsp;partner&nbsp;for&nbsp;Routers,&nbsp;Cables&nbsp;&amp;&nbsp;Networking&nbsp;Devices.&nbsp;We&nbsp;continue&nbsp;to&nbsp;empower&nbsp;businesses&nbsp;and&nbsp;institutions&nbsp;with&nbsp;seamless&nbsp;and&nbsp;secure&nbsp;networking&nbsp;solutions.</strong></p>",jai-mahavir-infocom-router-cables-networking-devices-chandney-chowk-market-kolkata,Advanced Networking Solutions for Seamless & Secure Connectivity,"Trusted supplier of routers, switches, LAN cables, and networking devices for businesses and institutions.","JAI MAHAVIR INFOCOM is a reliable supplier of routers, network switches, LAN cables, and networking devices. We provide high-performance connectivity solutions designed to enhance communication, network security, and operational efficiency for businesses, institutions, commercial establishments, and individual users.",To be a leading provider of innovative networking and connectivity solutions.,Latest Networking Technology,"75, KOLKATA, KOLKATA 4, Chandni Chowk. Kol- 700072",KOLKATA,West Bengal,India,700013.0,Chandney Chowk Market
Reliable Connectivity Solutions,,,,,,,,,,,,,,,
Quality-Tested Products,,,,,,,,,,,,,,,
High-Speed Network Performance,1,,,,,,,,,,,,,,
E2D5B6D0-ECBD-493B-94D1-1938A7C343C2,GURIYA SALES,292B82EA-12FB-46BB-9B75-4AD4794199DF,"<h1></h1><p></p><p><strong>At&nbsp;Guriya&nbsp;Sales,&nbsp;we&nbsp;combine&nbsp;quality,&nbsp;taste,&nbsp;and&nbsp;reliability&nbsp;to&nbsp;offer&nbsp;snacks&nbsp;that&nbsp;bring&nbsp;joy&nbsp;and&nbsp;satisfaction.&nbsp;Choose&nbsp;us&nbsp;for&nbsp;flavorful,&nbsp;fresh,&nbsp;and&nbsp;trusted&nbsp;snack&nbsp;solutions&nbsp;every&nbsp;time.</strong></p><p></p><p></p><p></p><p></p><p></p><p></p><p></p><p></p><h3></h3>",guriya-sales-snacks-and-namkeen-manaitand-dhanbad-dhanbad,"Premium Namkeen & Snack Supplier: Quality, Taste, & Hygiene","Leading wholesale supplier of high-quality snacks and namkeen. Dedicated to delivering fresh, hygienic, and flavorful food solutions for retail and corporate partners.","Guriya Sales is a trusted B2B partner specializing in the bulk supply of premium namkeens and snack foods. We combine traditional flavors with modern hygiene standards to provide consistent, high-demand products. As verified supplier, we ensure seamless procurement, reliable inventory management, and scalable supply chains for businesses nationwide.",To be the preferred partner for quality-conscious snacks and namkeen distribution.,Verified B2B Snack Supplier on BONC Network,"N/A, N/A, Manaitand Dhanbad, Chhat Talab, Manaitand Chhath Talab Road, Dhanbad",DHANBAD,Jharkhand,India,826001.0,Manaitand Dhanbad
Superior Ingredient Quality & Hygiene Standards,,,,,,,,,,,,,,,
Consistent Bulk Inventory Availability,,,,,,,,,,,,,,,
Diverse Portfolio of Regional Snack Flavors,1,,,,,,,,,,,,,,
9BD5707F-3839-4000-9370-19E88782240F,MURLI ENTERPRISES,A59A10DF-CA85-4165-8BC8-035E79153FB2,"<p><strong>MURLI&nbsp;ENTERPRISES&nbsp;stands&nbsp;for&nbsp;strength,&nbsp;reliability,&nbsp;and&nbsp;excellence&nbsp;in&nbsp;roofing&nbsp;and&nbsp;interior&nbsp;ceiling&nbsp;solutions.&nbsp;With&nbsp;our&nbsp;comprehensive&nbsp;product&nbsp;range&nbsp;and&nbsp;dedication&nbsp;to&nbsp;quality,&nbsp;we&nbsp;continue&nbsp;to&nbsp;serve&nbsp;customers&nbsp;with&nbsp;trusted&nbsp;materials&nbsp;for&nbsp;durable&nbsp;and&nbsp;stylish&nbsp;spaces.</strong></p>",murli-enterprises-roofing-tiles-fittings-and-false-ceiling-kolkata,"Complete Roofing, Tile & False Ceiling Solutions for Modern Spaces","Trusted supplier of roofing materials, tiles, fittings, and false ceiling systems for residential and commercial projects.","MURLI ENTERPRISES is a reliable supplier of roofing materials, floor and wall tiles, roofing fittings, and false ceiling systems. We provide durable, weather-resistant, and aesthetically appealing building solutions designed to enhance the strength, functionality, and appearance of residential, commercial, and industrial spaces",To be a preferred provider of quality roofing and interior ceiling solutions.,Premium Quality Building Materials,"ROOM NO.503, 1, OLD COURT HOUSE CORNER, ESPLANADE",KOLKATA ,West Bengal,India,700001.0,
Wide Range of Designs & Finishes,,,,,,,,,,,,,,,
Durable & Weather-Resistant Products,,,,,,,,,,,,,,,
Reliable Roofing Solutions,1,,,,,,,,,,,,,,
154E39EF-A57B-4E30-B204-1A47A7D59A46,FRASER INDIA,690AEA47-B111-425B-8889-BE10D3AD2CB8,"<p>Fraser&nbsp;India,&nbsp;a&nbsp;multifaceted&nbsp;establishment&nbsp;specializing&nbsp;in&nbsp;welding&nbsp;supplies&nbsp;and&nbsp;encompassing&nbsp;a&nbsp;wide&nbsp;spectrum&nbsp;of&nbsp;industries.&nbsp;Located&nbsp;at&nbsp;52,&nbsp;NS&nbsp;Road&nbsp;in&nbsp;Kolkata,&nbsp;we&nbsp;serve&nbsp;as&nbsp;manufacturers,&nbsp;service&nbsp;providers,&nbsp;suppliers,&nbsp;traders,&nbsp;retailers,&nbsp;and&nbsp;wholesalers,&nbsp;offering&nbsp;a&nbsp;comprehensive&nbsp;range&nbsp;of&nbsp;products.&nbsp;Our&nbsp;expertise&nbsp;extends&nbsp;to&nbsp;welding&nbsp;devices,&nbsp;sandblasting&nbsp;machines,&nbsp;airless&nbsp;paint&nbsp;sprayers,&nbsp;testing&nbsp;instruments&nbsp;and&nbsp;material&nbsp;handling&nbsp;equipment.&nbsp;Our&nbsp;commitment&nbsp;to&nbsp;quality&nbsp;and&nbsp;customer&nbsp;satisfaction&nbsp;shines&nbsp;through&nbsp;in&nbsp;every&nbsp;interaction.</p><p></p>",fraser-india-kolkata-kolkata,,,,,,"27, KOLKATA, Jenny's Salon, TANGRA, Kolkata",KOLKATA,West Bengal,India,700046.0,KOLKATA
09B1C666-703F-4A64-9DA5-1AC6D444152B,M F INDUSTRIAL STORES,8CD07C38-940E-4763-86B7-582DC9B76677,"<h1>M F INDUSTRIAL STORES</h1><p><strong><em>Precision Parts, Reliable Performance</em></strong></p><p><strong>M F Industrial Stores is a trusted supplier of high-quality industrial components, specializing in gearboxes, axles, sprockets, shafts, and gear parts. With a commitment to quality and precision, we provide durable solutions that keep industries running smoothly and efficiently.</strong></p><h3><br></h3><h4>Our Product Range</h4><p><strong><u>Gearboxes &amp; Gear Parts</u>:</strong> Precision-engineered for smooth operation and long-lasting performance.</p><p><strong><u>Axles &amp; Shafts:</u></strong> Robust and reliable components designed for industrial machinery and automotive applications.</p><p><strong><u>Axles &amp; Shafts</u>:</strong> Robust and reliable components designed for industrial machinery and automotive applications.</p><p><br></p><h4>Why Choose Us</h4><p><strong><u>Superior Quality</u>:</strong> Products manufactured to the highest industry standards for durability and performance.</p><p><strong><u>Wide Variety:</u></strong> Comprehensive range of industrial parts to suit various machinery and applications.</p><p><strong><u>Expert Guidance:</u></strong> Professional support to help clients select the right components for their needs.</p><p><br></p><p><strong>At M F Industrial Stores, we combine quality, variety, and service excellence to provide industrial components you can trust. Partner with us for reliable, precise, and long-lasting solutions for all your machinery needs.</strong></p><p><br></p><p><br></p><p><br></p><p><br></p><p><br></p><p><br></p><p><br></p><p><br></p>","m-f-industrial-stores-barabajar-,-kolkata-kolkata",,,,,,"GROUND FLOOR, 73, N.S.ROAD, SHOP NO-1",KOLKATA,West Bengal,India,700001.0,"Barabajar , Kolkata "
E48245BC-098D-475F-A4B6-1AE929588594,GAJANAND TRADERS,00306CCA-2DE3-4FDA-866D-178EDD222D50,"<p>All&nbsp;Type&nbsp;of&nbsp;LED&nbsp;Lighting&nbsp;Manufacturer,&nbsp;PCB&nbsp;Designing</p><p></p><p>LED&nbsp;FLOOD&nbsp;LIGHT,&nbsp;LED&nbsp;STREET&nbsp;LIGHT,&nbsp;LED&nbsp;SOLAR&nbsp;STREET&nbsp;LIGHT,&nbsp;LED&nbsp;HIGHBAY&nbsp;LIGHT,&nbsp;LED&nbsp;CLEANROOM&nbsp;LIGHT,&nbsp;INDUSTRIAL&nbsp;LED&nbsp;LIGHTS&nbsp;and&nbsp;Lighting&nbsp;Accessories,</p>",gajanand-traders-led-lights-bulb-rechargeable-indoor-lights-lighting-accessories-survey-no-5057-vapi,Innovative LED Lighting & PCB Design Solutions for Every Application,"Manufacturer of LED lighting products, solar lighting systems, industrial lights, and PCB design solutions.","GAJANAND TRADERS is a trusted manufacturer of LED lighting products and PCB design solutions. We specialize in LED flood lights, street lights, solar street lights, highbay lights, cleanroom lights, industrial LED lighting, and accessories, delivering energy-efficient, durable, and high-performance lighting solutions.","To illuminate the future with innovative, energy-efficient LED lighting solutions.",Advanced LED Lighting Solutions,"1ST FLOOR, Plot No 176 Gala No 102, Survey No 5057, OPP UPL SITUATED AT NH 48, VAPI",VAPI,Gujarat,India,396191.0,Survey No 5057
In-House PCB Design Expertise,,,,,,,,,,,,,,,
Energy-Efficient Products,,,,,,,,,,,,,,,
Industrial-Grade Quality Standards,1,,,,,,,,,,,,,,
000BC468-37DB-43BD-932A-1B69DCF055A5,SUPREME MARBLE & SANITATION,DF1E923B-44B1-46C6-83CC-67FB8212BFF4,"<h1>SUPREME MARBLE &amp; SANITATION</h1><p><strong><em>Where Quality Stone Meets Lasting Elegance</em></strong></p><p><strong>Supreme Marble &amp; Sanitation is a trusted name in stone tiles and flooring solutions, offering premium products that combine durability, aesthetics, and functionality. With a strong commitment to quality and customer satisfaction, we cater to residential, commercial, and architectural projects of all scales.</strong></p><h3><br></h3><h4>Our Product Range</h4><p><strong><u>Stone Tiles &amp; Floorings:</u></strong> High-quality natural stone tiles suitable for floors, walls, and outdoor applications.</p><p><strong><u>Marble &amp; Stone Solutions:</u></strong> Elegant and durable stones that enhance the beauty and value of any space.</p><h3><br></h3><h4>Why Choose Us</h4><p><strong><u>Premium Quality Materials:</u></strong> Carefully sourced stones for strength, durability, and timeless appeal.</p><p><strong><u>Wide Selection:</u></strong> Options to suit modern, classic, and contemporary design preferences.</p><p><strong><u>Expert Assistance:</u></strong> Professional guidance to help you choose the right stone for your application.</p><h3><br></h3><p><strong>At Supreme Marble &amp; Sanitation, we blend quality, variety, and service excellence to deliver stone flooring solutions that stand the test of time. Choose us for elegant, durable, and reliable stone products that elevate every space.</strong></p><p><br></p><p><br></p><p><br></p><p><br></p><p><br></p><p><br></p><p><br></p><p><br></p><p><br></p>",supreme-marble-&-sanitation-kolkata,,,,,,"9, CANAL EAST ROAD, ULTADANGA",KOLKATA ,West Bengal,India,700067.0,
052C3193-DF0C-426A-8879-1F1EB0909326,SHREE RAM PLYWOOD,CB75BB67-B63F-4592-BDB6-3D904DCA3F86,"<h1><strong>At&nbsp;Shree&nbsp;Ram&nbsp;Plywood,&nbsp;we&nbsp;combine&nbsp;quality,&nbsp;variety,&nbsp;and&nbsp;service&nbsp;excellence&nbsp;to&nbsp;deliver&nbsp;wood&nbsp;and&nbsp;plywood&nbsp;solutions&nbsp;that&nbsp;enhance&nbsp;the&nbsp;strength,&nbsp;beauty,&nbsp;and&nbsp;value&nbsp;of&nbsp;every&nbsp;space.&nbsp;Partner&nbsp;with&nbsp;us&nbsp;for&nbsp;materials&nbsp;you&nbsp;can&nbsp;rely&nbsp;on&nbsp;with&nbsp;confidence.</strong></h1><p></p><p></p><p></p><p></p><p></p><p></p><h3></h3>",shree-ram-plywood-wood-plywood-veneer-laminates-kolkata,"Strength, Style, and Quality in Every Sheet","Trusted supplier of plywood, veneers, laminates, and wood solutions for residential, commercial, and interior projects.","Shree Ram Plywood is a reliable supplier of premium plywood, veneers, laminates, and wood products. We provide durable, stylish, and high-quality materials for furniture, interior design, construction, and commercial projects, ensuring lasting performance and aesthetic appeal.",To be a preferred provider of quality plywood and interior surface solutions.,Premium Quality Wood Products,"256, DUMDUM COSSIPORE ROAD, DUMDUM",KOLKATA,West Bengal,India,700074.0,
Wide Range of Designs & Finishes,,,,,,,,,,,,,,,
Durable & Long-Lasting Materials,,,,,,,,,,,,,,,
Trusted Supplier for Interior Projects,1,,,,,,,,,,,,,,
FB9C6AB6-0090-453E-8099-1F3BE12F2434,GANAPATI HARDWARE,1CE07F79-319E-4574-B1D9-D28CF77413FB,"<h1><em>GANAPATI HARDWARE</em></h1><p><strong><em>Reliable Hardware for Strong &amp; Secure Installations</em></strong></p><p><strong>Ganapati Hardware is a trusted supplier of high-quality brackets, hitches, holders, and hardware fittings, catering to residential, commercial, and industrial needs. With a focus on durability, precision, and reliability, we provide hardware solutions that ensure strength and long-lasting performance.</strong></p><p><br></p><h4>Our Product Range</h4><p><strong><u>Brackets:</u></strong> Strong and precisely engineered brackets for structural and mounting applications.</p><p><strong><u>Hitches:</u></strong> Durable hitches designed for secure fastening and load support.</p><p><strong><u>Holders &amp; Fittings:</u></strong> A wide range of holders and hardware fittings for furniture, fixtures, and industrial use.</p><p><br></p><h4>Why Choose Us</h4><p><strong><u>Superior Quality</u>:</strong> Manufactured using high-grade materials for strength and durability.</p><p><strong><u>Wide Variety:</u></strong> Comprehensive range of hardware fittings for multiple applications.</p><p><strong><u>Expert Support:</u></strong> Professional guidance to help choose the right hardware for your needs.</p><p><br></p><p><strong>At Ganapati Hardware, we combine quality products, wide selection, and dependable service to deliver hardware solutions you can trust. Choose us for fittings that provide strength, safety, and long-term reliability in every installation.</strong></p><p><br></p><p><br></p><p><br></p><p><br></p><p><br></p><p><br></p><p><br></p><p><br></p><h3><br></h3><p><br></p>",ganapati-hardware-gauranga-nagar-kolkata,,,,,,"Dag No- 1005, Sulonguri Colony, Gauranga Nagar, Jangrahatiara-II, New Town",KOLKATA,West Bengal,India,700162.0,Gauranga Nagar
E18557E4-7AFA-426C-8484-2315E03E3691,STILE INN SHELTER,CA55CEED-D557-4059-83E9-3D01A01296DE,"<h1><em>STILE INN SHELTER</em></h1><p><strong><em>Designing Entrances That Define Your Space</em></strong></p><p><br></p><p><strong>Stile Inn Shelter is a trusted name in doors, window frames, panels, and shutters, offering solutions that blend strength, style, and functionality. With a focus on quality craftsmanship and modern design, we cater to residential, commercial, and architectural projects.</strong></p><h3><br></h3><p><strong><u>Your Trusted Distributor</u></strong></p><p><strong>We are an authorized distributor of a wide range of high-quality building materials, offering comprehensive solutions for diverse construction and interior needs. Our extensive product portfolio includes Jains PVC &amp; WPC Profiles, Green Endura Plastic Sections, and a variety of functional and durable door frames and sheets.</strong></p><p><br></p><h4><strong>Our Offerings Include:</strong></h4><ol><li data-list=""bullet""><span class=""ql-ui"" contenteditable=""false""></span><strong><u>PVC &amp; WPC Profiles</u>:</strong> Authorized distribution of Jains PVC &amp; WPC profiles, renowned for quality and variety in designs, ideal for doors, ceilings, and wall panels.</li><li data-list=""bullet""><span class=""ql-ui"" contenteditable=""false""></span><strong><u>Specialized Sections</u>:</strong> Green Endura plastic sections, offering an eco-friendly and durable substitute for wood-based boards.</li><li data-list=""bullet""><span class=""ql-ui"" contenteditable=""false""></span><strong><u>Door Frames</u>:</strong> A robust selection of UPVC, FRP (Fiber Reinforced Plastic), and Steel door frames to meet varying structural and aesthetic requirements.</li></ol><p><br></p><p><strong>We are committed to delivering top-notch products sourced from reliable manufacturers, ensuring that our clients, including builders, contractors, and interior designers, receive nothing but the best for their projects.</strong></p>",stile-inn-shelter-bowbazar-kolkata,,,,,,"1, JADU NATH DEY ROAD, BOWBAZAR",KOLKATA,West Bengal,India,700012.0,Bowbazar 
DACC7470-2926-4D08-8279-234BBD3D1EF8,AATMOS PHARMA (OPC) PRIVATE LIMITED,F038AABD-FC99-434D-A005-A38F6014D663,<p><strong>AATMOS&nbsp;PHARMA&nbsp;—&nbsp;committed&nbsp;to&nbsp;quality&nbsp;medicines&nbsp;for&nbsp;healthier&nbsp;lives.</strong></p>,aatmos-pharma-opc-private-limited-common-disease-medicines-karnal,Quality Pharmaceutical Solutions for a Healthier Tomorrow,"A dedicated pharmaceutical supplier providing safe, affordable, and high-quality medicines to address chronic and common healthcare needs.","AATMOS PHARMA (OPC) PRIVATE LIMITED is a trusted B2B pharmaceutical partner focused on the distribution of essential medicines. We specialize in effective analgesics, antibiotics, and gastrointestinal care, ensuring strict adherence to regulatory compliance and safety standards. As a verified provider, we facilitate seamless, transparent pharmaceutical procurement for hospitals, retailers, and healthcare providers nationwide.","To improve global health by ensuring equitable access to quality-assured, affordable medical care.",Verified B2B Pharmaceutical Supplier on BONC Network,"H.NO. 618/8, URBAN ESTATE, KARNAL",KARNAL,Haryana,India,132001.0,
Strict Regulatory Compliance & Quality Protocols,,,,,,,,,,,,,,,
Consistent Supply of Essential & Chronic Care Medicines,,,,,,,,,,,,,,,
Patient-Centric Focus on Safety & Efficacy,1,,,,,,,,,,,,,,
CE9ABFED-8D00-4D44-999F-2352DF4D9BDF,GENERAL TECHNOLOGICAL ENTERPRISES,C979A585-73A2-4084-B904-C5CAD05F7825,"<h1><em>GENERAL TECHNOLOGICAL ENTERPRISES</em></h1><p><strong><em>Driving Performance with Reliable Auto Electrical Solutions</em></strong></p><p><strong>General Technological Enterprises is a trusted supplier of automobile electrical components and parts, delivering reliable, efficient, and high-performance solutions for the automotive industry. With a strong focus on quality and technology, we support smooth and safe vehicle operations across diverse applications.</strong></p><h3><br></h3><h4>Our Product Range</h4><p><strong><u>Automobile Electrical Components:</u></strong><u> </u>High-quality components designed for dependable vehicle performance.</p><p><strong><u>Auto Electrical Parts</u>:</strong> Parts suitable for various vehicle models and automotive systems.</p><h3><br></h3><h4>Why Choose Us</h4><p><strong><u>Superior Quality:</u></strong> Products manufactured and tested to meet industry standards for safety and reliability.</p><p><strong><u>Wide Compatibility</u>:</strong> Components suitable for multiple vehicle types and applications.</p><p><strong><u>Technical Expertise</u>:</strong> Professional support to help select the right parts for optimal performance.</p><p><br></p><p><strong>At General Technological Enterprises, we combine quality, innovation, and dependable service to deliver automobile electrical solutions you can trust. Partner with us for components that ensure performance, safety, and long-term reliability.</strong></p><p><br></p><p><br></p><p><br></p><p><br></p><p><br></p><p><br></p><p><br></p><p><br></p><p><br></p>",general-technological-enterprises-karnal,,,,,,"H.NO-2015, SECTOR-13, KARNAL",KARNAL,Haryana,India,132001.0,
E9A62FCB-C467-403B-979A-2392D0955DBF,SAHA ASBESTOS ENTERPRISE,CA55CEED-D557-4059-83E9-3D01A01296DE,"<p></p><h1><strong>At&nbsp;Saha&nbsp;Asbestos&nbsp;Enterprise,&nbsp;we&nbsp;combine&nbsp;quality&nbsp;products,&nbsp;dependable&nbsp;service,&nbsp;and&nbsp;industry&nbsp;expertise&nbsp;to&nbsp;deliver&nbsp;door&nbsp;and&nbsp;window&nbsp;solutions&nbsp;you&nbsp;can&nbsp;trust.&nbsp;Choose&nbsp;us&nbsp;for&nbsp;durable,&nbsp;functional,&nbsp;and&nbsp;long-lasting&nbsp;structural&nbsp;products.</strong></h1><p></p><p></p><p></p><p></p><p></p><p></p><p></p>",saha-asbestos-enterprise-door-window-frame-panel-shutters-nirmal-chandra-street-and-jadunath-dey-rd-crossing-kolkata,Reliable Door & Window Solutions for Modern Infrastructure.,"Leading distributor of premium, durable door and window components for residential, commercial, and industrial building projects.","SAHA ASBESTOS ENTERPRISE is a trusted name in the building materials industry, specializing in high-performance door systems, window frames, panels, and shutters. Engineered for longevity and structural integrity, our solutions cater to diverse architectural needs. We are proud to be part of the providing seamless B2B access to quality-assured construction supplies. Our commitment is to deliver functional excellence and aesthetic value to every structural opening.","Empowering modern construction with durable, precision-engineered structural solutions.",Premium Quality & Durability,"1, JADU NATH DEY ROAD, BOWBAZAR",KOLKATA,West Bengal,India,700012.0,Nirmal Chandra Street and Jadunath Dey Rd crossing
Versatile Industry Applications,,,,,,,,,,,,,,,
Precision-Engineered Components,,,,,,,,,,,,,,,
Exert Technical Guidance,1,,,,,,,,,,,,,,
3850ADE9-930A-4ACC-A258-23A12E9A5F70,LAXMI MARBLE & TILES,DF1E923B-44B1-46C6-83CC-67FB8212BFF4,"<h2><strong><em>LAXMI MARBLE &amp; TILES</em></strong></h2><h3><strong><em>Stone Tiles &amp; Floorings | Stone Tiles</em></strong></h3><p><br></p><p><strong><em>LAXMI MARBLE &amp; TILES</em></strong><em> is a trusted supplier and distributor of high-quality </em><strong><em>Stone Tiles and Flooring Solutions</em></strong><em>, offering durable and elegant materials for residential and commercial spaces. With strong industry experience and a commitment to excellence, we provide natural stone products that combine timeless beauty with long-lasting strength.</em></p><p><br></p><h2><strong><em>Our Product Range</em></strong></h2><h3>🔹 <em>Stone Tiles</em></h3><p><em>Natural Stone Tiles</em></p><p><em>Granite Tiles</em></p><p><em>Sandstone Tiles</em></p><p><br></p><h3>🔹 <em>Stone Flooring</em></h3><p><em>Indoor Stone Flooring</em></p><p><em>Outdoor Stone Pavers</em></p><p><em>Polished Stone Flooring</em></p><p><br></p><h2><strong><em>Why Choose Us</em></strong></h2><p><em>✔ Premium Quality Natural Stones</em></p><p><em> ✔ Wide Variety of Designs &amp; Finishes</em></p><p><em> ✔ Durable &amp; Long-Lasting Materials</em></p><p><br></p><h2><strong><em>Quality Assurance</em></strong></h2><p><em>At </em><strong><em>LAXMI MARBLE &amp; TILES</em></strong><em>, quality is our priority. We ensure:</em></p><p><em>Careful selection of high-grade stone blocks</em></p><p><em>Precision cutting and polishing</em></p><p><br></p><h2><strong><em>Our Vision</em></strong></h2><p><em>To become a leading and reliable name in the stone and flooring industry by delivering superior quality products and exceptional customer satisfaction.</em></p><p><br></p><p><em>With dedication to craftsmanship and quality standards, </em><strong><em>LAXMI MARBLE &amp; TILES</em></strong><em> continues to transform spaces with premium stone tiles and flooring solutions that stand the test of time.</em></p><p><br></p><p><br></p><p><br></p>",laxmi-marble-&-tiles-kolkata,,,,,,"38A/7, JYOTISH ROY ROAD, NEW ALIPORE",KOLKATA,West Bengal,India,700053.0,
6E871E7F-3867-4D16-871F-250A2DBBBAC1,SAUMYA ELECTRICALS INDUSTRIES,03AD2C00-9A34-4185-887A-F4657216BF78,"<p>Manufacturing&nbsp;of&nbsp;solar&nbsp;steel&nbsp;structure,&nbsp;solar&nbsp;ACDB,&nbsp;DCDB,&nbsp;EARTHING&nbsp;MATRIALS&nbsp;AND&nbsp;PNGPIPE&nbsp;CLAMPS</p>",saumya-electricals-industries-solar-renewable-energy-energy-conservation-products-new-delhi,Reliable Solar Mounting & Electrical Infrastructure Solutions,"Manufacturer of solar steel structures, ACDB, DCDB, earthing materials, and PNG pipe clamps for industrial and solar projects.","SAUMYA ELECTRICALS INDUSTRIES is a trusted manufacturer of solar steel structures, Solar ACDB, DCDB, earthing materials, and PNG pipe clamps. We deliver durable, precision-engineered products that support solar power installations, electrical infrastructure, and industrial projects with quality and reliability.",To power sustainable growth through innovative solar and electrical solutions.,Quality-Assured Manufacturing,"HOUSE NO 126, SEC-5 BLOCK-C, ROHINI",NEW DELHI,Delhi,India,110085.0,
Durable Industrial-Grade Products,,,,,,,,,,,,,,,
Customized Project Solutions,,,,,,,,,,,,,,,
Reliable Solar Infrastructure Components,1,,,,,,,,,,,,,,
0A70184D-DCB8-4A80-B850-2714FA296F5F,AMAN REFRIGERATION,7BFDB957-9655-4C86-9FB6-CEC104E9D013,"<h1><strong>At&nbsp;Aman&nbsp;Refrigeration,&nbsp;we&nbsp;combine&nbsp;quality&nbsp;products,&nbsp;technical&nbsp;expertise,&nbsp;and&nbsp;reliable&nbsp;service&nbsp;to&nbsp;keep&nbsp;your&nbsp;spaces&nbsp;cool&nbsp;and&nbsp;comfortable.&nbsp;Choose&nbsp;us&nbsp;for&nbsp;efficient,&nbsp;dependable,&nbsp;and&nbsp;cost-effective&nbsp;cooling&nbsp;solutions&nbsp;you&nbsp;can&nbsp;trust.</strong></h1><p></p><p></p><p></p><p></p><p></p><p></p><p></p>",aman-refrigeration-domestic-fans-ac-coolers-parts-near-shiv-mandir-faridabad,"Reliable Cooling Solutions for Homes, Offices & Commercial Spaces","Trusted supplier of fans, air conditioners, coolers, and refrigeration parts with reliable service and support.","AMAN REFRIGERATION is a trusted provider of domestic fans, air conditioners, air coolers, and refrigeration parts. We offer energy-efficient cooling solutions and dependable products designed to deliver comfort, performance, and long-lasting reliability for residential and small commercial applications.",To be a preferred provider of reliable and energy-efficient cooling solutions.,Quality Cooling Products,"ANKHIR CHOWK, SECTOR-21D, BADKHAL CHOWK",FARIDABAD,Haryana,India,121012.0,NEAR SHIV MANDIR
Trusted Brands & Components,,,,,,,,,,,,,,,
Skilled Technical Expertise,,,,,,,,,,,,,,,
Reliable Service Support,1,,,,,,,,,,,,,,
3C025E6A-C528-482F-91C9-2757F5CD504C,STEEL GUARD (INDIA),D9955ED9-7689-483C-8F80-7C23CA7E679D,"<p><strong>STEEL&nbsp;GUARD&nbsp;(INDIA)&nbsp;—&nbsp;strength,&nbsp;precision,&nbsp;and&nbsp;reliability&nbsp;in&nbsp;every&nbsp;connection.</strong></p><p></p>",steel-guard-india-industrial-pipe-tube-fittings-barabajar-kolkata-kolkata,Reliable Industrial Pipe & Tube Fittings for Every Industry,"Trusted supplier of industrial pipe and tube fittings, delivering quality, precision, and reliable piping solutions.","STEEL GUARD (INDIA) is a reputed supplier and distributor of industrial pipe and tube fittings, offering elbows, tees, reducers, flanges, couplings, unions, pipe nipples, and tube fittings. We provide durable, precision-engineered products that meet the operational and safety requirements of diverse industries.",To be a trusted leader in industrial piping and fitting solutions.,Premium Quality Pipe & Tube Fittings,"GROUND FLOOR, ROOM NO 59, 40 STRAND ROAD, KOLKATA",KOLKATA,West Bengal,India,700001.0,"Barabajar , Kolkata "
Wide Product Range Available,,,,,,,,,,,,,,,
Precision-Engineered Components,,,,,,,,,,,,,,,
Reliable Industrial Solutions,1,,,,,,,,,,,,,,
2BFBC4C8-2718-49EC-91CC-293BEC18D129,UNIQUE FURNITURE,F7E0674A-E631-4B24-986B-30C9AD0DE753,<p><strong>Deals in office &amp; Domestic furniture .</strong></p>,,,,,,,"20, LU HSUN SARANI, KOLKATA",KOLKATA,West Bengal,India,700073.0,
,,,,,,,,,,,,,,,
PANCARD copy needs to be uploaded,,,,,,,,,,,,,,,
,,,,,,,,,,,,,,,
By Laxmi,AOZPA6542A,CMP1774281447908,/Uploads/Company/UNIQUE_FURNITURE/3a62c6c2-96cd-43ec-9e1f-3554a8434421.jpg,,,,,,,,,,,,
34FD1189-EAB2-4548-9206-2C116D430F15,RANA ELECTRONICS,9E6534BA-667E-4583-ADEA-9435AEFF48E1,"<h1><em>RANA ELECTRONICS</em></h1><p><strong><em>Precision Electronics for Reliable Performance</em></strong></p><p><strong>Rana Electronics is a trusted manufacturer and supplier of PCB modules and circuit boards, delivering high-quality electronic solutions for a wide range of applications. With a strong focus on precision, reliability, and innovation, we support industries with dependable electronic components.</strong></p><h3><br></h3><h4>Our Product Range</h4><p><strong><u>PCB Modules</u>:</strong> Efficient and reliable modules designed for consistent performance.</p><p><strong><u>Printed Circuit Boards (PCBs):</u></strong> High-quality circuit boards manufactured to meet industry standards.</p><p><strong><u>Custom PCB Solutions:</u></strong> Tailor-made PCB designs and assemblies as per client specifications.</p><p><br></p><h4>Why Choose Us</h4><p><strong><u>Superior Quality:</u></strong> Strict quality control ensuring durability and reliable electrical performance.</p><p><strong><u>Technical Expertise:</u></strong> Skilled team offering support from design to final production.</p><p><strong><u>Customization Capability</u>:</strong> Flexible solutions to match exact technical requirements.</p><p><br></p><p><strong>At Rana Electronics, we combine technical expertise, quality manufacturing, and reliable service to deliver PCB solutions you can trust. Partner with us for precision-engineered circuit boards that power performance and innovation.</strong></p><p><br></p><p><br></p><p><br></p><p><br></p><p><br></p><p><br></p><p><br></p><p><br></p><p><br></p>",rana-electronics-chandney-chowk-market-kolkata,,,,,,"7, CHANDNEY APPROACH, CHANDNI CHOWK MARKET",KOLKATA,West Bengal,India,700072.0,Chandney Chowk Market
0872B9D2-A6AA-4AB8-89A1-2CF44FCCB576,SAMRAT HARDWARE,19437D1E-8B4E-4511-ADDA-2831844CCFD6,"<h2><strong><em>SAMRAT HARDWARE</em></strong></h2><p><strong><em>Wash Basins, Sanitaryware &amp; Fittings</em></strong></p><h2><br></h2><p><strong><em>SAMRAT HARDWARE</em></strong><em> is a reliable and trusted supplier of premium-quality </em><strong><em>Wash Basins, Sanitaryware, and Bathroom Fittings</em></strong><em>, offering stylish, durable, and modern solutions for residential and commercial spaces. With a strong commitment to quality and customer satisfaction, we provide products that combine functionality with elegant design.</em></p><p><br></p><h2><strong><em>Product Range</em></strong></h2><p><em>We offer a comprehensive range including:</em></p><p><em>Ceramic Wash Basins</em></p><p><em>Designer &amp; Table Top Basins</em></p><p><em>Wall Hung Basins</em></p><p><em>One Piece &amp; Two Piece Toilets</em></p><p><br></p><h2><strong><em>Why Choose Us</em></strong></h2><p><em>✔ Premium Quality Products</em></p><p><em> ✔ Modern &amp; Elegant Designs</em></p><p><em> ✔ Competitive Pricing</em></p><p><em> ✔ Reliable Supply &amp; Timely Delivery</em></p><p><br></p><h2><strong><em>Quality Assurance</em></strong></h2><p><em>At SAMRAT HARDWARE, quality is our top priority. Our products undergo:</em></p><p><em>Durability testing</em></p><p><em>Surface finish inspection</em></p><p><br></p><p><strong><em>SAMRAT HARDWARE</em></strong><em> is dedicated to delivering dependable sanitaryware and fittings that enhance comfort, style, and performance. With quality products and professional service, we continue to build long-term trust with our customers.</em></p><p><br></p><p><em>Style. Strength. Sanitary Excellence.</em></p><p><br></p>",samrat-hardware-action-area-1a-kolkata,,,,,,"GROUND FLOOR, PLOT NO. AI 111, Action Area 1A, NEAR 3 NO. TANK, MA ROAD, New Town",KOLKATA ,West Bengal,India,700156.0,Action Area 1A
DDC2F246-A2F4-4591-BEB5-2D36E763A932,Aatmos life sciences,2CDD880E-4B05-4FBB-A998-32243F874655,"<p><strong>Aatmos&nbsp;Life&nbsp;Sciences&nbsp;is&nbsp;a&nbsp;quality-driven&nbsp;company&nbsp;specializing&nbsp;in&nbsp;Nutraceuticals&nbsp;&amp;&nbsp;Dietary&nbsp;Supplements,&nbsp;committed&nbsp;to&nbsp;promoting&nbsp;health,&nbsp;wellness,&nbsp;and&nbsp;preventive&nbsp;care&nbsp;through&nbsp;scientifically&nbsp;formulated&nbsp;products.&nbsp;We&nbsp;focus&nbsp;on&nbsp;delivering&nbsp;safe,&nbsp;effective,&nbsp;and&nbsp;high-quality&nbsp;nutraceutical&nbsp;solutions&nbsp;designed&nbsp;to&nbsp;support&nbsp;overall&nbsp;well-being.</strong></p><p></p>",aatmos-life-sciences-nutraceuticals-dietary-supplements-karnal,"Advanced Nutraceutical Solutions for Better Health, Immunity & Wellness","Trusted provider of nutraceuticals and dietary supplements designed to support health, immunity, and overall well-being.","Aatmos Life Sciences is a quality-focused nutraceutical company offering scientifically formulated dietary supplements and wellness products. We specialize in multivitamins, immunity boosters, protein supplements, and herbal nutraceuticals that promote preventive healthcare, balanced nutrition, and healthier lifestyles.",To be a leading nutraceutical company delivering innovative and trusted health solutions.,Scientifically Formulated Products,"WARD-5, OLD DURGA COLONY, NEAR INDIAN BANK, VILLAGE PHOOSGARH",KARNAL,Haryana,India,132001.0,
Premium Quality Ingredients,,,,,,,,,,,,,,,
GMP-Compliant Manufacturing,,,,,,,,,,,,,,,
Strict Quality Control Standards,1,,,,,,,,,,,,,,
B0710D0A-ED9B-455E-9603-2D94AD27D73C,THE MACHINE STORE,6009E681-B9B4-4C11-91C9-6E9C0519B9B3,"<p><strong>THE&nbsp;MACHINE&nbsp;STORE,&nbsp;we&nbsp;believe&nbsp;in&nbsp;powering&nbsp;industries&nbsp;with&nbsp;quality&nbsp;machines&nbsp;that&nbsp;drive&nbsp;growth&nbsp;and&nbsp;productivity.&nbsp;Through&nbsp;our&nbsp;commitment&nbsp;to&nbsp;excellence,&nbsp;reliability,&nbsp;and&nbsp;customer&nbsp;satisfaction,&nbsp;we&nbsp;continue&nbsp;to&nbsp;build&nbsp;strong&nbsp;and&nbsp;lasting&nbsp;business&nbsp;relationships.</strong></p><p></p><p></p>",the-machine-store-machines-equipments-kolkata-gc-avenue-kolkata,Powering Industries with Reliable Machines & Industrial Equipment,"Trusted supplier of industrial machines, construction equipment, workshop machinery, and manufacturing solutions.","THE MACHINE STORE is a reliable supplier and distributor of industrial machines and equipment. We provide construction equipment, workshop machinery, and manufacturing solutions designed for durability, efficiency, and high performance, helping industries improve productivity and operational excellence.",To be a trusted partner in delivering advanced industrial machinery solutions.,Wide Range of Machines Available,"36, GANESH CHANDRA AVENUE, GANESH CHANDRA",KOLKATA,West Bengal,India,700013.0,KOLKATA G.C. Avenue. 
Premium Quality Equipment,,,,,,,,,,,,,,,
Trusted Brands & Solutions,,,,,,,,,,,,,,,
Competitive Market Pricing,1,,,,,,,,,,,,,,
0DB1B935-CD52-41FA-B7BB-30A6BA8C5BA7,RADHARANI NATURAL MARBLE PRIVATE LIMITED,DF1E923B-44B1-46C6-83CC-67FB8212BFF4,"<p>Premium Natural Stones, Stone tiles and flooring solutions</p><p><br></p><h1><em>RADHARANI NATURAL MARBLE PRIVATE LIMITED</em></h1><p><strong><em>Natural Beauty, Lasting Strength</em></strong></p><p><strong>Radharani Natural Marble Private Limited is a trusted name in stone tiles and flooring solutions, offering premium natural stones that combine elegance, durability, and timeless appeal. With a strong focus on quality and customer satisfaction, we cater to residential, commercial, and architectural projects of all sizes.</strong></p><p><br></p><h4>Our Product Range</h4><p><strong><u>Stone Tiles &amp; Floorings</u>:</strong> High-quality natural stone tiles for floors, walls, and outdoor applications.</p><p><strong><u>Marble &amp; Natural Stones:</u></strong> Elegant and durable stones that enhance aesthetics and add value to spaces.</p><h3><br></h3><h4>Why Choose Us</h4><p><strong><u>Premium Quality Stones</u>:</strong> Carefully sourced and processed for strength, durability, and natural beauty.</p><p><strong><u>Wide Selection</u>:</strong> Extensive range suitable for modern, classic, and contemporary designs.</p><p><strong><u>Expert Guidance</u>:</strong> Professional support to help clients select the right stone for their applications.</p><p><br></p><p><strong>At Radharani Natural Marble Private Limited, we combine quality materials, design excellence, and reliable service to deliver stone flooring solutions that stand the test of time. Choose us for natural stone products that elevate every space with elegance and strength.</strong></p><p><br></p><p><br></p><p><br></p><p><br></p><p><br></p><p><br></p><p><br></p><p><br></p><h3><br></h3>",radharani-natural-marble-private-limited-kolkata,,,,,,"6th Floor, 83/2/1 Room No-602, Topsia Road South, Kolkata",KOLKATA,West Bengal,India,700046.0,
DC0F6D3F-D9AA-4D71-9739-317E77DF8238,Everlux Automotives Private limited,F2A72F2F-AF65-4ED7-8724-1BE79747B838,"<h2><strong><em>Everlux Automotives Private Limited</em></strong></h2><p><strong><em>Automotive Lights &amp; Lighting Parts</em></strong></p><p><br></p><p><strong><em>Everlux Automotives Private Limited</em></strong><em> is a leading manufacturer and supplier of high-performance </em><strong><em>Automotive Lights and Lighting Parts</em></strong><em>, delivering innovative and reliable lighting solutions for the automotive industry. We combine advanced technology with precision engineering to ensure safety, visibility, and modern aesthetics for all types of vehicles.</em></p><p><br></p><h2><strong><em>Our Product Range</em></strong></h2><p><em>We offer a wide variety of automotive lighting products, including:</em></p><p><em>LED Headlights</em></p><p><em>Tail Lights &amp; Brake Lights</em></p><p><em>Fog Lamps</em></p><p><em>Indicator &amp; Signal Lights</em></p><p><em>Interior Cabin Lights</em></p><p><br></p><h2><strong><em>Why Choose Everlux Automotives Private Limited</em></strong></h2><p><em>✔ Advanced Manufacturing Technology</em></p><p><em> ✔ Strict Quality Control Standards</em></p><p><em> ✔ Competitive Pricing</em></p><p><em> ✔ Custom Design &amp; OEM Solutions</em></p><p><br></p><h2><strong><em>Our Vision</em></strong></h2><p><em>To become a trusted global provider of innovative automotive lighting solutions that enhance road safety and vehicle performance.</em></p><p><br></p><p><em>At </em><strong><em>Everlux Automotives Private Limited</em></strong><em>, we are committed to delivering cutting-edge </em><strong><em>Automotive Lighting Solutions</em></strong><em> that combine performance, safety, and style.</em></p><p><br></p><h3><strong><em>Brighter Roads. Safer Journeys. Superior Quality.</em></strong></h3><p><br></p>",everlux-automotives-private-limited-new-delhi,,,,,,"M- 120, Street no. 8,  Shastri Nagar, Delhi",NEW DELHI,Delhi,India,110052.0,
A98F7A71-FBAA-4289-904C-31C6626C2F24,Indian Biozone,2CDD880E-4B05-4FBB-A998-32243F874655,"<p><strong>Indian Biozone has its own ISO 9001:2008 certified state-of-the-art has its own state-of-the-art manufacturing facilities, ensuring compliance with the latest GMP and revised Schedule-M norms, such measures including strong quality control techniques and safe production processes underscore the commitment of the company towards quality.</strong></p><p><strong>We provide a wide variety of nutraceutical, Ayurvedic and herbal products on third party arrangements, each of which is crafted frame by frame to get the highest quality of excellence.</strong></p><p><br></p><h4><strong><em><u>Our Product Range</u></em></strong></h4><p><strong>We offer a comprehensive range of:</strong></p><p>Multivitamin &amp; Multimineral Supplements</p><p>Herbal &amp; Ayurvedic Supplements</p><p>Immunity Boosters</p><p><br></p><h4><strong><em><u>Why Choose Us</u></em></strong></h4><p>✔ Scientifically Formulated Products</p><p>✔ High-Quality Raw Ingredients</p><p>✔ Safe &amp; Effective Compositions</p><p><br></p><h4><strong><em><u>Quality Assurance</u></em></strong></h4><p><strong>Quality and safety are the core pillars of Indian Biozone. We ensure:</strong></p><p>Compliance with regulatory standards</p><p>Stringent quality control at every stage</p><p>Tested raw materials and finished products</p><p><br></p><p><strong>Indian Biozone is committed to improving lives through reliable and high-quality nutraceutical solutions. With our dedication to excellence, innovation, and customer satisfaction, we continue to build strong relationships in the health and wellness industry.</strong></p><p><br></p><p><br></p><p><br></p><h1><br></h1>",indian-biozone-karnal,,,,,,"FIRST FLOOR, 86, HSIIDC, SECTOR-3, KARNAL",KARNAL,Haryana,India,132001.0,
71960A64-6ABD-498F-8E7E-332A36A2471A,M/S SUPREME MARKETING,19437D1E-8B4E-4511-ADDA-2831844CCFD6,"<h3><strong>M/S&nbsp;SUPREME&nbsp;MARKETING&nbsp;continues&nbsp;to&nbsp;grow&nbsp;as&nbsp;a&nbsp;preferred&nbsp;supplier&nbsp;of&nbsp;wash&nbsp;basins,&nbsp;sanitaryware,&nbsp;and&nbsp;fittings.</strong></h3><p></p><p></p>",ms-supreme-marketing-wash-basins-sanitaryware-fittings-metal-market-barabajar-kolkata,Premium Sanitaryware & Bathroom Fittings for Modern Living Spaces,"Trusted supplier of wash basins, sanitaryware, bathroom fittings, and accessories for residential and commercial projects.","M/S SUPREME MARKETING is a reliable supplier of wash basins, sanitaryware, and bathroom fittings. We offer stylish, durable, and functional bathroom solutions designed to enhance comfort, hygiene, and aesthetics for residential, commercial, hospitality, and institutional projects.",To provide innovative and quality bathroom solutions for every modern space.,Premium Quality Bathroom Products,"GROUND FLOOR, SHOP NO. 34, 157, NETAJI SUBHAS ROAD, KOLKATA",KOLKATA,West Bengal,India,700001.0,Metal Market Barabajar 
Stylish & Functional Designs,,,,,,,,,,,,,,,
Wide Product Selection,,,,,,,,,,,,,,,
Durable & Reliable Solutions,1,,,,,,,,,,,,,,
B26AC706-39AC-492E-B010-3417D0049AF3,OM SUNDARAM ENTERPRISE,DF1E923B-44B1-46C6-83CC-67FB8212BFF4,"<h1><em>OM SUNDARAM ENTERPRISE</em></h1><p><strong>OM SUNDARAM ENTERPRISE is a trusted and growing name in the stone industry, specializing in premium Stone Tiles &amp; Floorings. With a strong commitment to quality, durability, and aesthetic excellence, we cater to residential, commercial, and industrial projects across diverse segments.</strong></p><p><br></p><h4>OUR PRODUCT RANGE</h4><p><strong>We offer a carefully selected range of Stone Tiles &amp; Flooring Solutions, including:</strong></p><p>Natural Stone Tiles</p><p>Stone Flooring Tiles</p><p>Interior &amp; Exterior Stone Applications</p><p><br></p><h4>WHY CHOOSE OM SUNDARAM ENTERPRISE</h4><p>✔ Premium Quality Stones</p><p>✔ Wide Range of Designs &amp; Finishes</p><p>✔ Strong &amp; Long-Lasting Flooring Solutions</p><p>✔ Competitive Pricing</p><p><br></p><h4><strong>QUALITY ASSURANCE</strong></h4><p><strong>Quality is at the core of everything we do. From sourcing raw materials to final delivery, our stone tiles undergo strict quality checks to ensure uniform texture, superior finish, and high durability.</strong></p><p><br></p><p><strong>With a reputation built on trust, quality, and service excellence, OM SUNDARAM ENTERPRISE continues to set benchmarks in the stone tiles and flooring industry. We look forward to adding value and elegance to every space we serve.</strong></p><p><br></p><p><br></p><p><br></p>",om-sundaram-enterprise-kolkata,,,,,,"AD 1, P.O. - GOURANGA NAGAR, P.S. - BAGUIHATI",KOLKATA,West Bengal,India,700159.0,
2F4F811C-09BB-4571-8083-3446B91ABDFF,JHARKHAND ALUMINIUM,5BF910EE-0B36-47B8-92A3-BD9A0A10F9C6,"<h2><strong><em>JHARKHAND ALUMINIUM</em></strong></h2><p><br></p><p><strong><em>JHARKHAND ALUMINIUM</em></strong><em> is a reliable supplier and trader of high-quality </em><strong><em>Steel Pipes and Tubes</em></strong><em>, catering to the needs of construction, industrial, infrastructure, and fabrication sectors. We are committed to delivering durable, precision-engineered piping solutions that ensure strength, safety, and long-term performance.</em></p><p><br></p><h2><strong><em>Our Product Range</em></strong></h2><p><em>MS Steel Pipes</em></p><p><em>GI Pipes</em></p><p><em>ERW Pipes</em></p><p><em>Seamless Steel Tubes</em></p><p><em>Structural Steel Tubes</em></p><p><br></p><h2><strong><em>Why Choose JHARKHAND ALUMINIUM?</em></strong></h2><p><em>✔ High-Grade Steel Materials</em></p><p><em> ✔ Accurate Dimensions &amp; Finishing</em></p><p><em> ✔ Corrosion-Resistant &amp; Durable Products</em></p><p><em> ✔ Competitive Pricing</em></p><p><em> ✔ Bulk Supply Capability</em></p><p><br></p><h2><strong><em>Quality Assurance</em></strong></h2><p><em>At JHARKHAND ALUMINIUM, all steel pipes and tubes are sourced and supplied in compliance with industry standards. We ensure strict quality checks for strength, thickness accuracy, durability, and performance before dispatch.</em></p><p><br></p><h2><strong><em>Our Vision</em></strong></h2><p><em>To be a trusted name in the steel piping industry by providing dependable products, transparent business practices, and long-term customer relationships.</em></p><p><br></p><h3><strong><em>JHARKHAND ALUMINIUM – Strength You Can Rely On.</em></strong></h3>",jharkhand-aluminium-dalal-tola-ramgarh,,,,,,"SARAM, DALAL TOLA, SARAM PURVI, Hasir",RAMGARH,Jharkhand,India,829111.0,DALAL TOLA
DB1478B8-BC04-4701-A5FE-376DDD4EA271,M/S SIMRAN ACCESSORIES,06137175-1F9E-4F38-923C-3E11C3ABF6E7,"<p>Deals&nbsp;in&nbsp;automobile&nbsp;accessories&nbsp;like&nbsp;helmet,&nbsp;motor&nbsp;bike&nbsp;spare&nbsp;parts&nbsp;</p>",ms-simran-accessories-automobile-fittings-components-dhanbad,Your Trusted Source for Quality Motorcycle Accessories & Spare Parts,"Supplier of motorcycle accessories, helmets, and bike spare parts offering quality, safety, and reliable performance.","M/S SIMRAN ACCESSORIES is a trusted dealer of motorcycle accessories, helmets, and bike spare parts. We provide quality products designed for safety, durability, and performance, catering to riders, workshops, retailers, and automotive businesses with reliable and cost-effective solutions.",To be a trusted provider of quality motorcycle accessories and spare parts.,Quality Motorcycle Accessories,"NEAR RELAIBLE INDUSTRIES, KATRAS ROAD, MATKURIA",DHANBAD ,Jharkhand,India,826001.0,
Reliable Spare Parts Supply,,,,,,,,,,,,,,,
Durable & Performance-Focused Products,,,,,,,,,,,,,,,
Wide Product Availability,,,,,,,,,,,,,,,
Quality Motorcycle Accessories,,,,,,,,,,,,,,,
Reliable Spare Parts Supply,,,,,,,,,,,,,,,
Durable & Performance-Focused Products,,,,,,,,,,,,,,,
Wide Product Availability,1,,,,,,,,,,,,,,
3580EAEB-0169-491D-A656-37816E8ECAAB,MIIO ENERGY PRIVATE LIMITED,00306CCA-2DE3-4FDA-866D-178EDD222D50,"<h2><strong><em>MIIO ENERGY PRIVATE LIMITED</em></strong></h2><p><strong><em>LED Lights, Bulbs, Rechargeable &amp; Indoor Lighting Solutions</em></strong></p><p><br></p><p><strong><em>MIIO ENERGY PRIVATE LIMITED</em></strong><em> is a dynamic and innovative company specializing in energy-efficient </em><strong><em>LED Lights, Bulbs, Rechargeable Lighting, and Indoor Lighting Accessories</em></strong><em>. With a strong focus on sustainability and advanced technology, we provide reliable and cost-effective lighting solutions for residential, commercial, and industrial applications.</em></p><p><br></p><h2><strong><em>Product Range</em></strong></h2><p><em>We offer a wide selection of lighting solutions, including:</em></p><p><em>LED Bulbs</em></p><p><em>LED Tube Lights</em></p><p><em>Panel Lights</em></p><p><em>Downlights</em></p><p><br></p><h2><strong><em>Why Choose Us</em></strong></h2><p><em>✔ Energy-Efficient &amp; Eco-Friendly Products</em></p><p><em> ✔ Modern &amp; Innovative Designs</em></p><p><em> ✔ Durable &amp; Long-Lasting Performance</em></p><p><em> ✔ Competitive Pricing</em></p><p><em> ✔ Strict Quality Control</em></p><p><br></p><h2><strong><em>Quality Assurance</em></strong></h2><p><em>At MIIO ENERGY PRIVATE LIMITED, quality is at the core of our operations. Our products undergo:</em></p><p><em>Performance testing</em></p><p><em>Luminosity checks</em></p><p><br></p><p><strong><em>MIIO ENERGY PRIVATE LIMITED</em></strong><em> is committed to powering a brighter and more energy-efficient future. With innovative LED technology and customer-centric service, we continue to deliver lighting solutions that combine performance, savings, and sustainability.</em></p><h3><br></h3><h3><em>Bright Ideas. Smart Energy. Reliable Lighting.</em></h3><p><br></p>",miio-energy-private-limited-gautam-budh-nagar,,,,,,"B-37 Ground Floor,, Sector-5  Noida,, Gautam Budh Nagar",GAUTAM BUDH NAGAR,Uttar Pradesh,India,201301.0,
36AEABE2-75E4-4B79-962C-38E629906C63,MORE SIGNAGES,A69BE3A9-0257-4A43-8E54-D556335DDEEB,"<p>All type of signage, branding and printing </p>",more-signages-kolkata,,,,,,"6A, TARA CHAND DUTTA STREET, KOLKATA",KOLKATA,West Bengal,India,700073.0,
5A1D53DC-FABD-435B-8044-39E78B8F21E5,ASIAN MOTORS,33C908E3-7CE7-4340-8E80-BA4874641FF1,"<h3><strong>Driven&nbsp;by&nbsp;quality&nbsp;and&nbsp;customer&nbsp;satisfaction,&nbsp;ASIAN&nbsp;MOTORS&nbsp;continues&nbsp;to&nbsp;be&nbsp;a&nbsp;reliable&nbsp;partner&nbsp;for&nbsp;automotive&nbsp;engines&nbsp;and&nbsp;engine&nbsp;parts.&nbsp;We&nbsp;power&nbsp;performance&nbsp;with&nbsp;trust&nbsp;and&nbsp;expertise.</strong></h3><p></p><p></p><p></p><p></p><h4></h4>",asian-motors-automotive-engine-engine-parts-kolkata,Powering Performance: Trusted Automotive Engines & Components.,Premier supplier and distributor of high-performance automotive engines and precision-engineered engine components for professionals.,"ASIAN MOTORS is a trusted leader in the automotive sector, specializing in the supply of genuine, reliable engine assemblies and vital mechanical components. We cater to the high-demand requirements of automotive workshops, authorized dealerships, and fleet operators. As a key supplier we are committed to enhancing vehicle reliability through quality-assured parts that meet stringent performance standards, ensuring your automotive operations remain efficient and productive.","To be the most reliable partner in the automotive supply chain, delivering excellence in engine technology and mechanical components.",Genuine & Compatible Components,"GROUND FLOOR, 12, MANGOE LANE, KOLKATA",KOLKATA,West Bengal,India,700001.0,
High-Performance Reliability,,,,,,,,,,,,,,,
Extensive Product Availability,,,,,,,,,,,,,,,
Rigorous Quality Testing,1,,,,,,,,,,,,,,
80D2FE83-319B-40C5-8082-39EB92AAE7E0,Bharat Touch Enterprise,05C6CEE2-DCF5-4633-9DBF-3CBE17AAFF2F,"<h2><strong><em>Bharat Touch</em></strong></h2><p><strong><em>Bharat Touch</em></strong><em> helps professionals and businesses upgrade from traditional paper visiting cards to smart, digital, and contactless networking solutions.</em></p><p><br></p><p><em>We provide </em><strong><em>NFC-enabled digital visiting cards and online digital profiles</em></strong><em> that allow individuals and teams to share their complete professional identity with just a tap or QR scan. Our solution combines technology, branding, and convenience to create a modern way of connecting.</em></p><p><br></p><p><em>From entrepreneurs and consultants to corporate teams and organizations, Bharat Touch enables users to share contact details, social media links, websites, services, photos, videos, and more — all through a single smart digital profile that can be updated anytime.</em></p><p><em>We are focused on making networking:</em></p><p><br></p><p><em>✔ Smarter</em></p><p><em>✔ Faster</em></p><p><em>✔ Paperless</em></p><p><em>✔ Always Updated</em></p><p><br></p><p><em>With centralized control, corporate branding options, and scalable solutions, Bharat Touch is transforming how India networks in the digital era.</em></p><p><br></p><p><strong><em><u>Services Provided</u></em></strong></p><p><em>🔹 Online Digital Profiles &amp; Mini Websites</em></p><p><em>🔹 Smart NFC Digital Visiting Cards</em></p><p><em>🔹 Corporate Digital Card Solutions</em></p><p><em>🔹 Branding &amp; Custom Card Design</em></p><p><em>🔹 Profile Management &amp; Updates</em></p><p><br></p><h1><br></h1>",bharat-touch-enterprise-chandigarh,,,,,,"H.NO. 542, SECTOR 44A, Chandigarh",CHANDIGARH,Chandigarh,India,160047.0,
38DC92CC-E5BC-456F-83A9-3B3BB3C99FB2,PRIORITIES MADE EASY TECHNOLOGY PRIVATE LIMITED,1005C1EA-FC72-4615-9622-A677C710C7EF,"<p><strong>Priorities Made Easy Technology Pvt Ltd Manufacturer of MedCase. MedCase is a GSM enabled smart care unit that tracks real-time adherence, prevents, wrong slot access, and connect the patient to emergency services, lab tests, and doctor appointments.</strong></p>",priorities-made-easy-technology-private-limited-bhubaneswar-bhubaneswar,,,,,,"PHASE-II, D-304, RAGHUNATHPUR JALI, BHUBANESWAR",BHUBANESWAR,Odisha,India,751024.0,Bhubaneswar
C64678BE-696B-4675-8248-3C1D4456BE51,THAR MARBLES,DF1E923B-44B1-46C6-83CC-67FB8212BFF4,"<p><strong>THAR&nbsp;MARBLES&nbsp;is&nbsp;a&nbsp;reputed&nbsp;name&nbsp;in&nbsp;the&nbsp;field&nbsp;of&nbsp;Stone&nbsp;Tiles&nbsp;&amp;&nbsp;Floorings,&nbsp;specializing&nbsp;in&nbsp;high-quality&nbsp;Stone&nbsp;Tiles&nbsp;for&nbsp;residential,&nbsp;commercial,&nbsp;and&nbsp;architectural&nbsp;applications.&nbsp;With&nbsp;a&nbsp;strong&nbsp;commitment&nbsp;to&nbsp;excellence,&nbsp;durability,&nbsp;and&nbsp;aesthetic&nbsp;appeal,&nbsp;we&nbsp;provide&nbsp;natural&nbsp;stone&nbsp;solutions&nbsp;that&nbsp;enhance&nbsp;the&nbsp;beauty&nbsp;and&nbsp;value&nbsp;of&nbsp;every&nbsp;space.</strong></p><p></p>",thar-marbles-stone-tiles-floorings-kolkata,Premium Stone Tiles & Flooring Solutions with Timeless Natural Beauty,"Trusted supplier of natural stone, marble, and granite tiles for residential, commercial, and architectural projects.","THAR MARBLES is a reputed supplier of premium stone tiles and flooring solutions, offering natural stone, marble, and granite tiles. Our products combine durability, elegance, and superior craftsmanship, making them ideal for residential, commercial, hospitality, and architectural applications.",To be a leading provider of premium stone flooring and tile solutions.,Premium Quality Natural Stones,"10/1A, KALAKAR STREET, BURRABAZAR",Kolkata,West Bengal,India,700007.0,
Wide Range of Designs & Textures,,,,,,,,,,,,,,,
Precision Cutting & Finishing,,,,,,,,,,,,,,,
Durable & Long-Lasting Products,1,,,,,,,,,,,,,,
5B35A1AD-91BC-4E1F-98AD-3D613E47D1EE,Gokul marble co,DF1E923B-44B1-46C6-83CC-67FB8212BFF4,"<h2><strong><em>GOKUL MARBLE CO.</em></strong></h2><p><strong><em>Stone Tiles &amp; Floorings | Premium Stone Tiles</em></strong></p><p><br></p><p><strong><em>GOKUL MARBLE CO.</em></strong><em> is a trusted name in the field of </em><strong><em>Stone Tiles &amp; Flooring Solutions</em></strong><em>, offering high-quality natural stone products that combine durability, elegance, and timeless beauty. With years of experience in the industry, we cater to residential, commercial, and architectural projects by providing premium stone materials that enhance the aesthetic appeal and strength of every space.</em></p><p><br></p><h2><strong><em>Product Range</em></strong></h2><p><em>We offer a wide selection of stone flooring products, including:</em></p><p><em>Marble Stone Tiles</em></p><p><em>Granite Tiles</em></p><p><em>Sandstone Tiles</em></p><p><em>Kota Stone Tiles</em></p><p><em>Natural Stone Slabs</em></p><p><br></p><h2><strong><em>Why Choose Us</em></strong></h2><p><em>✔ Premium Quality Natural Stones</em></p><p><em> ✔ Wide Variety of Designs &amp; Finishes</em></p><p><em> ✔ Durable &amp; Long-Lasting Materials</em></p><p><em> ✔ Competitive Pricing</em></p><p><em> ✔ Reliable Supply &amp; Timely Delivery</em></p><p><br></p><h2><strong><em>Quality Assurance</em></strong></h2><p><em>At GOKUL MARBLE CO., quality is our foundation. Our stone products undergo:</em></p><p><em>Strict material inspection</em></p><p><em>Strength and durability testing</em></p><p><br></p><p><strong><em>GOKUL MARBLE CO.</em></strong><em> stands as a dependable partner for premium stone tiles and flooring solutions. With a focus on quality, elegance, and reliability, we continue to enhance spaces with natural beauty and lasting performance.</em></p><p><br></p><h3><em>Natural Strength. Timeless Elegance. Trusted Quality.</em></h3><p><br></p><p><br></p>",gokul-marble-co-kolkata,,,,,,"MOHISGOTE, KRISHNAPUR, NEWTOWN",KOLKATA ,West Bengal,India,700102.0,
7319AC8A-7AFC-46DC-9B16-3DB46AFA1B6A,GOODWILL FURNITURE,5240D7C8-AB70-41DB-84D3-31D8EAB1DE70,"<p><strong>GOODWILL&nbsp;FURNITURE&nbsp;stands&nbsp;for&nbsp;strength,&nbsp;style,&nbsp;and&nbsp;reliability.&nbsp;With&nbsp;a&nbsp;wide&nbsp;range&nbsp;of&nbsp;plastic&nbsp;chairs&nbsp;and&nbsp;furniture&nbsp;solutions,&nbsp;we&nbsp;continue&nbsp;to&nbsp;serve&nbsp;customers&nbsp;with&nbsp;products&nbsp;that&nbsp;offer&nbsp;comfort,&nbsp;durability,&nbsp;and&nbsp;affordability.</strong></p><p></p><p></p>",goodwill-furniture-plastic-furniture-supplies-near-mahakaran-metro-station-kolkata,"Durable, Stylish & Comfortable Plastic Furniture for Every Space","Manufacturer and supplier of plastic chairs and furniture offering durable, stylish, and affordable seating solutions.","GOODWILL FURNITURE is a trusted manufacturer and supplier of premium plastic furniture. We specialize in plastic chairs, chair sets, and designer seating solutions that combine durability, comfort, modern aesthetics, and affordability for residential, commercial, institutional, and office environments.",To provide innovative and durable furniture solutions that enhance everyday living.,Durable & High-Strength Materials,"50, RADHA BAZAR LANE, KOLKATA",KOLKATA,West Bengal,India,700001.0,Near Mahakaran metro station 
Modern & Attractive Designs,,,,,,,,,,,,,,,
Lightweight & Easy Maintenance,,,,,,,,,,,,,,,
Weather & Moisture Resistant,1,,,,,,,,,,,,,,
80B50D6D-9144-47D2-B97C-3DE89CF103EA,Furniture Ram,F7E0674A-E631-4B24-986B-30C9AD0DE753,"<h3><em>FURNITURE RAM</em></h3><p><strong>Furniture Ram is a reliable and customer-oriented enterprise engaged in the manufacturing and supply of Office &amp; Commercial Furniture. With a focus on functionality, comfort, and modern design, we provide furniture solutions that enhance productivity and elevate professional spaces.</strong></p><p><br></p><h4><strong>OUR PRODUCT RANGE</strong></h4><p><strong>Our wide range of Office &amp; Commercial Furniture includes:</strong></p><p>Office Tables &amp; Workstations</p><p>Office Chairs &amp; Seating Solutions</p><p>Conference &amp; Meeting Room Furniture</p><p><br></p><h4><strong>WHY CHOOSE FURNITURE RAM</strong></h4><p>✔ Premium Quality Materials</p><p>✔ Modern &amp; Ergonomic Designs</p><p>✔ Customized Furniture Solutions</p><p><br></p><h4><strong>QUALITY ASSURANCE</strong></h4><p><strong>Quality is central to our process. Each furniture piece is crafted and inspected to ensure structural stability, superior finish, and long-lasting performance.</strong></p><p><br></p><p><strong>With a reputation for quality, reliability, and professional excellence, Furniture Ram continues to deliver furniture solutions that create productive and inspiring work environments.</strong></p><p><br></p><p><br></p><p><br></p>",furniture-ram-kolkata,,,,,,"58/P, Kailash Bose Street, Kolkata",KOLKATA,West Bengal,India,700012.0,
F5518469-6E48-427E-B129-3F484D842BC0,MOLA TECH,173E2E59-0BE0-4937-B2D3-6F76D064CA93,"<h1><em>&nbsp;MOLA&nbsp;TECH</em></h1><p><strong>MOLA&nbsp;TECH&nbsp;is&nbsp;a&nbsp;technology-driven&nbsp;company&nbsp;providing&nbsp;reliable&nbsp;Computer&nbsp;Hardware&nbsp;&amp;&nbsp;Network&nbsp;Support&nbsp;solutions&nbsp;for&nbsp;businesses&nbsp;and&nbsp;individuals.&nbsp;With&nbsp;a&nbsp;focus&nbsp;on&nbsp;performance,&nbsp;security,&nbsp;and&nbsp;uptime,&nbsp;we&nbsp;help&nbsp;our&nbsp;clients&nbsp;build,&nbsp;manage,&nbsp;and&nbsp;maintain&nbsp;efficient&nbsp;IT&nbsp;infrastructure.</strong></p><p></p><h4><strong>OUR&nbsp;SERVICES&nbsp;&amp;&nbsp;SOLUTIONS</strong></h4><p><strong>We&nbsp;offer&nbsp;a&nbsp;comprehensive&nbsp;range&nbsp;of&nbsp;IT&nbsp;Hardware&nbsp;&amp;&nbsp;Network&nbsp;Services,&nbsp;including:</strong></p><p>Computer&nbsp;&amp;&nbsp;Laptop&nbsp;Hardware&nbsp;Solutions</p><p>Network&nbsp;Setup,&nbsp;Configuration&nbsp;&amp;&nbsp;Maintenance</p><p>Server&nbsp;&amp;&nbsp;Workstation&nbsp;Support</p><p></p><h4><strong>WHY&nbsp;CHOOSE&nbsp;MOLA&nbsp;TECH</strong></h4><p>✔&nbsp;Experienced&nbsp;IT&nbsp;Professionals</p><p>✔&nbsp;Reliable&nbsp;&amp;&nbsp;Cost-Effective&nbsp;Solutions</p><p>✔&nbsp;Quick&nbsp;Response&nbsp;&amp;&nbsp;Minimal&nbsp;Downtime</p><p></p><h4><strong>QUALITY&nbsp;&amp;&nbsp;RELIABILITY</strong></h4><p><strong>Quality&nbsp;service&nbsp;is&nbsp;our&nbsp;priority.&nbsp;Every&nbsp;solution&nbsp;is&nbsp;designed&nbsp;to&nbsp;deliver&nbsp;system&nbsp;reliability,&nbsp;data&nbsp;safety,&nbsp;and&nbsp;long-term&nbsp;performance.</strong></p><p></p><p><strong>With&nbsp;a&nbsp;strong&nbsp;foundation&nbsp;in&nbsp;computer&nbsp;hardware&nbsp;and&nbsp;network&nbsp;support,&nbsp;MOLA&nbsp;TECH&nbsp;stands&nbsp;as&nbsp;a&nbsp;trusted&nbsp;IT&nbsp;partner&nbsp;for&nbsp;reliable&nbsp;and&nbsp;efficient&nbsp;technology&nbsp;solutions.</strong></p><p></p><p></p><p></p>",mola-tech-computer-hardware-network-support-lords-more-kolkata,,,,,,"51/14, PRINCE GOLAM HUSSAIN SHAH ROAD, KOLKATA",KOLKATA,West Bengal,India,700095.0,Lord's More 
CFB3C2B5-0166-4366-AC66-3F50300394AD,BALAJI FURNITURE,E99ECBB3-DBD8-4891-81EB-FBCBC0CDE99C,"<h3><strong>With&nbsp;a&nbsp;reputation&nbsp;for&nbsp;quality,&nbsp;comfort,&nbsp;and&nbsp;style,&nbsp;BALAJI&nbsp;FURNITURE&nbsp;continues&nbsp;to&nbsp;be&nbsp;a&nbsp;preferred&nbsp;choice&nbsp;for&nbsp;bedroom&nbsp;furniture&nbsp;solutions.</strong></h3><p></p><p></p><p></p>",balaji-furniture-bedroom-furniture-kolkata,Crafting Comfort and Elegance for Your Bedroom.,"A premier enterprise specializing in high-quality, durable bedroom furniture that blends timeless design with modern functional requirements.","BALAJI FURNITURE is a trusted name in interior furnishings, dedicated to creating sophisticated bedroom spaces. From ergonomically designed beds and bed frames to elegant wardrobes and dressing tables, our products are built with a focus on superior craftsmanship and long-lasting durability. As a key supplier we provide B2B partners and customers with reliable, aesthetic, and customizable furniture solutions, ensuring that every piece elevates the comfort and style of the home.","To be the preferred partner for premium bedroom furniture, consistently delivering innovative, comfortable, and durable designs that improve the quality of living.",Premium Quality Materials,"58/P, KAILASH BOSE STREET, CHALTA BAGAN",KOLKATA,West Bengal,India,700006.0,
Elegant & Functional Aesthetics,,,,,,,,,,,,,,,
Robust & Durable Construction,,,,,,,,,,,,,,,
Tailored Customization Options,1,,,,,,,,,,,,,,
0A07EBD6-3621-4280-BCD4-3F70F25B44E3,Herbal heritage,2CDD880E-4B05-4FBB-A998-32243F874655,"<p>Manufacturers of nutraceuticals, drugs, Cosmetic, Food supplements &amp; Ayurvedic products</p><p><br></p><h3><strong>Welcome to Herbal Heritage</strong></h3><p>We are high quality manufacturers of nutraceuticals, drugs, Cosmetic, Food supplements &amp; Ayurvedic products.</p><p>Our team of experts is committed to provide high quality products at reasonable price with timely delivery.</p><p><br></p><p><strong><u>Explore our diverse product categories of</u></strong></p><p><strong> Syrup</strong></p><p><strong> Capsule </strong></p><p><strong> Tablet</strong></p><p><strong> Juice</strong></p><p><strong> Powder</strong></p><p><strong> Drop</strong></p><p><strong> Cosmetic</strong></p><p><strong> Injectable (dry &amp; liquid)</strong></p><p><strong> Soft gel capsule</strong></p><p><br></p><h3>Heritage Herbal is one stop solution for best in class manufacturing with no compromise on quality</h3>",herbal-heritage-karnal,,,,,,"439, Sector-3 extension, HSIIDC",KARNAL,Haryana,India,132001.0,
2317F6F9-D222-480E-A6C4-3F78C163CF49,Asian Tech,3051D591-D281-4FAD-874F-74E90C28E66F,"<h3><strong>Precision-Engineered Pumping Solutions: A B2B Manufacturing Leader in Haryana</strong></h3><p>We are a leading manufacturer and supplier of high-quality fluid management systems and industrial motors, headquartered in the industrial hub of Karnal, Haryana. Specializing exclusively in B2B partnerships, we deliver robust, reliable, and high-efficiency solutions designed to meet the rigorous demands of agricultural, industrial, and commercial applications.</p><p>Our commitment to engineering excellence and stringent quality control has established us as a trusted partner across India and in global markets.</p><p><br></p><p><strong><u>Our Core Product Portfolio</u></strong></p><p>Our product lines include:</p><ol><li data-list=""bullet""><span class=""ql-ui"" contenteditable=""false""></span><strong>Submersible Pumps:</strong> Hermetically sealed, energy-efficient pumps designed for deep well applications, ensuring reliable water extraction with minimal maintenance.</li><li data-list=""bullet""><span class=""ql-ui"" contenteditable=""false""></span><strong>Monoblock Pumps:</strong> Compact, self-priming units ideal for domestic and light industrial use, offering powerful performance and ease of installation.</li><li data-list=""bullet""><span class=""ql-ui"" contenteditable=""false""></span><strong>Induction Motors:</strong> High-efficiency electric motors designed as per IS-325 standards for industrial purposes and IS-7538 for agricultural applications, built for longevity and consistent power delivery.</li><li data-list=""bullet""><span class=""ql-ui"" contenteditable=""false""></span><strong>Submersible Pump Control Units:</strong> Advanced control panels and units that offer essential protection and seamless operation for our pumping systems.</li></ol><p><br></p><p>Reach out to us for dealership and B2B Business.</p>",asian-tech-karnal,,,,,,"PLOT 58-B, SECTOR 3, HSIDC KARNAL",KARNAL,Haryana,India,132001.0,
329EE795-EE39-47E6-956E-407E97D445EA,CRYSTAL SANITARY EMPORIUM,19437D1E-8B4E-4511-ADDA-2831844CCFD6,"<h2><strong><em>CRYSTAL SANITARY EMPORIUM</em></strong></h2><p><br></p><p><strong><em>CRYSTAL SANITARY EMPORIUM</em></strong><em> is a trusted name in the field of </em><strong><em>Wash Basins, Sanitaryware &amp; Fittings</em></strong><em>, offering stylish, durable, and high-quality bathroom solutions for residential and commercial spaces. We are committed to enhancing modern bathrooms with elegant designs, superior functionality, and long-lasting performance.</em></p><p><br></p><h2><strong><em>Our Product Range</em></strong></h2><p><em>Designer Wash Basins</em></p><p><em>Countertop &amp; Wall-Mounted Basins</em></p><p><em>Water Closets (WC)</em></p><p><em>Urinals</em></p><p><em>Bathroom Fittings &amp; Accessories</em></p><p><br></p><h2><strong><em>Why Choose CRYSTAL SANITARY EMPORIUM?</em></strong></h2><p><em>✔ Premium Quality Sanitary Products</em></p><p><em> ✔ Modern &amp; Elegant Designs</em></p><p><em> ✔ Durable &amp; Water-Efficient Solutions</em></p><p><br></p><h2><strong><em>Quality Assurance</em></strong></h2><p><em>At CRYSTAL SANITARY EMPORIUM, all products are sourced and supplied with strict quality checks to ensure durability, smooth finish, leak-proof fittings, and long-term reliability. We aim to deliver products that meet industry standards and exceed customer expectations.</em></p><p><br></p><h2><strong><em>Our Vision</em></strong></h2><p><em>To become a preferred destination for sanitaryware and bathroom fittings by offering quality products, innovative designs, and dependable service.</em></p><p><br></p><h3><strong><em>CRYSTAL SANITARY EMPORIUM – Redefining Bathroom Elegance.</em></strong></h3>",crystal-sanitary-emporium-kolkata,,,,,,"6/C/48, MUKUNDAPUR MAIN ROAD, KOLKATA",KOLKATA,West Bengal,India,700099.0,
A4F3A941-D731-4C48-A83A-40CC738F5ED0,Mihaana Personal and Skincare,9DF97E0E-812B-43AC-8B42-2387DE3FCE34,,mihaana-personal-and-skincare-ayurvedic-medicinal-herbs-club-house-bengaluru-urban,Mihaana a name for natural care and love,Based on 5000 Years ayurveda ,Mihaana core focus is in baby care products,To give healthy and nourished growth to babies,If you are looking for Pure for your Pure once then Mihaana is a name for you,"2nd Floor, 203 M, Whitefield, Club House, ECC Road, Bengaluru",BENGALURU URBAN,Karnataka,India,560066.0,Club House
5A7C06F9-FCE3-4649-961C-40EC457DAC03,ASHISH TUBE ENTERPRISE,5BF910EE-0B36-47B8-92A3-BD9A0A10F9C6,<h3><strong>ASHISH&nbsp;TUBE&nbsp;ENTERPRISE&nbsp;continues&nbsp;to&nbsp;be&nbsp;a&nbsp;preferred&nbsp;supplier&nbsp;of&nbsp;steel&nbsp;and&nbsp;alloy&nbsp;steel&nbsp;pipes&nbsp;and&nbsp;tubes&nbsp;across&nbsp;industries.</strong></h3><p></p><p></p><p></p>,ashish-tube-enterprise-steel-pipes-and-tubes-kolkata,Quality Steel & Alloy Steel Pipes for Industrial Excellence,"Trusted supplier of steel pipes, alloy steel pipes, seamless pipes, welded pipes, and industrial tube solutions.","ASHISH TUBE ENTERPRISE is a reliable supplier and distributor of steel pipes and tubes, specializing in alloy steel pipes. We offer seamless, welded, industrial, and structural pipes designed for strength, durability, and performance, serving construction, infrastructure, engineering, manufacturing, and industrial sectors.",To be a preferred supplier of quality steel pipe and tube solutions.,High-Quality Certified Products,"50/1, NIRMAL CHANDRA STREET, KOLKATA",KOLKATA,West Bengal,India,700012.0,
Wide Range of Grades & Sizes,,,,,,,,,,,,,,,
Reliable Supply & Availability,,,,,,,,,,,,,,,
Competitive Market Pricing,1,,,,,,,,,,,,,,
B09C1546-818B-4804-9ACB-41157D443319,GLASS ARENA INDIA PRIVATE LIMITED,C1D3A25E-C396-42BF-A85C-A00029D6C1EA,"<p><strong>GLASS&nbsp;ARENA&nbsp;INDIA&nbsp;PRIVATE&nbsp;LIMITED&nbsp;continues&nbsp;to&nbsp;be&nbsp;a&nbsp;preferred&nbsp;partner&nbsp;for&nbsp;stained,&nbsp;etched,&nbsp;toughened,&nbsp;and&nbsp;laminated&nbsp;glass&nbsp;solutions&nbsp;across&nbsp;India.</strong></p><p></p>",glass-arena-india-private-limited-stained-etched-toughened-laminated-glass-karnal,Premium Architectural & Decorative Glass Solutions for Modern Spaces,"Specialists in decorative, toughened, and processed glass solutions for residential, commercial, and industrial projects.","GLASS ARENA INDIA PRIVATE LIMITED is a leading provider of architectural and decorative glass solutions. We offer stained glass, etched glass, toughened (tempered) glass, laminated glass, and customized processed glass products that combine safety, aesthetics, durability, and innovation for modern construction and interior applications.","To transform spaces through innovative, safe, and aesthetically superior glass solutions.",Premium Quality Glass Products,"KHEWAT NO-86, NEAR GOVT HIGH SCHOOL, KHAITHAL ROAD, Shahpur",KARNAL,Haryana,India,132024.0,
Precision Processing Technology,,,,,,,,,,,,,,,
Decorative & Safety Glass Expertise,,,,,,,,,,,,,,,
Customized Project Solutions,1,,,,,,,,,,,,,,
196A25E1-812A-48FE-8FB4-4142FEACE0B8,TRIUMPH,3F8F54E3-F1B4-43E2-8E6B-75DA0514ED2E,"<h2><strong><em>TRIUMPH</em></strong></h2><p><br></p><p><strong><em>TRIUMPH</em></strong><em> is a trusted provider of advanced </em><strong><em>LED, LCD, Smart TVs and Home Theatre Systems</em></strong><em>, delivering cutting-edge entertainment solutions for homes and commercial spaces. We combine innovative technology, superior picture clarity, and immersive sound systems to transform your viewing experience.</em></p><p><br></p><h2><strong><em>Our Product Range</em></strong></h2><p><em>We offer a wide selection of electronic entertainment products, including:</em></p><p><strong><em>LED TVs (HD, Full HD, 4K UHD)</em></strong></p><p><strong><em>LCD Televisions</em></strong></p><p><strong><em>Smart Android TVs with Wi-Fi &amp; App Support</em></strong></p><p><strong><em>Ultra Slim &amp; Wall-Mounted TV Models</em></strong></p><p><br></p><h2><strong>Why Choose TRIUMPH</strong></h2><p><em>✔ Crystal clear picture quality</em></p><p><em>✔ Powerful surround sound systems</em></p><p><em>✔ Smart connectivity &amp; streaming support</em></p><p><em>✔ Energy-efficient technology</em></p><p><br></p><h2><strong><em>Quality Assurance</em></strong></h2><p><em>At </em><strong><em>TRIUMPH</em></strong><em>, quality and performance are our priorities.</em></p><p><em>High-resolution display panels</em></p><p><em>Advanced audio technology</em></p><p><br></p><p><strong><em>TRIUMPH</em></strong><em> stands for innovation, performance, and excellence in </em><strong><em>LED, LCD, Smart TVs and Home Theatre Systems</em></strong><em>. Whether upgrading your living room or setting up a complete home theatre, we provide dependable solutions for immersive entertainment.</em></p><p><br></p><p><br></p><p><br></p><p><br></p><p><br></p>",triumph-s.n.roy-road-kolkata.-kolkata,,,,,,"5, S.N ROY ROAD, KOLKATA",KOLKATA,West Bengal,India,700034.0,S.N.Roy Road Kolkata.
1D01F2C4-3392-4566-BD56-41672DAD6378,APOSTROPHE CONSULTANTS,E99ECBB3-DBD8-4891-81EB-FBCBC0CDE99C,"<h3><strong><em><u>APOSTROPHE CONSULTANTS</u></em></strong></h3><p><strong>APOSTROPHE CONSULTANTS is a design-focused firm specializing in Bedroom Furniture Solutions that combine comfort, functionality, and refined aesthetics. With a deep understanding of space planning and modern lifestyle requirements, we deliver furniture solutions that enhance both form and utility.</strong></p><p><br></p><h4><strong><em><u>OUR PRODUCT &amp; SOLUTION RANGE</u></em></strong></h4><p><strong>Our curated range of Bedroom Furniture includes:</strong></p><p>Designer Beds &amp; Bed Frames</p><p>Wardrobes &amp; Storage Solutions</p><p>Dressing Tables &amp; Bedside Units</p><p><br></p><h4><strong><em><u>WHY CHOOSE APOSTROPHE CONSULTANTS</u></em></strong></h4><p>✔ Design-Led &amp; Functional Solutions</p><p>✔ Premium Materials &amp; Craftsmanship</p><p>✔ Customized Furniture as per Client Needs</p><p><br></p><h4><strong><em><u>QUALITY &amp; DESIGN ASSURANCE</u></em></strong></h4><p><strong>Every product is designed and executed with strict quality control, ensuring structural strength, superior finish, and long-term performance.</strong></p><p><br></p><p><strong>With a strong emphasis on design excellence and quality, APOSTROPHE CONSULTANTS continues to be a trusted partner for premium bedroom furniture solutions.</strong></p><p><br></p><p><br></p><p><br></p>",apostrophe-consultants-kolkata,,,,,,"1ST, 143, RABINDRA PALLY, KOLKATA",KOLKATA,West Bengal,India,700101.0,
3C381EAB-A87F-4C7D-BA89-419ADD72C68C,GANPATI PLY SALES,CB75BB67-B63F-4592-BDB6-3D904DCA3F86,"<h3><strong>&nbsp;GANPATI&nbsp;PLY&nbsp;SALES&nbsp;continues&nbsp;to&nbsp;be&nbsp;a&nbsp;preferred&nbsp;destination&nbsp;for&nbsp;wood,&nbsp;plywood,&nbsp;veneer,&nbsp;and&nbsp;laminate&nbsp;solutions.</strong></h3><p></p><p></p>",ganpati-ply-sales-wood-plywood-veneer-laminates-kolkata,"Premium Wood, Plywood & Interior Solutions Built on Quality and Trust","Trusted supplier of wood, plywood, veneers, and laminates for furniture, interior, and construction projects.","GANPATI PLY SALES is a trusted supplier of premium wood, plywood, veneers, and laminates. Serving furniture manufacturers, interior designers, contractors, and retailers, we provide durable, termite-resistant, and quality-assured materials for residential, commercial, and construction projects.",To be a preferred supplier of quality wood and interior material solutions.,Premium Quality Wood Products,"49B, CHITTARANJAN AVENUE, Kolkata",KOLKATA,West Bengal,India,700012.0,
Trusted Brands & Reliable Materials,,,,,,,,,,,,,,,
Wide Range of Designs & Sizes,,,,,,,,,,,,,,,
Durable & Termite-Resistant Products,1,,,,,,,,,,,,,,
13062B5C-A2E4-4C26-8052-41C92061D1B4,M L ROY & CO.,19437D1E-8B4E-4511-ADDA-2831844CCFD6,"<h2><strong><em>M L ROY &amp; CO.</em></strong></h2><p><strong><em>Wash Basins, Sanitaryware &amp; Fittings | Toilet Fittings</em></strong></p><p><strong><em>M L ROY &amp; CO.</em></strong><em> is a trusted supplier of premium-quality </em><strong><em>Wash Basins, Sanitaryware, and Toilet Fittings</em></strong><em>, offering stylish and durable bathroom solutions for residential, commercial, and institutional projects. With a strong commitment to quality and customer satisfaction, we provide products that combine modern design with reliable performance.</em></p><p><br></p><h2><strong><em>Product Range</em></strong></h2><p><em>We offer a comprehensive range of bathroom solutions, including:</em></p><p><em>Ceramic Wash Basins</em></p><p><em>Table Top &amp; Wall Hung Basins</em></p><p><em>One Piece &amp; Two Piece Toilets</em></p><p><em>Western &amp; Indian Toilet Fittings</em></p><p><em>Bathroom Faucets &amp; Taps</em></p><p><br></p><h2><em>Why Choose Us</em></h2><p><em>✔ Premium Quality Products</em></p><p><em> ✔ Wide Variety of Designs</em></p><p><em> ✔ Durable &amp; Reliable Materials</em></p><p><em> ✔ Competitive Pricing</em></p><p><br></p><h2><strong><em>Quality Assurance</em></strong></h2><p><em>At </em><strong><em>M L ROY &amp; CO.</em></strong><em>, quality is our top priority. Our products undergo:</em></p><p><em>Strength and durability testing</em></p><p><em>Surface finish inspection</em></p><p><em>Leak and pressure testing</em></p><p><br></p><p><strong><em>M L ROY &amp; CO.</em></strong><em> continues to provide dependable and stylish sanitaryware and toilet fittings that enhance comfort and performance. With a focus on quality and service excellence, we remain a preferred choice for bathroom solutions.</em></p><p><br></p><h3><em>Elegant Designs. Reliable Performance. Trusted Quality.</em></h3><p><br></p><p><br></p>",m-l-roy-&-co.-kolkata,,,,,,"BE-104,SECTOR-1, SALT LAKE CITY, BIDHANNAGAR",KOLKATA,West Bengal,India,700064.0,
94D88A3C-14C9-4205-8713-4307CF5B928A,ALL TIME SOLUTIONS,25DA2785-F824-4C17-877A-3A80DC04776A,"<h2><strong><em>ALL TIME SOLUTIONS</em></strong></h2><p><strong><em>Router, Cables &amp; Networking Devices | Networking Devices &amp; Equipment</em></strong></p><p><strong><em>ALL TIME SOLUTIONS</em></strong><em> is a reliable provider of advanced </em><strong><em>Networking Devices, Routers, and Connectivity Equipment</em></strong><em>, delivering high-performance solutions for homes, offices, and industrial environments. With a focus on technology, quality, and customer satisfaction, we ensure seamless communication and stable network infrastructure.</em></p><p><br></p><h2><strong><em>Product Range</em></strong></h2><p><em>We offer a comprehensive selection of networking equipment including:</em></p><p><em>Wi-Fi Routers</em></p><p><em>Broadband &amp; Enterprise Routers</em></p><p><em>Network Switches</em></p><p><em>LAN &amp; Ethernet Cables</em></p><p><em>Fiber Optic Cables</em></p><p><br></p><h2><strong><em>Why Choose Us</em></strong></h2><p><em>✔ High-Performance Networking Solutions</em></p><p><em> ✔ Quality-Tested &amp; Reliable Products</em></p><p><em> ✔ Competitive Pricing</em></p><p><em> ✔ Prompt Delivery</em></p><p><br></p><h2><strong><em>Quality Assurance</em></strong></h2><p><em>At </em><strong><em>ALL TIME SOLUTIONS</em></strong><em>, quality is our priority. Our products undergo:</em></p><p><em>Performance and speed testing</em></p><p><em>Signal strength verification</em></p><p><br></p><p><strong><em>ALL TIME SOLUTIONS</em></strong><em> continues to empower businesses and individuals with reliable and high-speed networking devices. With a strong focus on performance and service excellence, we remain committed to building strong and lasting connections.</em></p><p><br></p><h3><em>Connecting Technology. Powering Communication. Delivering Reliability.</em></h3><p><br></p><p><br></p><p><br></p>",all-time-solutions-kolkata,,,,,,"GROUND FLOOR, 24, PARK STREET, PARK STREET",KOLKATA ,West Bengal,India,700016.0,
4A1F4D92-A6ED-4B58-9A45-43482FFF4009,VIJ ENGINEERING INDUSTRIES,EF692173-01C9-4819-8808-D8452858AA8D,"<p>Manufacturer and Supplier of Electrical Switches &amp; Switch Boxes</p><p><br></p><h3><em>VIJ ENGINEERING INDUSTRIES</em></h3><p><strong>VIJ ENGINEERING INDUSTRIES is a trusted manufacturer and supplier of Electrical Switches &amp; Switch Boxes, delivering products that combine safety, durability, and modern design. With strong engineering capabilities and quality-driven processes, we cater to residential, commercial, and industrial electrical applications.</strong></p><p><strong>Our solutions are designed to meet everyday electrical needs with reliable performance and long service life.</strong></p><p><br></p><h4><strong>OUR PRODUCT RANGE</strong></h4><p><strong>We offer a comprehensive range of Electrical Switching Solutions, including:</strong></p><p>Electrical Switches</p><p>Switch Boxes &amp; Modular Plates</p><p>Surface &amp; Concealed Switch Boxes</p><p><br></p><h4><strong>WHY CHOOSE VIJ ENGINEERING INDUSTRIES</strong></h4><p>✔ High-Quality &amp; Safe Electrical Products</p><p>✔ Durable &amp; Heat-Resistant Materials</p><p>✔ Precision Engineering &amp; Reliable Performance</p><p><br></p><h4><strong>QUALITY &amp; SAFETY ASSURANCE</strong></h4><p><strong>Quality and safety are at the core of our operations. Each switch and switch box undergoes strict checks for electrical safety, material strength, and operational reliability.</strong></p><p><br></p><p><strong>With a strong foundation in engineering excellence and product reliability, VIJ ENGINEERING INDUSTRIES continues to be a preferred choice for switches and switch box solutions.</strong></p>",vij-engineering-industries-karnal,,,,,,"149, SECTOR-3 HSIIDC, KARNAL",KARNAL,Haryana,India,132001.0,
CDE9D210-D0C1-4295-BBE7-43E9BE58FF8F,ASHAPURA LIGHTS LLP,00306CCA-2DE3-4FDA-866D-178EDD222D50,<h2><strong><em>ASHAPURA&nbsp;LIGHTS&nbsp;LLP&nbsp;–&nbsp;Lighting&nbsp;the&nbsp;Future&nbsp;with&nbsp;Efficiency&nbsp;&amp;&nbsp;Style.</em></strong></h2>,ashapura-lights-llp-led-lights-bulb-rechargeable-indoor-lights-lighting-accessories-dahisar-west,"Precision LED Lighting: Industrial, Commercial & Residential","Premium manufacturer of energy-efficient LED lighting and industrial accessories, dedicated to durable and sustainable illumination.","ASHAPURA LIGHTS LLP provides high-performance LED lighting solutions designed for longevity and energy efficiency. Our portfolio ranges from high-lumen industrial panel lights to aesthetic residential fixtures. As a verified manufacturer, we support B2B partners with scalable supplies, rigorous quality control, and cutting-edge lighting technology built to meet modern architectural standards.",To redefine illumination through sustainable innovation and high-efficiency lighting engineering.,Verified B2B LED Manufacturer on BONC Network,"B-505, KANDERPADA, DAHISAR WEST",DAHISAR WEST,Maharashtra,India,400068.0,
Energy-Efficient Technology for Lower Operational Costs,,,,,,,,,,,,,,,
High-Lumen Output with Extended Product Lifespan,,,,,,,,,,,,,,,
"Robust Testing: Safety, Durability & Performance",1,,,,,,,,,,,,,,
5EB559A5-6C60-43EB-AD99-445FAE9D48A2,MAA SATYA MERCHANTS PVT. LTD.,19437D1E-8B4E-4511-ADDA-2831844CCFD6,"<h2><strong><em>MAA SATYA MERCHANTS PVT. LTD.</em></strong></h2><p><br></p><p><strong><em>MAA SATYA MERCHANTS PVT. LTD.</em></strong><em> is a reputed supplier and distributor of premium </em><strong><em>Wash Basins, Sanitaryware &amp; Fittings</em></strong><em>. We provide high-quality bathroom solutions that combine modern design, durability, and functionality. Our products are ideal for residential homes, commercial buildings, hotels, institutions, and real estate projects.</em></p><p><br></p><h3><strong><em><u>Our Product Range</u></em></strong></h3><p><br></p><p><em>We offer a comprehensive range of sanitary ware products, including:</em></p><p><strong><em>Ceramic Wash Basins (Wall Mounted, Countertop, Pedestal)</em></strong></p><p><strong><em>Table Top &amp; Designer Basins</em></strong></p><p><strong><em>Water Closets (Indian &amp; Western Toilets)</em></strong></p><p><br></p><h3><strong><em><u>Why Choose Us</u></em></strong></h3><p><br></p><p><em>✔ Premium quality sanitary ware</em></p><p><em>✔ Elegant and modern designs</em></p><p><em>✔ Durable and long-lasting products</em></p><p><br></p><h3><strong><em><u>Quality Assurance</u></em></strong></h3><p><br></p><p><em>At </em><strong><em>MAA SATYA MERCHANTS PVT. LTD.</em></strong><em>, quality is our priority.</em></p><p><em>Use of high-grade ceramic materials</em></p><p><em>Smooth glaze finishing for easy cleaning</em></p><p><br></p><p><strong><em>MAA SATYA MERCHANTS PVT. LTD.</em></strong><em> is committed to delivering superior quality </em><strong><em>Wash Basins, Sanitaryware &amp; Fittings</em></strong><em> that redefine comfort and elegance. Whether for residential or commercial projects, we provide reliable products that enhance bathroom spaces with style and functionality.</em></p><p><br></p><p><br></p><p><br></p><p><br></p><p><br></p><p><br></p>",maa-satya-merchants-pvt.-ltd.-kolkata,,,,,,"3RD, 1B, RAJA SUBODH MULLICK SQ., KOLKATA",KOLKATA,West Bengal,India,700013.0,
BC9A89AA-ADE7-4B0E-9CE0-44B4F017FED2,SARKAR TIMBER,CB75BB67-B63F-4592-BDB6-3D904DCA3F86,"<h1><strong>SARKAR&nbsp;TIMBER&nbsp;continues&nbsp;to&nbsp;be&nbsp;a&nbsp;preferred&nbsp;destination&nbsp;for&nbsp;wood,&nbsp;plywood,&nbsp;veneer,&nbsp;and&nbsp;laminate&nbsp;solutions.</strong></h1><p></p><p></p><p></p>",sarkar-timber-wood-plywood-veneer-laminates-kolkata,Premium Timber & Interior Solutions Built on Quality and Trust,"Trusted supplier of wood, plywood, veneers, and laminates for furniture, interior, and construction projects.","SARKAR TIMBER is a reliable supplier of premium wood, plywood, veneers, and laminates. Serving furniture manufacturers, interior designers, contractors, and retailers, we offer durable, quality-tested materials for residential and commercial projects with a focus on performance and aesthetics.",To be a trusted leader in quality timber and interior material solutions.,Premium Quality Timber Products,"93, JESSORE ROAD, KOLKATA",KOLKATA,West Bengal,India,700081.0,
Wide Range of Designs & Grades,,,,,,,,,,,,,,,
Durable & Termite-Resistant Materials,,,,,,,,,,,,,,,
Trusted Industry Experience,1,,,,,,,,,,,,,,
314D48B7-6184-412D-B2F9-450463E0305C,SINCLAIR ABBOTT & CO PVT.LTD.,289238C3-864C-4161-8BCC-C244E501DA03,"<h3><strong>QUALITY&nbsp;&amp;&nbsp;INNOVATION</strong></h3><p>Quality&nbsp;is&nbsp;central&nbsp;to&nbsp;our&nbsp;operations.&nbsp;Each&nbsp;product&nbsp;undergoes&nbsp;strict&nbsp;quality&nbsp;control&nbsp;to&nbsp;ensure&nbsp;color&nbsp;consistency,&nbsp;coverage&nbsp;efficiency,&nbsp;surface&nbsp;protection,&nbsp;and&nbsp;durability.</p><p>With&nbsp;a&nbsp;strong&nbsp;reputation&nbsp;built&nbsp;on&nbsp;quality,&nbsp;trust,&nbsp;and&nbsp;performance,&nbsp;SINCLAIR&nbsp;ABBOTT&nbsp;&amp;&nbsp;CO.&nbsp;PVT.&nbsp;LTD.&nbsp;continues&nbsp;to&nbsp;be&nbsp;a&nbsp;preferred&nbsp;name&nbsp;in&nbsp;paints,&nbsp;wall&nbsp;putty,&nbsp;and&nbsp;varnish&nbsp;solutions.</p><p></p><p>#paintmanufacturerIndia&nbsp;#wallputtysupplier&nbsp;#varnishmanufacturer&nbsp;#decorativepaintcompany&nbsp;#industrialpaintsupplier&nbsp;#surfacecoatingsolutions&nbsp;#exteriorpaintsupplier&nbsp;#woodvarnishIndia&nbsp;#bulkpaintsupply</p><p></p><p></p><ul><li></li></ul>",sinclair-abbott-co-pvtltd-paints-wall-putty-varnishes-barabajar-kolkata-kolkata,"Premium Paints, Wall Putty & Varnishes — Built to Last, Made to Impress","Leading manufacturers & suppliers of premium paints, wall putty & varnishes in India. Trusted for quality, durability & superior surface finish.","Sinclair Abbott & Co. Pvt. Ltd. is a leading manufacturer and supplier of high-quality Paints, Wall Putty, and Varnishes in India. We specialize in Decorative Paints, Industrial Paints, Exterior & Interior Wall Putty, and Wood & Metal Varnishes — delivering surface coating solutions that combine superior protection, smooth finish, and long-lasting durability.",,,"22, RAJA WOODMUNT STREET, KOLKATA",KOLKATA,West Bengal,India,700001.0,"Barabajar ,kolkata "
"Our products are trusted by builders, contractors, architects, interior designers, and homeowners across India for consistent color, excellent coverage, and outstanding performance on all surfaces. Whether you're looking for weather-resistant exterior paint, a smooth wall putty base coat, or a high-gloss wood varnish — Sinclair Abbott & Co. delivers coating solutions engineered for results.",,,,,,,,,,,,,,,
"With strict in-house quality control at every stage of manufacturing, we ensure every batch meets the highest standards of color consistency, adhesion, surface protection, and finish quality — making us a preferred paint manufacturer and varnish supplier across residential, commercial, and industrial projects.",,,,,,,,,,,,,,,
"Connect with us on BONC Network to explore dealership, distribution, bulk supply, and project partnership opportunities.","To be India's most trusted manufacturer and supplier of paints, wall putty, and surface coating solutions — recognized for innovation, quality, and delivering superior finishing products that protect and beautify every surface, across every segment.",,,,,,,,,,,,,,
✔ Complete Surface Coating Solutions Under One Brand,,,,,,,,,,,,,,,
✔ Superior Quality with Strict QC Standards,,,,,,,,,,,,,,,
"✔ Long-Lasting, Weather-Resistant Formulations",,,,,,,,,,,,,,,
"✔ Preferred by Builders, Contractors & Architects",,,,,,,,,,,,,,,
"✔ Wide Range of Colors, Variants & Applications",1,,,,,,,,,,,,,,
7AB39020-D832-4450-A3FE-4508298640E6,GroopGo,87DF8D3F-F166-4C5B-B255-5B78B2033A1B,"<p><strong>GroopGo&nbsp;stands&nbsp;as&nbsp;a&nbsp;dependable&nbsp;partner&nbsp;for&nbsp;Laptops,&nbsp;PCs,&nbsp;Mainframes&nbsp;&amp;&nbsp;Desktop&nbsp;Computers.&nbsp;We&nbsp;aim&nbsp;to&nbsp;empower&nbsp;individuals&nbsp;and&nbsp;businesses&nbsp;with&nbsp;advanced&nbsp;computing&nbsp;solutions&nbsp;that&nbsp;drive&nbsp;growth&nbsp;and&nbsp;productivity.</strong></p>",groopgo-laptops-pc-mainframes-computers-hambran-road-ludhiana,"Advanced Computing Solutions for Business, Education & Everyday Performance","Supplier of laptops, desktop computers, workstations, and computing solutions for businesses and individuals.","GroopGo is a technology-focused company specializing in laptops, desktop computers, business PCs, gaming systems, and workstations. We provide reliable, high-performance computing solutions designed to enhance productivity, efficiency, and digital transformation for businesses, institutions, professionals, and individual users",To be a trusted provider of innovative and reliable computing solutions.,Latest Technology Solutions,"KHASRA NO. 20//6/2-7/1-17-25-12/1-13-14, KHATA NO. 18/18, HAMBRAN  ROAD, VILLAGE JAINPUR, Ludhiana",LUDHIANA,Punjab,India,141011.0,HAMBRAN  ROAD
High-Performance Computing Systems,,,,,,,,,,,,,,,
Custom-Built PC Configurations,,,,,,,,,,,,,,,
Reliable Hardware Components,1,,,,,,,,,,,,,,
925FEA8E-15B7-45EE-82C3-452B89A54D86,VISION ELECTRONIC,FE8BD11F-2152-450D-A5D9-D7FA9E840B0F,"<h3><em>VISION ELECTRONIC</em></h3><p><strong>VISION ELECTRONIC is a reputed and trusted name in the field of CCTV, Drones, Surveillance Systems, and Security Parts. Known for reliability, technical expertise, and customer confidence, we deliver advanced surveillance solutions that enhance safety, monitoring, and control across residential, commercial, and industrial environments.</strong></p><p><br></p><h4><strong>OUR PRODUCT &amp; SOLUTION RANGE</strong></h4><p><strong>We offer a comprehensive range of Security &amp; Surveillance Solutions, including:</strong></p><p>CCTV Cameras &amp; Complete Surveillance Systems</p><p>Advanced Security Drones</p><p>Surveillance System Parts &amp; Accessories</p><p><br></p><h4><strong>OUR REPUTATION &amp; TRUST</strong></h4><p>✔ Known for <strong>Quality &amp; Reliability</strong></p><p>✔ Trusted by Clients for <strong>Genuine Products</strong></p><p>✔ Recognized for <strong>Technical Support &amp; Service</strong></p><p><br></p><h4><strong>WHY CHOOSE VISION ELECTRONIC</strong></h4><p>✔ Advanced &amp; Latest Security Technology</p><p>✔ Professional Installation &amp; Support</p><p>✔ Durable &amp; High-Performance Products</p><p><br></p><p><strong>With a strong reputation for trust, quality, and service excellence, VISION ELECTRONIC continues to be a preferred partner for CCTV, drone, and surveillance system solutions.</strong></p><p><br></p><p><br></p><p><br></p><p><br></p>",vision-electronic-near-sabir-hotel-kolkata,,,,,,"0, CHANDNEY CHAWK STREET, KOLKATA",KOLKATA,West Bengal,India,700072.0,Near Sabir Hotel
1AAB24EF-48B7-419D-88EA-457273D9572B,MAA TARA UDYOG,5EBA401F-19AC-48E2-B217-2FC7D5ECE750,"<p><strong>Deals&nbsp;in&nbsp;Engine&nbsp;Water&nbsp;Pump,&nbsp;Electric&nbsp;&nbsp;Water&nbsp;Pump,&nbsp;Concrete&nbsp;Vibrator,&nbsp;Welding&nbsp;Machine&nbsp;Battery&nbsp;sprayer&nbsp;Air&nbsp;Compressor&nbsp;&nbsp;Etc.....&nbsp;</strong></p>",maa-tara-udyog-irrigation-and-harvesting-equipments-machines-barabajar-kolkata-kolkata-barabajar,Industrial & Agriculture Machinery &Spares,MAA TARA UDYOG DEALS WITH INDUSTRIAL &AGRICULTURAL  MACHINERY & SAPARES,,,,"GR FLR, 220, BIDHAN SARANI, AMHERSTSTREET, Barabajar  Kolkata. ","KOLKATA,  BARABAJAR ",West Bengal,India,700006.0,"Barabajar , Kolkata "
643141CD-B267-4CBF-B1D9-4599306F9E2E,VIHD LED,00306CCA-2DE3-4FDA-866D-178EDD222D50,"<p><strong>VIHD&nbsp;LED&nbsp;is&nbsp;a&nbsp;trusted&nbsp;and&nbsp;quality-driven&nbsp;brand&nbsp;specializing&nbsp;in&nbsp;LED&nbsp;Lights,&nbsp;Bulbs,&nbsp;Rechargeable&nbsp;Lighting&nbsp;Solutions,&nbsp;Indoor&nbsp;Lights&nbsp;&amp;&nbsp;Lighting&nbsp;Accessories.&nbsp;We&nbsp;are&nbsp;committed&nbsp;to&nbsp;providing&nbsp;energy-efficient,&nbsp;durable,&nbsp;and&nbsp;innovative&nbsp;lighting&nbsp;products&nbsp;designed&nbsp;to&nbsp;meet&nbsp;modern&nbsp;residential,&nbsp;commercial,&nbsp;and&nbsp;industrial&nbsp;needs.</strong></p>",vihd-led-led-lights-bulb-rechargeable-indoor-lights-lighting-accessories-fatehwadi-village-ahmedabad," Smart, Energy-Efficient LED Lighting for Every Space","Trusted manufacturer and supplier of LED lights, bulbs, rechargeable lights, and energy-saving lighting solutions.","VIHD LED is a quality-driven lighting brand offering LED bulbs, rechargeable lights, panel lights, tube lights, and lighting accessories. Our products are designed for superior brightness, energy efficiency, durability, and long-lasting performance, serving residential, commercial, and industrial lighting requirements.",To lead the future of sustainable and energy-efficient LED lighting solutions.,Energy-Efficient Lighting Solutions,"FF-1 SWAMINARAYAN ESTATE, GODOWN NO-02/A3.SWAMINARAYAN ESTATE, Fatehwadi Village, UJALAL CERCLE, SARKHEJ- BAVLA ROAD, AHMEDABAD",AHMEDABAD,Gujarat,India,382210.0,Fatehwadi Village
Long Product Lifespan,,,,,,,,,,,,,,,
High Brightness Performance,,,,,,,,,,,,,,,
Low Power Consumption,1,,,,,,,,,,,,,,
D43F24BA-1562-43A3-A8CF-4633334DD7D1,KAMLA PLY CENTRE,CB75BB67-B63F-4592-BDB6-3D904DCA3F86,"<h3><strong>KAMLA&nbsp;PLY&nbsp;CENTRE&nbsp;continues&nbsp;to&nbsp;be&nbsp;a&nbsp;preferred&nbsp;destination&nbsp;for&nbsp;wood,&nbsp;plywood,&nbsp;veneer,&nbsp;and&nbsp;laminate&nbsp;solutions.</strong></h3><p></p><p></p>",kamla-ply-centre-wood-plywood-veneer-laminates-near-behala-chowrasta-kolkata-kolkata,"Premium Plywood, Veneer & Laminate Solutions","Leading supplier of high-grade wood, plywood, and decorative laminates. Trusted partner for architects, contractors, and furniture manufacturers.","Kamla Ply Centre specializes in the bulk supply of premium interior and furniture materials. From industrial-grade marine plywood to aesthetic decorative veneers, we provide durable, termite-resistant solutions tailored to modern architectural demands. As a verified supplier, we ensure consistent inventory quality and competitive wholesale pricing for professional builders and designers.",To be the premier supply chain partner for durable and sustainable interior materials.,Verified B2B Supplier on BONC Network,"84, HO CHI MINH SARANI, BEHALA CHOWRASTA KOLKATA",KOLKATA,West Bengal,India,700008.0,"Near Behala Chowrasta,  kolkata"
"High-Grade Plywood: Commercial, MR, BWP & Marine",,,,,,,,,,,,,,,
Extensive Collection of Decorative Veneers & Laminates,,,,,,,,,,,,,,,
"Durable, Termite-Resistant & Industry-Standard Materials",1,,,,,,,,,,,,,,
DC48378A-D686-4514-BEDE-463F6B931D0A,SHREEJI TRADERS,3AEFD1B5-B957-4347-B394-85FF5E5A29A0,"<h3><em>SHREEJI TRADERS</em></h3><p><strong>SHREEJI TRADERS is a trusted supplier of Metal Pipes &amp; Plumbing Fittings, serving residential, commercial, and industrial customers. With a commitment to quality, durability, and timely delivery, we provide solutions that meet diverse plumbing and piping requirements.</strong></p><p><strong>Our products are sourced from reputed manufacturers to ensure strength, reliability, and long-lasting performance.</strong></p><p><br></p><h4><strong>OUR PRODUCT RANGE</strong></h4><p><strong>We offer a comprehensive range of Metal Pipes &amp; Plumbing Solutions, including:</strong></p><p>Metal Pipes (Steel, Iron, and Alloy Grades)</p><p>Plumbing Fittings (Elbows, Tees, Couplings, and Flanges)</p><p>Industrial &amp; Domestic Piping Solutions</p><p><br></p><h4><strong>WHY CHOOSE SHREEJI TRADERS</strong></h4><p>✔ High-Quality, Certified Products</p><p>✔ Wide Range of Pipes &amp; Fittings</p><p>✔ Durable &amp; Corrosion-Resistant Materials</p><p>✔ Competitive Pricing</p><p><br></p><h4><strong>QUALITY ASSURANCE</strong></h4><p><strong>Quality is our priority. Each product undergoes strict checks for material strength, dimensional accuracy, and operational reliability to ensure long-term performance.</strong></p><p><br></p><p><strong>With a strong reputation for reliability and quality, SHREEJI TRADERS continues to be a preferred partner for metal pipes and plumbing solutions.</strong></p><p><br></p><p><br></p><p><br></p><p><br></p>","shreeji-traders-barabajar-,-kolkata-kolkata",,,,,,"GROUND FLOOR, 29, 40, STRAND ROAD, BURRABAZAR",KOLKATA ,West Bengal,India,700001.0,"Barabajar , Kolkata "
DC20AD3E-B5F2-4D87-8FA4-467E9BA69C1C,PRAKASH PLYWOOD & COMPANY,CB75BB67-B63F-4592-BDB6-3D904DCA3F86,"<h3><em>PRAKASH PLYWOOD &amp; COMPANY</em></h3><p><strong>PRAKASH PLYWOOD &amp; COMPANY is a trusted supplier of Wood, Plywood, Veneer &amp; Laminates, serving furniture manufacturers, interior designers, contractors, and retail customers. With a strong focus on quality, durability, and variety, we provide materials that combine functionality with aesthetic appeal.</strong></p><p><br></p><h4><strong>OUR PRODUCT RANGE</strong></h4><p><strong>We offer a wide selection of Interior &amp; Furniture Materials, including:</strong></p><p>Natural &amp; Engineered Wood</p><p>Plywood (Commercial, MR, BWP, Marine Grades)</p><p>Decorative Veneers</p><p><br></p><h4><strong>WHY CHOOSE PRAKASH PLYWOOD &amp; COMPANY</strong></h4><p>✔ Premium Quality Materials</p><p>✔ Wide Variety of Designs, Grades &amp; Sizes</p><p>✔ Durable &amp; Termite-Resistant Products</p><p>✔ Competitive Pricing</p><p><br></p><h4><strong>QUALITY ASSURANCE</strong></h4><p><strong>Quality is our top priority. Every product undergoes rigorous checks for strength, finish, moisture resistance, and durability, ensuring compliance with industry standards.</strong></p><p><br></p><p><strong>With a reputation built on trust, quality, and variety, PRAKASH PLYWOOD &amp; COMPANY continues to be a preferred destination for wood, plywood, veneer, and laminate solutions.</strong></p><p><br></p><p><br></p>","prakash-plywood-&-company-mollargate,-budjbudj-kolkata",,,,,,"B1-112/110/1,2,3, B T ROAD, P.O-SANTOSHPUR, MAHESHTALA",Kolkata ,West Bengal,India,700142.0,"Mollargate, Budjbudj "
728A642E-F576-4CF8-8440-4699611A397E,CMONI ENTERPRISES,C8CAFE76-44B1-4611-8464-0C4C2BC28C43,"<h2><strong><em>CMONI ENTERPRISES</em></strong></h2><p><br></p><p><strong><em>CMONI ENTERPRISES</em></strong><em> is a trusted supplier of </em><strong><em>Diodes &amp; Electronic Active Devices, Transistors</em></strong><em>, catering to electronics manufacturers, repair professionals, OEMs, and industrial automation sectors. We provide reliable semiconductor components designed for performance, stability, and long operational life.</em></p><p><br></p><h2><strong><em>Our Product Range</em></strong></h2><p><em>We offer a comprehensive selection of electronic active components, including:</em></p><p><strong><em>Rectifier Diodes</em></strong></p><p><strong><em>Zener Diodes</em></strong></p><p><strong><em>LED Diodes</em></strong></p><p><strong><em>Signal &amp; Switching Diodes</em></strong></p><p><strong><em>Power Transistors (NPN, PNP)</em></strong></p><p><br></p><h2><strong><em>Why Choose CMONI ENTERPRISES</em></strong></h2><p>✔<em> High-quality semiconductor components</em></p><p><em>✔ Wide product availability</em></p><p><em>✔ Competitive pricing</em></p><p><em>✔ Bulk supply capability</em></p><p><br></p><h2><strong><em>Quality Assurance</em></strong></h2><p><em>At </em><strong><em>CMONI ENTERPRISES</em></strong><em>, quality is strictly maintained through:</em></p><p><em>Sourcing from certified manufacturers</em></p><p><em>Performance and electrical parameter testing</em></p><p><br></p><p><strong><em>CMONI ENTERPRISES</em></strong><em> stands as a dependable source for </em><strong><em>Diodes &amp; Electronic Active Devices, Transistors</em></strong><em>. With a commitment to quality, affordability, and timely service, we support businesses and professionals in building efficient and reliable electronic systems.</em></p><p><br></p><p><br></p><p><br></p><p><br></p><p><br></p><p><br></p><p><br></p>",cmoni-enterprises-hambran-road-ludhiana,,,,,,"KHASRA NO. 20//6/2-7/1-17-25-12/1-13-14, KHATA NO. 18/18, HAMBRAN  ROAD, VILLAGE JAINPUR, Ludhiana",LUDHIANA,Punjab,India,141011.0,HAMBRAN  ROAD
8ED70DF0-C6DA-4188-A34D-4877722D8882,NIMASU EXIM PRIVATE LIMITED,00306CCA-2DE3-4FDA-866D-178EDD222D50,"<p>Nimasu&nbsp;Company&nbsp;is&nbsp;manufacturing&nbsp;and&nbsp;supplying&nbsp;LED&nbsp;Lights,&nbsp;</p><p>Electrical&nbsp;Accessories,&nbsp;Electrical&nbsp;home&nbsp;&amp;&nbsp;kitchen&nbsp;appliances&nbsp;under&nbsp;</p><p>brand&nbsp;&#39;NIMASU&#39;&nbsp;through&nbsp;dealer&nbsp;&amp;&nbsp;distribution&nbsp;network&nbsp;in&nbsp;Pan&nbsp;India&nbsp;&amp;&nbsp;</p><p>Global&nbsp;Market&nbsp;focusing&nbsp;Middle&nbsp;East&nbsp;&amp;&nbsp;Africa</p>",nimasu-exim-private-limited-led-lights-bulb-rechargeable-indoor-lights-lighting-accessories-panvel-raigarh,,,,,,"BLDG NO. 1, FLAT NO. 132, OPP PANCHAMUKHI MARUTI, Panvel, Raigarh,","PANVEL, RAIGARH,",Maharashtra,India,410206.0,
16F38CD2-D7ED-4CE3-B1D4-4905A860418C,MANAYA PLYWOOD,CB75BB67-B63F-4592-BDB6-3D904DCA3F86,"<h1><em>MANAYA PLYWOOD</em></h1><p><strong>MANAYA PLYWOOD is a trusted and reliable supplier of Wood, Plywood, Veneer &amp; Laminates, catering to furniture manufacturers, interior designers, contractors, and retail customers. With a focus on quality, durability, and aesthetic appeal, we provide products that enhance both residential and commercial interiors.</strong></p><p><br></p><h4><strong>OUR PRODUCT RANGE</strong></h4><p><strong>We offer a wide selection of Timber &amp; Interior Materials, including:</strong></p><p>Natural &amp; Engineered Wood</p><p>Plywoods (Commercial, MR, BWP, Marine Grades)</p><p>Decorative Veneers</p><p>Laminates for Interior &amp; Exterior Applications</p><p><br></p><h4><strong>WHY CHOOSE MANAYA PLYWOOD</strong></h4><p>✔ Premium Quality Materials</p><p>✔ Wide Range of Designs, Grades &amp; Sizes</p><p>✔ Durable &amp; Termite-Resistant Products</p><p>✔ Competitive Pricing</p><p><br></p><h4><strong>QUALITY ASSURANCE</strong></h4><p><strong>Quality is our top priority. Every product undergoes strict checks for strength, moisture resistance, finish, and durability, ensuring compliance with industry standards.</strong></p><p><br></p><p><strong>With a reputation built on trust, quality, and variety, MANAYA PLYWOOD continues to be a preferred supplier for wood, plywood, veneer, laminates, and plywood solutions.</strong></p><p><br></p><p><br></p><p><br></p><p><br></p>",manaya-plywood-kolkata,,,,,,"64, PATHURIA GHAT STREET, KOLKATA",KOLKATA,West Bengal,India,700006.0,
D72B5728-D020-4456-8AE9-4A9C45450558,Anand Electric Co.,EF692173-01C9-4819-8808-D8452858AA8D,"<h1><em>ANAND ELECTRIC CO.</em></h1><p><strong>Anand Electric Co. is a trusted supplier of Switches &amp; Switch Boxes, delivering reliable, durable, and safe electrical solutions for residential, commercial, and industrial applications. With a commitment to quality and precision, we provide products that ensure seamless electrical connections and long-lasting performance.</strong></p><p><br></p><h4><strong>OUR PRODUCT RANGE</strong></h4><p><strong>We offer a wide variety of Electrical Switching Solutions, including:</strong></p><p>Electrical Switches (Modular &amp; Conventional)</p><p>Switch Boxes (Surface &amp; Concealed)</p><p>Switch Accessories &amp; Plates</p><p><br></p><h4><strong>WHY CHOOSE ANAND ELECTRIC CO.</strong></h4><p>✔ High-Quality &amp; Reliable Products</p><p>✔ Durable &amp; Heat-Resistant Materials</p><p>✔ User-Friendly &amp; Modern Designs</p><p><br></p><h4><strong>QUALITY &amp; SAFETY ASSURANCE</strong></h4><p><strong>Each product undergoes strict quality checks for material strength, electrical safety, and operational reliability, ensuring consistent performance and durability.</strong></p><p><strong>With a strong focus on quality, reliability, and service, Anand Electric Co. continues to be a preferred partner for switches and switch box solutions.</strong></p><p><br></p><p><br></p>",anand-electric-co.-karnal,,,,,,"Gali No-4, gaushala road, gaushala road Karnal",KARNAL,Haryana,India,132001.0,
9218FC60-5AA2-40A4-AA74-4B483069EE92,MISHRA TIMBER,CB75BB67-B63F-4592-BDB6-3D904DCA3F86,"<h3><strong>MISHRA&nbsp;TIMBER&nbsp;is&nbsp;a&nbsp;trusted&nbsp;and&nbsp;reliable&nbsp;supplier&nbsp;of&nbsp;Wood,&nbsp;Plywood,&nbsp;Veneer&nbsp;&amp;&nbsp;Laminates,&nbsp;catering&nbsp;to&nbsp;furniture&nbsp;manufacturers,&nbsp;interior&nbsp;designers,&nbsp;contractors,&nbsp;and&nbsp;retail&nbsp;customers.&nbsp;With&nbsp;a&nbsp;strong&nbsp;focus&nbsp;on&nbsp;quality,&nbsp;durability,&nbsp;and&nbsp;aesthetic&nbsp;appeal,&nbsp;we&nbsp;provide&nbsp;materials&nbsp;that&nbsp;enhance&nbsp;both&nbsp;residential&nbsp;and&nbsp;commercial&nbsp;interiors.</strong></h3><p></p>",mishra-timber-wood-plywood-veneer-laminates-kolkata,"Premium Wood, Plywood & Interior Solutions Built on Quality and Trust","Trusted supplier of wood, plywood, veneers, and laminates for furniture, interiors, and construction projects.","MISHRA TIMBER is a reliable supplier of wood, plywood, veneers, and laminates for residential, commercial, and interior applications. We offer premium-quality materials known for durability, strength, aesthetic appeal, and long-lasting performance, serving furniture manufacturers, contractors, designers, and retail customers.",To be a trusted leader in quality timber and interior material solutions.,Premium Quality Materials,"56B, BIDHANNAGAR ROAD, KOLKATA",KOLKATA,West Bengal,India,700067.0,
Wide Range of Products,,,,,,,,,,,,,,,
Durable & Termite-Resistant,,,,,,,,,,,,,,,
Moisture-Resistant Solutions,1,,,,,,,,,,,,,,
2BB91236-AA0D-4771-A1CE-4B6D04800F9A,ASHOK TRADING CO.,19437D1E-8B4E-4511-ADDA-2831844CCFD6,"<p><strong>Stockists&nbsp;of&nbsp;PVC&nbsp;pipes,oriplast,pvc&nbsp;Tank,Sintex,&nbsp;Sanitaryware,&nbsp;Parryware,kitchen&nbsp;sinks,pvc&nbsp;seat&nbsp;cover,C.p.bathroom,&nbsp;fittings&nbsp;etc&nbsp;</strong></p>",ashok-trading-co-wash-basins-sanitaryware-fittings-bowbazar-kolkata,"Reliable Stockists: Premium PVC, Sanitaryware & Bathroom Fittings","Leading B2B supplier of high-grade plumbing, sanitaryware, and piping solutions. Trusted partner for contractors, developers, and retailers across the region.","We specialize in the bulk supply of industrial and domestic infrastructure materials. Our portfolio includes durable PVC piping systems (Oriplast), water storage tanks (Sintex), and comprehensive bathroom sanitaryware. We are a key node in the BONC Network, providing verified quality, scalable logistics, and competitive pricing for B2B procurement.",To be the most trusted supply partner in the plumbing and sanitaryware industry.,Verified B2B Supplier on BONC Network,"14, NIRMAL CHANDRA STREET, BOWBAZAR",KOLKATA ,West Bengal,India,700012.0,Bowbazar 
Premium Quality PVC & Sanitary Brands,,,,,,,,,,,,,,,
Consistent Bulk Inventory Availability,,,,,,,,,,,,,,,
Scalable Supply for Large Projects,1,,,,,,,,,,,,,,
FBDEB4D5-CF6E-4095-95EB-4BFB28DA4182,AJANTA SALES CORP.,23A29DFE-A5DF-422C-9585-C44883233EB1,"<h2><strong><em>AJANTA SALES CORP.</em></strong></h2><p><strong>AJANTA SALES CORP. is a trusted supplier of Pumps, Submersible Pumps, Pumping Machines &amp; Spares, providing reliable and high-performance solutions for residential, commercial, and industrial applications. With a strong focus on quality, durability, and efficiency, we ensure smooth water management and pumping operations for our clients.</strong></p><p><br></p><h4><strong>OUR PRODUCT RANGE</strong></h4><p><strong>We offer a comprehensive range of Pumping Solutions, including:</strong></p><p>Submersible Pumps</p><p>Industrial &amp; Domestic Pumping Machines</p><p>Pump Accessories &amp; Spares</p><p>Customized Pumping Solutions</p><p><br></p><h4><strong>WHY CHOOSE AJANTA SALES CORP.</strong></h4><p>✔ High-Quality &amp; Reliable Products</p><p>✔ Efficient &amp; Energy-Saving Pumps</p><p>✔ Durable Materials &amp; Long Lifespan</p><p>✔ Competitive Pricing</p><p><br></p><h4><strong>QUALITY &amp; PERFORMANCE ASSURANCE</strong></h4><p><strong>Every pump and accessory undergoes strict quality checks for performance efficiency, durability, and operational reliability, ensuring optimal results for all applications.</strong></p><p><strong>With a reputation for reliability, quality, and service excellence, AJANTA SALES CORP. continues to be a preferred partner for pumps, submersible systems, pumping machines, and spares.</strong></p>",ajanta-sales-corp.-barabazar-kolkata,,,,,,"Ground Floor, 18no., Canning Street, Burra Bazaar",KOLKATA,West Bengal,India,700001.0,Barabazar
1F44FA53-9F65-4C5D-A592-4CDC531AFABB,SINGH FURNITURE HOUSE,2F6E0D32-45AA-4F6B-841D-3D01D9267412,"<h3><strong>When&nbsp;you&nbsp;choose&nbsp;Mr.&nbsp;Singh&nbsp;Furniture,&nbsp;you&nbsp;are&nbsp;investing&nbsp;in&nbsp;furniture&nbsp;that&nbsp;reflects&nbsp;a&nbsp;commitment&nbsp;to&nbsp;quality,&nbsp;innovation,&nbsp;and&nbsp;customer&nbsp;satisfaction.</strong></h3>",singh-furniture-house-living-room-furniture-taraori,"Premium Home & Office Furniture Crafted for Comfort, Style & Elegance","Designer furniture for homes and offices, featuring premium craftsmanship, customization, and timeless elegance.","Mr. Singh Furniture offers premium and designer furniture for homes and offices. Our collection includes living room furniture, bedroom sets, office furniture, sofas, TV units, coffee tables, and custom interior décor products. Combining quality craftsmanship, comfort, and innovation, we create furniture that enhances every space.",To create inspiring spaces through premium furniture and innovative design.,Premium Quality Craftsmanship,"NEAR NEW GRAIN MARKET, OPP. PETROL PUMP, SONKRA ROAD, TARAORI",TARAORI,Haryana,India,132116.0,
Solid Wood Construction,,,,,,,,,,,,,,,
Elegant & Modern Designs,,,,,,,,,,,,,,,
Custom Furniture Solutions,1,,,,,,,,,,,,,,
45DF8DE4-F356-442C-B9FD-4D1DAA9727EC,WONDER POLYMERS PVT LTD,EBCBD755-F57D-4D66-8A98-60F60FDE083E,"<p><strong>WONDER&nbsp;POLYMERS&nbsp;PVT.&nbsp;LTD.&nbsp;stands&nbsp;as&nbsp;a&nbsp;symbol&nbsp;of&nbsp;trust,&nbsp;innovation,&nbsp;and&nbsp;quality&nbsp;in&nbsp;the&nbsp;tape&nbsp;manufacturing&nbsp;industry.&nbsp;With&nbsp;our&nbsp;strong&nbsp;technical&nbsp;expertise,&nbsp;advanced&nbsp;infrastructure,&nbsp;and&nbsp;commitment&nbsp;to&nbsp;customer&nbsp;satisfaction,&nbsp;we&nbsp;aim&nbsp;to&nbsp;provide&nbsp;reliable&nbsp;bonding&nbsp;solutions&nbsp;that&nbsp;empower&nbsp;industries&nbsp;to&nbsp;perform&nbsp;better&nbsp;and&nbsp;grow&nbsp;stronger.</strong></p><p></p>",wonder-polymers-pvt-ltd-tapes-non-adhesive-adhesive-pressure-sensitive-new-delhi,"Advanced Industrial Tape Solutions Built for Strength, Performance & Reliability","Manufacturer of adhesive, non-adhesive, pressure-sensitive, and industrial packaging tapes for diverse industrial applications.","WONDER POLYMERS PVT. LTD. is a leading manufacturer and supplier of industrial and specialty tapes. We offer adhesive, non-adhesive, pressure-sensitive, and packaging tapes engineered for superior bonding, insulation, durability, and performance across multiple industries, meeting national and international quality standards.",To be a trusted leader in innovative adhesive and industrial tape solutions.,Premium Quality Raw Materials,"S-70, Badli Industrial Area, Phase-1, New Delhi",NEW DELHI,Delhi,India,110042.0,
Advanced Manufacturing Technology,,,,,,,,,,,,,,,
Custom Tape Solutions Available,,,,,,,,,,,,,,,
Superior Adhesion Performance,1,,,,,,,,,,,,,,
EC3A94CB-B642-44A6-BA99-4DE81BAEFC44,UNICK CONTROL SYSTEM,6009E681-B9B4-4C11-91C9-6E9C0519B9B3,"<h2><strong><em>UNICK CONTROL SYSTEM</em></strong></h2><p><strong><em>Machines &amp; Equipments</em></strong></p><p><br></p><p><strong><em>UNICK CONTROL SYSTEM</em></strong><em> is a trusted provider of advanced </em><strong><em>Industrial Machines &amp; Equipments</em></strong><em>, delivering efficient, reliable, and high-performance solutions for various industrial applications. We focus on precision engineering, automation, and durability to meet the growing demands of modern industries.</em></p><p><br></p><h2><strong><em>Our Product Range</em></strong></h2><p><em>We offer a wide range of industrial machinery and equipment, including:</em></p><p><em>Control Panels &amp; Automation Systems</em></p><p><em>Industrial Machinery</em></p><p><em>Electrical &amp; Mechanical Equipments</em></p><p><em>Process Control Systems</em></p><p><br></p><h2><strong><em>Why Choose UNICK CONTROL SYSTEM</em></strong></h2><p><em>✔ Quality-Driven Manufacturing</em></p><p><em> ✔ Skilled Technical Expertise</em></p><p><em> ✔ Competitive Pricing</em></p><p><em> ✔ Timely Delivery</em></p><p><br></p><h2><strong><em>Quality Assurance</em></strong></h2><p><em>At </em><strong><em>UNICK CONTROL SYSTEM</em></strong><em>, every machine and equipment undergoes strict quality testing for performance, durability, and safety compliance to ensure maximum efficiency and reliability.</em></p><p><br></p><p><em>With a focus on innovation, precision, and reliability, </em><strong><em>UNICK CONTROL SYSTEM</em></strong><em> stands as a dependable name in </em><strong><em>Industrial Machines &amp; Equipments</em></strong><em>.</em></p><p><br></p><h3><strong><em>Powering Industries with Precision &amp; Performance.</em></strong></h3>",unick-control-system-kolkata-(jackson-lane)-kolkata,,,,,,"SHOP NO. G3, 34 INDRA KUMAR KARNANI STREET, 34 INDRA KUMAR KARNANI STREET, KOLKLATA",KOLKATA,West Bengal,India,700001.0,Kolkata (Jackson Lane)
AF9FB7EC-578E-43CA-9C27-4DF06C3335DC,KAPUR BARBER & GENERAL STORE,7D502AEA-8089-4A06-8EC6-83093D66F0A8,"<h3><strong>KAPUR&nbsp;BARBER&nbsp;&amp;&nbsp;GENERAL&nbsp;STORE&nbsp;continues&nbsp;to&nbsp;be&nbsp;a&nbsp;preferred&nbsp;destination&nbsp;for&nbsp;Ayurvedic,&nbsp;herbal&nbsp;products,&nbsp;and&nbsp;medicines.</strong></h3><p></p><p></p>",kapur-barber-general-store-ayurvedic-herbal-products-medicine-near-bihari-garments-burail,Trusted Ayurvedic & Herbal Wellness Solutions for Healthy Living,"Retailer of Ayurvedic medicines, herbal products, supplements, and natural wellness solutions for everyday health and well-being.","KAPUR BARBER & GENERAL STORE is a trusted retailer of Ayurvedic and herbal products, offering authentic wellness solutions for health, beauty, and daily care. We provide Ayurvedic medicines, herbal supplements, and natural wellness products sourced with a focus on quality, purity, and customer satisfaction.",To promote healthier lifestyles through trusted Ayurvedic and herbal wellness products.,Genuine Ayurvedic Products,"SHOP NO.882/4, NEAR OLD PNB,, BURAIL",BURAIL,Chandigarh,India,160047.0,near bihari garments
Authentic Herbal Wellness Solutions,,,,,,,,,,,,,,,
Safe & Natural Remedies,,,,,,,,,,,,,,,
Wide Health Product Selection,1,,,,,,,,,,,,,,
52372F42-878E-4D31-92CF-52B5EB3104FC,ELECTRO POWER SOLUTIONS,7F146617-0176-4C3A-AF5B-B553419E63F2,"<p>We specialise in trading a wide range of electrical products and accessories, proudly offering everything from top-rated brands all under one roof.</p><p>As authorised distributors and dealers for renowned brands such as RR Kabel, Schneider Electric, Polycab, Belezza Switches, Litomatic Lights, Goldmedal, Legrand, Atomberg, Crompton, Racold, Jainson, and many more, we are committed to providing quality and reliability.</p><p><br></p><p>We also happily support interior designers, architects, and turnkey contractors by supplying essential electrical items like wires, cables, lights, fans, switches, home automation systems, switchgears, geysers, conduit accessories, and beyond. Our track record includes partnering with major turn-key contractors of brands like Reliance Brands Ltd, Aditya Birla Retail Group, and Tata Retail Brands across India.</p><p>We serve over 350 retailers and dealers regularly, and we've completed over 100,000 sites for residential, commercial, and industrial projects.</p>",electro-power-solutions-beside-state-bank-of-india-mumbai,,,,,,"Shop No. 1, Neelkanth Heights, Neelkanth Nagar, BPS Cross Road, Mulund West, Mumbai",MUMBAI,Maharashtra,India,400080.0,beside State Bank of India
DA3F46AD-B7F0-4E02-B56B-536B8E9AA02D,MAA TARA MARBLE,DF1E923B-44B1-46C6-83CC-67FB8212BFF4,"<h3><em>MAA TARA MARBLE</em></h3><p><strong>MAA TARA MARBLE is a trusted name in the stone industry, specializing in Stone Tiles &amp; Floorings with a focus on premium Marble Tiles. With a commitment to quality, durability, and aesthetic excellence, we provide natural stone solutions that enhance the elegance and functionality of residential, commercial, and industrial spaces.</strong></p><p><br></p><h4><strong>OUR PRODUCT RANGE</strong></h4><p><strong>We offer a comprehensive range of Stone Tiles &amp; Flooring Solutions, including:</strong></p><p>Marble Tiles (Polished, Matte, and Designer Finishes)</p><p>Stone Flooring Tiles</p><p>Interior &amp; Exterior Stone Applications</p><p><br></p><h4><strong>WHY CHOOSE MAA TARA MARBLE</strong></h4><p>✔ Premium Quality Marble &amp; Stone Tiles</p><p>✔ Wide Variety of Designs &amp; Finishes</p><p>✔ Durable &amp; Long-Lasting Flooring Solutions</p><p>✔ Competitive Pricing</p><p><br></p><h4><strong>QUALITY ASSURANCE</strong></h4><p><strong>Quality is at the core of our operations. Every marble and stone tile undergoes strict quality checks for texture, finish, and durability, ensuring high customer satisfaction.</strong></p><p><br></p><p><strong>With a reputation built on trust, quality, and design excellence, MAA TARA MARBLE continues to be a preferred partner for stone tiles and marble flooring solutions.</strong></p><p><br></p><p><br></p>",maa-tara-marble-kolkata,,,,,,"49A, Dr SURESH CHANDRA BANERJEE ROAD, C I T MORE",KOLKATA,West Bengal,India,700010.0,
4FF96160-9DBF-4EE7-8EC5-53B714458D5D,Kiran Foundry,AE546AF8-676E-4604-B287-5F236118156F,"<h2><strong><em>KIRAN FOUNDRY</em></strong></h2><p><strong><em>Die, Centrifugal, Shell &amp; Investment Castings | Metal Castings</em></strong></p><p><br></p><p><strong><em>KIRAN FOUNDRY</em></strong><em> is a leading manufacturer and supplier of high-quality </em><strong><em>Metal Castings</em></strong><em>, specializing in </em><strong><em>Die Castings, Centrifugal Castings, Shell Mold Castings, and Investment Castings</em></strong><em>. With extensive industry experience and advanced manufacturing capabilities, we deliver precision-engineered casting solutions for diverse industrial applications.</em></p><p><br></p><h2><strong><em>Product Range</em></strong></h2><p><em>We offer a comprehensive range of casting solutions, including:</em></p><p><em>Die Cast Components</em></p><p><em>Centrifugal Castings</em></p><p><em>Shell Mold Castings</em></p><p><em>Investment (Lost Wax) Castings</em></p><p><em>Ferrous &amp; Non-Ferrous Metal Castings</em></p><p><br></p><h2><strong><em>Why Choose Us</em></strong></h2><p><em>✔ Advanced Foundry Technology</em></p><p><em> ✔ Precision Engineering</em></p><p><em> ✔ Strict Quality Control</em></p><p><em> ✔ Custom Manufacturing Capability</em></p><p><br></p><h2><strong><em>Quality Assurance</em></strong></h2><p><em>At </em><strong><em>KIRAN FOUNDRY</em></strong><em>, quality is the foundation of our operations. Our products undergo:</em></p><p><em>Chemical composition analysis</em></p><p><em>Mechanical strength testing</em></p><p><br></p><p><strong><em>KIRAN FOUNDRY</em></strong><em> stands as a trusted partner for high-quality metal casting solutions. With expertise, advanced technology, and a customer-focused approach, we continue to deliver durable and precision-engineered castings for various industries.</em></p><p><br></p><h3><em>Precision in Casting. Strength in Performance. Excellence in Delivery.</em></h3>",kiran-foundry-karnal,,,,,,"HANSI ROAD, HANSI ROAD, KARNAL",KARNAL,Haryana,India,132001.0,
972F97E4-38AF-473D-86C7-53F56B2D7C16,BALAJI SUPPLY SYNDICATE,02223268-8641-43C4-B300-7C87309A1B6E,"<h3><em>BALAJI SUPPLY SYNDICATE</em></h3><p><strong>BALAJI SUPPLY SYNDICATE is a trusted supplier of Boilers &amp; Boiler Parts, serving industrial, commercial, and institutional clients. With a focus on quality, durability, and efficiency, we provide high-performance boiler solutions and components that meet demanding operational requirements.</strong></p><p><strong>Our products are sourced from reputed manufacturers to ensure reliability, safety, and long-term performance.</strong></p><p><br></p><h4><strong>OUR PRODUCT RANGE</strong></h4><p><strong>We offer a comprehensive range of Boilers &amp; Boiler Components, including:</strong></p><p>Industrial Boilers</p><p>Boiler Parts &amp; Accessories</p><p>Steam &amp; Hot Water Boilers</p><p>Customized Boiler Solutions</p><p><br></p><h4><strong>WHY CHOOSE BALAJI SUPPLY SYNDICATE</strong></h4><p>✔ High-Quality &amp; Reliable Boiler Products</p><p>✔ Durable &amp; Energy-Efficient Components</p><p>✔ Compliance with Safety &amp; Quality Standards</p><p>✔ Competitive Pricing</p><p><br></p><h4><strong>QUALITY &amp; SAFETY ASSURANCE</strong></h4><p><strong>Each boiler and component undergoes strict quality checks for material strength, performance, and safety compliance, ensuring dependable operation in critical applications.</strong></p><p><strong>With a reputation for reliability, quality, and service excellence, BALAJI SUPPLY SYNDICATE continues to be a preferred partner for boilers and boiler parts.</strong></p>",balaji-supply-syndicate-barabajar-kolkata-kolkata,,,,,,"10, Raja Woodmunt Street, Kolkata- 700001",KOLKATA,West Bengal,India,700001.0,Barabajar kolkata 
A6C696AB-8634-45D1-BB43-5486621E4C56,ANJANA GALLERY ,4EA430DA-3D63-4D44-9D92-08F06A1BBB8F,"<h3><em> ANJANA GALLERY</em></h3><p><strong>ANJANA GALLERY is a trusted supplier and distributor of Aluminium, Tin Can &amp; Metal Containers, offering durable, high-quality solutions for storage, packaging, and industrial applications. With a focus on quality, functionality, and aesthetic appeal, we provide containers that meet diverse customer needs across commercial, industrial, and retail sectors.</strong></p><p><strong>Our products are designed to ensure long-lasting performance, safety, and reliability for all storage and packaging requirements.</strong></p><p><br></p><h4><strong>OUR PRODUCT RANGE</strong></h4><p><strong>We offer a comprehensive range of Metal Storage &amp; Packaging Solutions, including:</strong>Aluminium Containers</p><p>Tin Cans for Food &amp; Industrial Use</p><p>Metal Containers for Storage &amp; Packaging</p><p>Customized &amp; Specialty Metal Containers</p><p><br></p><h4><strong>WHY CHOOSE ANJANA GALLERY</strong></h4><p>✔ High-Quality &amp; Durable Metal Containers</p><p>✔ Wide Range of Sizes, Shapes &amp; Finishes</p><p>✔ Corrosion-Resistant &amp; Safe Materials</p><p>✔ Timely Delivery &amp; Reliable Supply</p><p><br></p><h4><strong>QUALITY ASSURANCE</strong></h4><p><strong>Every container undergoes strict quality checks for material strength, finish, and usability, ensuring that our customers receive reliable and long-lasting products.</strong></p><p><strong>With a strong reputation for quality, durability, and service, ANJANA GALLERY continues to be a preferred supplier of aluminium, tin, and metal containers for diverse applications.</strong></p><p><br></p><p><br></p><p><br></p>",anjana-gallery-near-dlf-1-kolkata,,,,,,"JangraHatiara II No Gram Panchyat, Sulonguri, Gouranganagar, New Town",KOLKATA,West Bengal,India,700159.0,Near dlf 1
26322C8E-704B-4AE1-B260-55B513FBC7AA,PUTUL STORES,3F8F54E3-F1B4-43E2-8E6B-75DA0514ED2E,"<p><strong>Deals&nbsp;in&nbsp;All&nbsp;Mobile,&nbsp;Accessories,&nbsp;Computer&nbsp;Accessories,&nbsp;Smart&nbsp;TV,&nbsp;Home&nbsp;Appliance,&nbsp;Home&nbsp;Theaters&nbsp;&amp;&nbsp;Sound&nbsp;Systems.&nbsp;Deals&nbsp;in&nbsp;Brands&nbsp;in&nbsp;Smart&nbsp;TV-&nbsp;Samsung,&nbsp;LG,&nbsp;Xiaomi,&nbsp;Onida.&nbsp;Deals&nbsp;Brands&nbsp;In&nbsp;AC,&nbsp;like&nbsp;Samsung,&nbsp;Daikin,&nbsp;Carrier&nbsp;&amp;&nbsp;Voltas.&nbsp;</strong></p>",putul-stores-led-lcd-smart-tv-and-home-theatre-kolkata-sukantapally-mgroad-kolkata,"Your Trusted Destination for Mobiles, Smart TVs, Appliances & Electronics","Leading supplier of mobiles, accessories, Smart TVs, home appliances, ACs, and computer accessories from top global brands.","Electronics supplier dealing in mobiles, mobile accessories, computer accessories, Smart TVs, home appliances, home theaters, sound systems, and air conditioners. Offering trusted brands including Samsung, LG, Xiaomi, Onida, Daikin, Carrier, and Voltas.",To deliver trusted electronic solutions with quality products and customer satisfaction.,Wide Range of Electronic Products,"223, HARIDEVPUR, KOLKATA",KOLKATA,West Bengal,India,700082.0,"KOLKATA, Sukantapally, M.G.Road"
Trusted Multi-Brand Supplier,,,,,,,,,,,,,,,
Latest Technology & Models,,,,,,,,,,,,,,,
Competitive Market Pricing,1,,,,,,,,,,,,,,
E117967B-5744-4171-BE66-55D0D78B16E3,GLOBAL WOOD INDIA PVT LTD,CB75BB67-B63F-4592-BDB6-3D904DCA3F86,"<h3><strong>GLOBAL&nbsp;WOOD&nbsp;INDIA&nbsp;PVT&nbsp;LTD&nbsp;continues&nbsp;to&nbsp;be&nbsp;a&nbsp;preferred&nbsp;supplier&nbsp;of&nbsp;wood,&nbsp;plywood,&nbsp;veneer,&nbsp;and&nbsp;laminate&nbsp;solutions.</strong></h3><p></p>",global-wood-india-pvt-ltd-wood-plywood-veneer-laminates-gandhidham,"Premium Wood, Plywood & Laminate Solutions for Stronger, Stylish Interiors","Trusted supplier of wood, plywood, veneers, laminates, and interior materials for residential and commercial projects.","GLOBAL WOOD INDIA PVT LTD is a leading supplier of wood, plywood, veneers, and laminates for furniture, interior design, and construction applications. We offer premium-quality materials that combine durability, functionality, and aesthetic appeal, supporting residential, commercial, and industrial projects with reliable solutions.",To be a preferred provider of premium wood and interior material solutions.,Premium Quality Wood Products,"SURVEY NO.24 03, NATIONAL HIGHWAY NO. 8-A MITHIROHAR, GANDHIDHAM",GANDHIDHAM,Gujarat,India,370201.0,
Wide Range of Grades & Designs,,,,,,,,,,,,,,,
Durable & Termite-Resistant Materials,,,,,,,,,,,,,,,
Moisture-Resistant Solutions,1,,,,,,,,,,,,,,
5671CE9E-0026-4194-81BF-55F7192AA36E,P S CENTRE,85413347-9AEF-418E-B729-202B546602AC,"<h1><em> P S CENTRE</em></h1><p><strong>P S CENTRE is a trusted supplier and service provider of Home &amp; Kitchen Appliances and Spare Parts, catering to the everyday needs of households and commercial kitchens. With a focus on quality, reliability, and customer satisfaction, we offer products that deliver convenience, efficiency, and long-lasting performance.</strong></p><p><strong>We aim to provide dependable appliance solutions backed by prompt service and genuine parts.</strong></p><p><br></p><h4><strong>OUR PRODUCT RANGE</strong></h4><p><strong>We offer a wide range of Home &amp; Kitchen Appliance Solutions, including:</strong></p><p>Home Appliances</p><p>Kitchen Appliances</p><p>Appliance Spare Parts &amp; Accessories</p><p>Replacement &amp; Maintenance Parts</p><p><br></p><h4><strong>WHY CHOOSE P S CENTRE</strong></h4><p>✔ Genuine &amp; Reliable Products</p><p>✔ Wide Range of Appliances &amp; Parts</p><p>✔ Competitive Pricing</p><p>✔ Quick Availability &amp; Support</p><p><br></p><h4><strong>QUALITY ASSURANCE</strong></h4><p><strong>Quality is our priority. Every appliance and part is checked for performance, safety, and durability to ensure reliable usage.</strong></p><p><strong>With a reputation for quality products and reliable service, P S CENTRE continues to be a preferred destination for home and kitchen appliances and spare parts.</strong></p><p><br></p><p><br></p>","p-s-centre-b.l.-saha-rd-,-tollygange.-kolkata",,,,,,"265/B/1, B L SAHA ROAD, KOLKATA",KOLKATA,West Bengal,India,700053.0,"B.L. Saha Rd , Tollygange. "
2B619255-1395-4463-A3FE-56140B426D71,ALAMDAR INTERNATIONAL,6009E681-B9B4-4C11-91C9-6E9C0519B9B3,<p><strong>ALAMDAR&nbsp;INTERNATIONAL&nbsp;are&nbsp;Specialist&nbsp;&nbsp;In&nbsp;</strong></p><p><strong>Valves&amp;&nbsp;Pipe&nbsp;Fittings&nbsp;(&nbsp;IBR&nbsp;&amp;&nbsp;non&nbsp;IBR)</strong></p><p><strong>Pressure&nbsp;&amp;Temperature&nbsp;Measuring&nbsp;Instruments&nbsp;</strong></p><p><strong>Metallic&nbsp;&amp;Non&nbsp;Metallic&nbsp;Expansion&nbsp;Joints</strong></p><p><strong>Wear&nbsp;Resistant&nbsp;High&nbsp;Alumina&nbsp;Ceramic&nbsp;&amp;&nbsp;Cast&nbsp;&nbsp;Basalt&nbsp;Lining</strong></p><p><strong>Developing&nbsp;Import&nbsp;Substitutes&nbsp;Products</strong></p><p><strong>All&nbsp;Types&nbsp;of&nbsp;Rubber&nbsp;Molding&nbsp;Product.&nbsp;</strong></p>,,,,,,,"GROUND FLOOR SHOP NO G - 09, 34, Indra Kumar Karnani Street, Kolkata",KOLKATA,West Bengal,India,700001.0,"Barabajar ,kolkata Cilve  Square Building "
,,,,,,,,,,,,,,,
pancard copy need to be uploaded,,,,,,,,,,,,,,,
,,,,,,,,,,,,,,,
by Laxmi,ACBFA1303P,CMP1778515583613,/Uploads/Company/ALAMDAR_INTERNATIONAL/d8c5d26a-0f29-43b2-a2ed-cf5ff5b618ad.jpg,,,,,,,,,,,,
38FB504F-68E3-4034-A8A6-57DFDECC4D1D,SATYAM ELECTRONICS,25DA2785-F824-4C17-877A-3A80DC04776A,"<h3><em>SATYAM ELECTRONICS</em></h3><p><strong>SATYAM ELECTRONICS is a trusted supplier of Routers, Cables &amp; Networking Devices, delivering reliable connectivity solutions for homes, offices, and commercial establishments. With a strong focus on quality, performance, and customer satisfaction, we provide networking products that ensure stable, secure, and high-speed data transmission.</strong></p><p><strong>We serve businesses, IT professionals, and individual customers with dependable networking infrastructure solutions.</strong></p><p><br></p><h4><strong>OUR PRODUCT RANGE</strong></h4><p><strong>We offer a comprehensive range of Networking &amp; Connectivity Solutions, including:</strong></p><p>Routers &amp; Wi-Fi Devices</p><p>Networking Cables (LAN, Patch Cords, Fiber)</p><p>Switches &amp; Networking Accessories</p><p>Structured Cabling Solutions</p><p><br></p><h4><strong>WHY CHOOSE SATYAM ELECTRONICS</strong></h4><p>✔ High-Quality &amp; Reliable Networking Products</p><p>✔ Stable &amp; High-Speed Connectivity Solutions</p><p>✔ Wide Product Availability</p><p>✔ Competitive Pricing</p><p><br></p><h4><strong>QUALITY &amp; PERFORMANCE ASSURANCE</strong></h4><p><strong>Each product undergoes quality checks for signal stability, durability, and operational efficiency, ensuring dependable network performance.</strong></p><p><strong>With a strong reputation for quality and service, SATYAM ELECTRONICS continues to be a preferred partner for routers, cables, and networking device solutions.</strong></p>",satyam-electronics-near-behala-manton-supermarket.-kolkata,,,,,,"45/1, NAFAR CHANDRA DAS ROAD BEHALA, KOLKATA",KOLKATA,West Bengal,India,700034.0,Near Behala Manton supermarket.
DD6EF143-F07D-47F5-9E1E-58B911E07226,EAST INDIA TRADING CO,F7E0674A-E631-4B24-986B-30C9AD0DE753,"<h1><strong><em><u>EAST INDIA TRADING CO</u></em></strong></h1><p><strong><em>Office &amp; Commercial Furniture | Office Chairs</em></strong></p><p><br></p><p><strong>EAST INDIA TRADING CO is a trusted name in the field of Office &amp; Commercial Furniture, offering high-quality, ergonomic, and durable furniture solutions for modern workplaces. With a strong commitment to comfort, functionality, and design, we cater to corporate offices, institutions, co-working spaces, and commercial establishments.</strong></p><p><br></p><h3><strong><em><u>Our Product Range</u></em></strong></h3><p><strong>We offer a wide variety of office and commercial furniture, including:</strong></p><p><strong>✔ Executive Office Chairs</strong></p><p><strong>✔ Revolving Chairs</strong></p><p><strong>✔ Visitor Chairs</strong></p><p><strong>✔ Mesh Chairs</strong></p><p><br></p><h3><strong><em><u>Why Choose Us</u></em></strong></h3><p><strong>✔ Wide range of office furniture solutions</strong></p><p><strong> ✔ Modern and ergonomic designs</strong></p><p><strong> ✔ Competitive pricing</strong></p><p><strong> ✔ Bulk order capability</strong></p><p><br></p><h3><strong><em><u>Quality Assurance</u></em></strong></h3><p>At <strong>EAST INDIA TRADING CO</strong>, we maintain strict quality standards by ensuring:</p><p><strong>Strong and durable materials</strong></p><p><strong>Ergonomic design for comfort</strong></p><p><strong>High load-bearing capacity</strong></p><p><br></p><p><strong>With a dedication to quality, comfort, and customer satisfaction, EAST INDIA TRADING CO continues to provide reliable office furniture solutions that enhance workplace efficiency and style.</strong></p><p><br></p><h3><em>EAST INDIA TRADING CO – Creating Comfortable &amp; Professional Workspaces.</em></h3><p><br></p>",east-india-trading-co-kolkata,,,,,,"14/1B, EZRA STREET, KOLKATA",KOLKATA,West Bengal,India,700001.0,
5F03F310-0FF8-45D6-9D97-5936778F8D2C,POONIA CARGO PACKERS AND MOVERS,A7082183-D0D7-4618-AE36-363179FBC29D,"<h3><em>POONIA CARGO PACKERS AND MOVERS</em></h3><h4><strong>Poonia Cargo Packers and Movers is a reliable and customer-focused company providing professional packing, moving, and relocation services for residential, commercial, and industrial clients. We are committed to making every move safe, smooth, and stress-free, backed by trained staff and proven logistics practices.</strong></h4><p><br></p><h4><strong>Our Service Range</strong></h4><ol><li data-list=""bullet""><span class=""ql-ui"" contenteditable=""false""></span>Household Shifting Services</li><li data-list=""bullet""><span class=""ql-ui"" contenteditable=""false""></span>Office &amp; Corporate Relocation</li><li data-list=""bullet""><span class=""ql-ui"" contenteditable=""false""></span>Local &amp; Domestic Moving Services</li></ol><p><br></p><h4><strong>Why Choose Poonia Cargo Packers and Movers</strong></h4><ol><li data-list=""bullet""><span class=""ql-ui"" contenteditable=""false""></span>Experienced and trained moving professionals</li><li data-list=""bullet""><span class=""ql-ui"" contenteditable=""false""></span>High-quality packing materials for maximum safety</li><li data-list=""bullet""><span class=""ql-ui"" contenteditable=""false""></span>Timely pickup and on-time delivery</li></ol><p><br></p><h4><strong>Our Assurance</strong></h4><p><strong>At Poonia Cargo Packers and Movers, we assure complete safety, careful handling, and reliable delivery of your goods. Every consignment is handled with attention to detail, ensuring peace of mind from packing to final placement.</strong></p><p><strong>With a growing reputation for trust and efficiency, Poonia Cargo Packers and Movers stands as a dependable name in the relocation industry. Our commitment to quality service, customer satisfaction, and professional ethics makes us the preferred choice for all packing and moving needs.</strong></p><p><br></p><p><br></p><p><br></p><p><br></p>",poonia-cargo-packers-and-movers-haveli-pune,,,,,,"PLOT NO.92/1, FLAT NO.2 SECTOR NO.16, HAVELI, RAJESHIVAJI NAGAR, Pimpri Chinchwad",PUNE,Maharashtra,India,411019.0,HAVELI
4DA5DF6A-8EEF-4A2F-A79A-59BDCF515342,SARASWATI BIO CHEM,1005C1EA-FC72-4615-9622-A677C710C7EF,"<h3><strong>Saraswati&nbsp;Bio&nbsp;Chem&nbsp;continues&nbsp;to&nbsp;serve&nbsp;as&nbsp;a&nbsp;trusted&nbsp;partner&nbsp;in&nbsp;the&nbsp;healthcare&nbsp;sector.&nbsp;Our&nbsp;focus&nbsp;on&nbsp;quality,&nbsp;integrity,&nbsp;and&nbsp;customer&nbsp;satisfaction&nbsp;enables&nbsp;us&nbsp;to&nbsp;build&nbsp;long-term&nbsp;relationships&nbsp;while&nbsp;contributing&nbsp;positively&nbsp;to&nbsp;community&nbsp;health&nbsp;and&nbsp;wellness.</strong></h3>",saraswati-bio-chem-healthcare-products-aids-kurukshetra,"Trusted Healthcare, Hygiene & Bio-Chemical Solutions for Better Well-Being","Manufacturer and supplier of healthcare products, medical aids, bio-chemical products, and hygiene care solutions.","SARASWATI BIO CHEM is a trusted manufacturer and supplier of healthcare products, medical aids, pharmaceutical and bio-chemical products, disinfectants, and hygiene care solutions. We focus on delivering safe, reliable, and quality-tested products that support healthcare institutions, pharmacies, and wellness needs.","To improve health and hygiene through safe, effective, and quality solutions.",Quality-Driven Manufacturing,"OPP. GEETA HIGH SCHOOL, RAILWAY ROAD, KURUKSHETRA",KURUKSHETRA,Haryana,India,136118.0,
Healthcare Standards Compliance,,,,,,,,,,,,,,,
Reliable & Consistent Performance,,,,,,,,,,,,,,,
Safe & Effective Products,1,,,,,,,,,,,,,,
64E06E79-9AE6-4494-8BE2-59D045964703,WIRELESS INFRATELE PVT LTD,27516874-0E9F-4DE4-9F66-65D999A13EC3,<p><strong>Manufacturer of Wireless Infratele Brand. Deals in Mobile Accessories &amp;Data Cable &amp;Charges </strong></p>,"wireless-infratele-pvt-ltd-kolkata,-khidirpur-market-kolkata",,,,,,"1ST, 2, DENT MISSION ROAD, KHIDDERPORE",KOLKATA ,West Bengal,India,700023.0,"KOLKATA,  Khidirpur Market "
C79281B4-208D-4B4B-9ECA-5AA645AF04D6,Baba Bansi Overseas Private Limited,EF8F9370-6136-4E43-AD23-C1C35219A3E2,"<p><strong>With&nbsp;a&nbsp;commitment&nbsp;to&nbsp;excellence&nbsp;and&nbsp;customer&nbsp;satisfaction,&nbsp;Baba&nbsp;Bansi&nbsp;Overseas&nbsp;Private&nbsp;Limited&nbsp;continues&nbsp;to&nbsp;grow&nbsp;as&nbsp;a&nbsp;trusted&nbsp;name&nbsp;in&nbsp;the&nbsp;food&nbsp;packaging&nbsp;industry.&nbsp;Our&nbsp;focus&nbsp;on&nbsp;quality,&nbsp;innovation,&nbsp;and&nbsp;dependable&nbsp;service&nbsp;makes&nbsp;us&nbsp;a&nbsp;preferred&nbsp;partner&nbsp;for&nbsp;reliable&nbsp;food&nbsp;packaging&nbsp;materials&nbsp;and&nbsp;supplies.</strong></p><h4></h4><h4></h4>",baba-bansi-overseas-private-limited-food-packaging-materials-supplies-extension-phase-3-karnal-industrial-area-karnal,"B2B Food Packaging Supplier : Safe, Hygienic & Durable Solutions.","Trusted and Verified B2B supplier manufacturing and exporting certified food-grade packaging materials for the hospitality, retail, and food processing sectors.","Baba Bansi Overseas Private Limited is a quality-driven manufacturer supplying bulk food-grade packaging solutions. Serving global food processing and retail industries, our durable films, pouches, and containers meet strict safety compliance norms, making us a dependable B2B partner.","Leading the B2B food packaging industry via innovative, quality-tested, safe solutions.",Certified Materials: 100% certified food-grade materials.,"369, Extension Phase-3 Karnal Industrial Area, Sector-3, Karnal",KARNAL,Haryana,India,132001.0,Extension Phase-3 Karnal Industrial Area
Global Compliance: Strict hygiene & international safety norms.,,,,,,,,,,,,,,,
B2B Reliability: Trusted BONC Network partner for volume & quality.,,,,,,,,,,,,,,,
Dependable Service: Robust supply chain built for scaling business.,1,,,,,,,,,,,,,,
A6B85305-F84B-47B1-BC4D-5C23F698C044,INDIAN HARDWARE,E36BD63F-2D6D-4684-9C9B-C5631AF20C0D,"<p><strong>INDIAN&nbsp;HARDWARE&nbsp;stands&nbsp;for&nbsp;strength,&nbsp;reliability,&nbsp;and&nbsp;excellence&nbsp;in&nbsp;door&nbsp;and&nbsp;window&nbsp;hardware&nbsp;solutions.&nbsp;With&nbsp;our&nbsp;wide&nbsp;product&nbsp;range&nbsp;and&nbsp;dedication&nbsp;to&nbsp;quality,&nbsp;we&nbsp;continue&nbsp;to&nbsp;serve&nbsp;customers&nbsp;with&nbsp;trusted&nbsp;products&nbsp;that&nbsp;enhance&nbsp;safety&nbsp;and&nbsp;durability.</strong></p><p></p><p></p>",indian-hardware-door-window-hinges-fittings-kolkata-chadni-market-kolkata,"Premium Door & Window Hardware Built for Strength, Safety & Durability","Trusted supplier of door hinges, window hinges, stainless steel, brass, and mild steel hardware fittings.","INDIAN HARDWARE is a reliable supplier of premium door and window hardware solutions. We specialize in hinges and fittings made from stainless steel, brass, and mild steel, offering products that ensure smooth operation, corrosion resistance, durability, and long-lasting performance for residential, commercial, and industrial applications.",To be a preferred provider of durable and reliable hardware fitting solutions.,Premium Quality Hardware Products,"GROUND, 167/6, LENIN SARANI, KOLKATA",KOLKATA,West Bengal,India,700072.0,Kolkata Chadni Market
Strong & Durable Construction,,,,,,,,,,,,,,,
Rust & Corrosion Resistant,,,,,,,,,,,,,,,
Smooth & Reliable Operation,1,,,,,,,,,,,,,,
F06972FC-F843-4444-9418-5DFB6CFCACE0,ARUMAI HEALTHCARE AND BIOTECH,7D502AEA-8089-4A06-8EC6-83093D66F0A8,"<h2><strong><em>ARUMAI HEALTHCARE AND BIOTECH</em></strong></h2><p><br></p><p><strong><em>ARUMAI HEALTHCARE AND BIOTECH</em></strong><em> is a dedicated manufacturer and supplier of premium </em><strong><em>Ayurvedic, Herbal Products &amp; Medicine</em></strong><em>, committed to promoting natural healing and holistic wellness. Rooted in the principles of Ayurveda and supported by modern research practices, we develop safe, effective, and high-quality herbal healthcare solutions.</em></p><p><em> Healthcare and Biotech, we are driving maker and exporter of a wide scope of Herbal Tablets, Herbal Capsules, Herbal, and Ayurvedic Oil and we are offering Pharma Franchise to our customers. All of Arumai Healthcare and Biotech items are made in WHO-GMP Certified Facilities to give you the best quality Ayurveda items accessible on the lookout. Along these lines, Arumai Healthcare and Biotech is the best Ayurvedic PCD Franchise Company in India.</em></p><p><br></p><h2><strong><em>Our Product Range</em></strong></h2><p><em>Ayurvedic Medicines</em></p><p><em>Herbal Capsules &amp; Tablets</em></p><p><em>Herbal Syrups &amp; Tonics</em></p><p><em>Immunity Boosters</em></p><p><em>Herbal Health Supplements</em></p><p><br></p><h2><strong><em>Why Choose ARUMAI HEALTHCARE AND BIOTECH?</em></strong></h2><p><em>✔ Authentic Ayurvedic Formulations</em></p><p><em> ✔ High-Quality Herbal Ingredients</em></p><p><em> ✔ Quality-Controlled Manufacturing Process</em></p><p><em> ✔ Safe &amp; Effective Products</em></p><p><br></p><h2><strong><em>Quality Assurance</em></strong></h2><p><em>At ARUMAI HEALTHCARE AND BIOTECH, strict quality standards are maintained from raw material sourcing to final packaging. Our products are developed with a focus on purity, safety, and compliance with industry guidelines to ensure customer trust.</em></p><p><br></p><h3><strong><em>ARUMAI HEALTHCARE AND BIOTECH – Reviving Health through Nature &amp; Science.</em></strong></h3>",arumai-healthcare-and-biotech-karnal-industrial-area-karnal,,,,,,"PLOT No 58B, Karnal Industrial Area, SECTOR-3, Karnal",KARNAL,Haryana,India,132001.0,Karnal Industrial Area
AA6F7AF6-4FDC-4690-B961-611BF1B18121,BHARAT MARBLE & MINERAL WORKS,DF1E923B-44B1-46C6-83CC-67FB8212BFF4,"<p><strong>BHARAT MARBLE &amp; MINERAL WORKS is a trusted name in the field of stone tiles and flooring solutions, known for delivering premium-quality marble and natural stone products. With years of industry experience, we specialize in sourcing, processing, and supplying durable and aesthetically superior stone materials that enhance both residential and commercial spaces.</strong></p><p><br></p><h4><strong><em>Product Range</em></strong></h4><p><strong>We offer a wide and carefully selected range of stone and flooring products, including:</strong></p><p>Marble Tiles</p><p>Natural Stone Tiles</p><p>Stone Flooring Solutions</p><p>Polished &amp; Unpolished Marble</p><p><br></p><h4><strong><em>Why Choose Us</em></strong></h4><p><strong><u>Premium Quality Materials</u></strong><u> </u>sourced from reliable quarries</p><p><strong><u>Skilled Processing &amp; Finishing</u></strong> for superior surface quality</p><p><strong><u>Wide Variety of Designs &amp; Sizes</u></strong></p><p><strong><u>Competitive Pricing</u></strong> without compromising quality</p><p><br></p><h4><strong><em>Quality Assurance</em></strong></h4><p><strong>Quality is the foundation of BHARAT MARBLE &amp; MINERAL WORKS. Each product undergoes strict quality checks at every stage—from raw material selection to final dispatch. We ensure consistency in texture, finish, thickness, and durability, meeting industry standards and customer expectations.</strong></p><p><br></p><p><strong>At BHARAT MARBLE &amp; MINERAL WORKS, we don’t just supply stone—we deliver elegance, reliability, and value. Our dedication to excellence and ethical business practices makes us a preferred partner for all stone tile and flooring needs. We look forward to building lasting relationships through quality products and dependable service.</strong></p><p><br></p><p><br></p>",bharat-marble-&-mineral-works-liluah-kolkata,,,,,,"GROUND FLOOR, LILUAH, AGRASEN BOYS SCHOOL, 2 SETH PARASURAM BAZAZ ROAD, Liluah",KOLKATA ,West Bengal,India,711204.0,LILUAH
B7DC10D6-6F79-4367-8536-625D0938C566,M/S LA SWISS ENTERPRISE,1CE07F79-319E-4574-B1D9-D28CF77413FB,"<p><strong>M/S&nbsp;LA&nbsp;SWISS&nbsp;ENTERPRISE&nbsp;stands&nbsp;for&nbsp;quality,&nbsp;reliability,&nbsp;and&nbsp;precision&nbsp;engineering.&nbsp;By&nbsp;consistently&nbsp;delivering&nbsp;durable&nbsp;and&nbsp;well-crafted&nbsp;hardware&nbsp;fittings,&nbsp;we&nbsp;strive&nbsp;to&nbsp;build&nbsp;long-term&nbsp;partnerships&nbsp;with&nbsp;our&nbsp;customers.&nbsp;We&nbsp;are&nbsp;committed&nbsp;to&nbsp;supporting&nbsp;your&nbsp;projects&nbsp;with&nbsp;dependable&nbsp;products&nbsp;and&nbsp;professional&nbsp;service.</strong></p>",ms-la-swiss-enterprise-brackets-hitches-holder-hardware-fittings-howarh-kolkatachadni-market-kolkata,"Precision-Engineered Brackets, Hitches & Hardware Fittings Solutions","Manufacturer and supplier of brackets, hitches, holders, and hardware fittings for industrial and commercial applications.","M/S LA SWISS ENTERPRISE is a trusted manufacturer and supplier of brackets, hitches, holders, and hardware fittings. We deliver precision-engineered products designed for strength, durability, and reliable performance, serving industrial, commercial, engineering, fabrication, and infrastructure sectors.",To be a leading provider of precision hardware and fitting solutions.,Premium Quality Raw Materials,"FL-303, 3RD-FR, SOUTH BUXARAH 1ST BYE LANE, HOWRAH",KOLKATA,West Bengal,India,711109.0,"Howarh,  kolkata/Chadni market "
Precision Manufacturing Standards,,,,,,,,,,,,,,,
Customized Product Solutions,,,,,,,,,,,,,,,
Durable & Reliable Products,1,,,,,,,,,,,,,,
3F955A44-C887-4601-BEA6-62C045593326,KINERGY RENEWABLES PRIVATE LIMITED,03AD2C00-9A34-4185-887A-F4657216BF78,"<p><strong>KINERGY RENEWABLES PRIVATE LIMITED is a progressive company dedicated to providing solar, renewable energy, and energy conservation solutions. We focus on delivering sustainable, efficient, and cost-effective energy products that support a cleaner environment and reduced energy consumption for residential, commercial, and industrial applications.</strong></p><p><br></p><h4><strong><em>Product Range</em></strong></h4><p><strong>We offer a comprehensive range of renewable and energy-efficient solutions, including:</strong></p><p>Solar Power Systems</p><p>Solar Panels &amp; Modules</p><p>Solar Inverters &amp; Controllers</p><p><br></p><h4><strong><em>Why Choose Us</em></strong></h4><p><strong>Advanced Solar &amp; Renewable Technologies</strong></p><p><strong>Energy-Efficient and Eco-Friendly Solutions</strong></p><p><strong>Customized System Design &amp; Support</strong></p><p><br></p><h4><strong><em>Quality Assurance</em></strong></h4><p><strong>Quality and performance are core values at KINERGY RENEWABLES PRIVATE LIMITED. Each solar and renewable energy product undergoes strict quality checks to ensure safety, efficiency, and compliance with industry standards. We focus on reliability, long operational life, and consistent performance under diverse conditions.</strong></p><p><br></p><p><strong>At KINERGY RENEWABLES PRIVATE LIMITED, we believe in powering the future through clean, renewable, and sustainable energy solutions. Our dedication to quality, innovation, and customer satisfaction makes us a trusted partner in the renewable energy journey. We look forward to supporting a greener and more energy-efficient tomorrow.</strong></p>",kinergy-renewables-private-limited-inner-ring-road-agra,,,,,,"KHASRA NO 27, INNER RING ROAD, GUTILA INDUSTRIAL AREA, Agra",AGRA,Uttar Pradesh,India,282001.0,INNER RING ROAD
6D3065CB-83C3-446D-B4C6-641E6E5F24E1,MAHARAJA,9AFD649D-EF30-4820-827C-4AF93A337C01,"<p><strong>&nbsp;MAHARAJA&nbsp;stands&nbsp;as&nbsp;a&nbsp;dependable&nbsp;provider&nbsp;of&nbsp;Fast&nbsp;Food&nbsp;&amp;&nbsp;Beverages&nbsp;Machinery.&nbsp;We&nbsp;continue&nbsp;to&nbsp;empower&nbsp;food&nbsp;businesses&nbsp;with&nbsp;equipment&nbsp;that&nbsp;delivers&nbsp;performance,&nbsp;quality,&nbsp;and&nbsp;profitability.</strong></p><p></p><p></p>",maharaja-fast-food-beverages-machinery-kolkata,Advanced Food & Beverage Machinery for Efficient Business Operations,"Trusted supplier of fast food and beverage machinery for restaurants, cafés, food outlets, and commercial kitchens.","MAHARAJA is a reliable supplier of fast food and beverage machinery, offering high-performance equipment for commercial kitchens, restaurants, cafés, and beverage businesses. Our machines are designed for efficiency, durability, hygiene, and consistent output, helping businesses enhance productivity and customer satisfaction.",To be a trusted provider of innovative food and beverage machinery solutions.,Heavy-Duty Machine Construction,"Ground Floor, 1A, BONFIELD LANE, Burrabazar",Kolkata ,West Bengal,India,700001.0,
High Production Efficiency,,,,,,,,,,,,,,,
Easy Operation & Maintenance,,,,,,,,,,,,,,,
Energy-Efficient Equipment,1,,,,,,,,,,,,,,
CDA24D2F-59B5-44C5-B465-64A8EE7FAC59,CHANDRA NATH GHOSH & BROTHERS,D9955ED9-7689-483C-8F80-7C23CA7E679D,"<p>A&nbsp;prominent&nbsp;industrial&nbsp;pipe&nbsp;fitting&nbsp;supplier&nbsp;in&nbsp;Kolkata.&nbsp;Chandra&nbsp;Nath&nbsp;Ghosh&nbsp;&amp;&nbsp;Brothers&nbsp;is&nbsp;not&nbsp;just&nbsp;a&nbsp;name,&nbsp;it&#39;s&nbsp;a&nbsp;trust&nbsp;we&nbsp;build&nbsp;Generation&nbsp;By&nbsp;Generation.</p><p>A&nbsp;flawless&nbsp;experience&nbsp;and&nbsp;customer&nbsp;service&nbsp;with&nbsp;lasting&nbsp;quality&nbsp;delivery.</p>",chandra-nath-ghosh-brothers-industrial-pipe-tube-fittings-barabajar-kolkata-kolkata,115 Years. Trusted by industries. Tested by time.,"CHANDRA NATH GHOSH & BROTHERS is not just a name, it's a trust and reputation in serving a wide range of industries with reliable and high-performance products. Quality, Solidity, Reliability and Unmatched Customer Service.","Chandra Nath Ghosh & Brothers is a prominent supplier of industrial pipe and tube fittings — including elbows, tees, bends, and reducers — serving a wide range of industries with reliable, high-performance products. As authorized dealers of leading brands such as Tata, Jindal & Bansal GI Pipes, Astral PVC Pipes, Sintex, Patton & Balaji Roto Moulder Water Tanks, and MS Square Pipes, we offer a comprehensive product range backed by a strong vendor network and consistent supply. Every product is sourced under strict quality guidelines, ensuring dimensional accuracy, material strength, and compliance with industrial standards. With years of industry experience, we stand for quality, dependability, and precision — committed to supporting the efficiency and growth of our clients' operations through excellence in every supply.","To be the most trusted name in industrial piping solutions across Kolkata and West Bengal, where decades of integrity meet the demands of a modern industrial future.",•,"10, RAJA WOODMUNT STREET, KOLKATA",KOLKATA,West Bengal,India,700001.0,"Barabajar , Kolkata "
•,Wide range of sizes and specifications,,,,,,,,,,,,,,
•,Strong vendor network with consistent supply,,,,,,,,,,,,,,
•,"Strict quality checks for dimensional accuracy, material strength & compliance with industrial standards",,,,,,,,,,,,,,
DB2FE877-A39A-4C5C-B720-64C8D64F24E7,TIRUPATI MARBLE,DF1E923B-44B1-46C6-83CC-67FB8212BFF4,"<p><strong>Tirupati Marble is a trusted name in the field of stone tiles and floorings, offering a wide range of premium-quality marble tiles that add elegance, durability, and timeless beauty to every space. With a strong commitment to quality and customer satisfaction, we have established ourselves as a reliable supplier for residential, commercial, and architectural projects.</strong></p><p><br></p><h4><strong>Our Product Range</strong></h4><p>We specialize in a comprehensive range of <strong>stone and marble flooring solutions</strong>, including:</p><p>Marble Tiles</p><p>Stone Tiles</p><p>Flooring Stones</p><p>Polished &amp; Natural Finish Marbles</p><p><br></p><h4><strong>Why Choose Tirupati Marble?</strong></h4><p>Premium Quality Marble &amp; Stone</p><p>Wide Variety of Designs &amp; Finishes</p><p>Competitive Pricing</p><p>Timely Delivery</p><p><br></p><h4><strong>Quality Assurance</strong></h4><p><strong>At Tirupati Marble, quality is our top priority. Each product undergoes strict quality checks to ensure consistency, durability, and superior surface finish. We focus on delivering stones that enhance the value and beauty of every project.</strong></p><p><br></p><p><strong>With a dedication to excellence and a passion for natural stone, Tirupati Marble continues to be a preferred choice for quality marble tiles and stone flooring solutions. We strive to transform spaces with elegance, durability, and lasting impression.</strong></p><p><br></p>",tirupati-marble-kolkata,,,,,,"4P, GOUR  SUNDAR SETT LANE, SINTHEE",KOLKATA ,West Bengal,India,700050.0,
41F155A0-52E9-482F-9F76-66191E7A69AC,PRABHUJI PLYWOOD,A7CC36F8-5411-40C1-A8EA-5EC8B1CA123F,<p><strong>Dealer&nbsp;of&nbsp;Aluminum&nbsp;channels&nbsp;&amp;&nbsp;Acp&nbsp;sheets.&nbsp;All&nbsp;False&nbsp;Ceiling&nbsp;material.</strong></p>,prabhuji-plywood-bamboo-wooden-cane-furniture-kolkata,"Complete Aluminum, ACP & False Ceiling Solutions Under One Roof","Trusted dealer of aluminum channels, ACP sheets, and false ceiling materials for commercial, residential, and interior projects.","H R ENTERPRISE is a reliable dealer of aluminum channels, ACP sheets, and complete false ceiling materials. We cater to contractors, architects, fabricators, and interior designers by supplying quality products that offer durability, modern aesthetics, and dependable performance for residential and commercial projects.",To be a preferred supplier of quality ceiling and architectural material solutions.,Quality Aluminum & ACP Products,"76, ELLIOT ROAD, PARK STREET, KOLKATA",KOLKATA,West Bengal,India,700016.0,
Complete False Ceiling Solutions,,,,,,,,,,,,,,,
Wide Product Availability,,,,,,,,,,,,,,,
Durable & Reliable Materials,1,,,,,,,,,,,,,,
A82BF78E-CD05-49F7-80A1-673224830BED,HUSAINI TRADERS,FCA728E4-34E1-4D81-A209-C8E3EFF2E945,"<h2><strong><em>HUSAINI TRADERS</em></strong></h2><p><br></p><p><strong><em>HUSAINI TRADERS</em></strong><em> is a reliable supplier of premium </em><strong><em>Safety Equipment, Devices &amp; Systems</em></strong><em>, dedicated to ensuring workplace safety and protection across various industries. We provide high-quality safety solutions designed to meet industrial standards and safeguard personnel, property, and operations.</em></p><p><br></p><h2><strong><em>Our Product Range</em></strong></h2><p><em>Personal Protective Equipment (PPE)</em></p><p><em>Safety Helmets &amp; Gloves</em></p><p><em>Safety Shoes &amp; Jackets</em></p><p><em>Face Shields &amp; Goggles</em></p><p><em>Fire Safety Equipment</em></p><p><em>Safety Signages</em></p><p><br></p><h2><strong><em>Why Choose HUSAINI TRADERS?</em></strong></h2><p><em>✔ Certified &amp; Quality-Tested Products</em></p><p><em> ✔ Wide Range of Safety Solutions</em></p><p><em> ✔ Durable &amp; Reliable Equipment</em></p><p><em> ✔ Competitive Pricing</em></p><p><br></p><h2><strong><em>Quality Commitment</em></strong></h2><p><em>At HUSAINI TRADERS, we ensure that all safety equipment complies with industry norms and performance standards. Each product is carefully inspected to guarantee durability, protection efficiency, and reliability under demanding conditions.</em></p><p><br></p><h2><strong><em>Our Vision</em></strong></h2><p><em>To be a trusted partner in industrial and commercial safety by delivering dependable products and promoting a culture of protection and compliance.</em></p><p><br></p><h3><strong><em>HUSAINI TRADERS – Protecting What Matters Most.</em></strong></h3>","husaini-traders-barabajar-,-kolkata-kolkata",,,,,,"GROUND FLOOR, 36, 39 STRAND ROAD, kolkata",KOLKATA,West Bengal,India,700001.0,"Barabajar , Kolkata "
B3CD53E6-3502-4C4A-BED3-680511FE8CE7,PRATIMA ENTERPRISE,1578F70E-B915-4C1B-976C-59641A0944D2,"<p><strong>PRATIMA&nbsp;ENTERPRISE&nbsp;stands&nbsp;for&nbsp;quality,&nbsp;affordability,&nbsp;and&nbsp;reliability&nbsp;in&nbsp;mobile&nbsp;solutions.&nbsp;With&nbsp;our&nbsp;wide&nbsp;range&nbsp;of&nbsp;mobile&nbsp;phones&nbsp;and&nbsp;accessories,&nbsp;we&nbsp;continue&nbsp;to&nbsp;meet&nbsp;customer&nbsp;expectations&nbsp;and&nbsp;support&nbsp;growing&nbsp;digital&nbsp;lifestyles.</strong></p>",pratima-enterprise-mobile-phone-accessories-kolkata-khidirpur-kolkata,Latest Smartphones & Mobile Accessories at Competitive Prices,"Trusted supplier of smartphones, chargers, data cables, and mobile accessories from leading brands.","PRATIMA ENTERPRISE is a reliable supplier of mobile phones and accessories, offering the latest smartphones, chargers, fast chargers, USB cables, and data cables. We provide genuine, quality-assured products at competitive prices, catering to retail customers, distributors, and bulk buyers with dependable mobile solutions.",To be a trusted destination for innovative mobile technology and accessories,Latest Smartphone Models Available,"GROUND FLOOR, SHOP NO 20, 3C, MADAN STREET, KOLKATA",KOLKATA,West Bengal,India,700072.0,Kolkata Khidirpur 
Genuine & Quality-Assured Products,,,,,,,,,,,,,,,
Competitive Market Pricing,,,,,,,,,,,,,,,
Wide Product Availability,1,,,,,,,,,,,,,,
A287B933-9E67-4773-8591-69D6FB9F0982,ADHIKARI  ENTERPRISE,05C6CEE2-DCF5-4633-9DBF-3CBE17AAFF2F,<p><strong>Software Consultant &amp; website Development Services </strong></p><p><strong>Branding </strong></p><p><strong>Marketing</strong></p><p><strong>Lead generation .</strong></p>,adhikari-enterprise-kolkata,,,,,,"402/2, BAISHNABGHATA, PATULI, PANCHASAYAR",KOLKATA ,West Bengal,India,700094.0,
EDB959BB-6A36-4FA3-B427-6B5F15664B20,R. S. COMMUNICATION,1578F70E-B915-4C1B-976C-59641A0944D2,"<h2><strong><em>R. S. COMMUNICATION</em></strong></h2><h3><em>Mobile Phones &amp; Accessories</em></h3><p><br></p><p><strong><em>R. S. COMMUNICATION</em></strong><em> is a reliable and customer-focused company engaged in trading and supplying a wide range of </em><strong><em>Mobile Phones &amp; Accessories</em></strong><em>. We are committed to delivering quality products, latest technology, and excellent customer service at competitive prices.</em></p><p><br></p><h3><em>Your Trusted Destination for Mobile Solutions</em></h3><p><br></p><h2><em>Our Product Range</em></h2><p><em>We deal in a comprehensive range of products, including:</em></p><p><em>Smartphones (All Major Brands)</em></p><p><em>Feature Phones</em></p><p><em>Mobile Chargers &amp; Fast Chargers</em></p><p><br></p><h2><em>Why Choose Us</em></h2><p><em>✔ Genuine &amp; Branded Products</em></p><p><em> ✔ Latest Models Available</em></p><p><em> ✔ Competitive Pricing</em></p><p><br></p><h2><em>Quality Assurance</em></h2><p><em>We ensure that all products supplied by R. S. COMMUNICATION are:</em></p><p><em>Original &amp; Authentic</em></p><p><em>Tested for Performance</em></p><p><em>Safe &amp; Reliable</em></p><p><br></p><h2><em>Our Vision</em></h2><p><em>To become a leading mobile phone and accessories supplier by providing advanced technology products and outstanding customer service.</em></p><p><br></p><p><em>At R. S. COMMUNICATION, we are dedicated to keeping you connected with the best in mobile technology. Whether you are looking for a new smartphone or reliable accessories, we provide quality products that match your needs and budget.</em></p><p><br></p><h3><strong><em>""Stay Connected, Stay Ahead.""</em></strong></h3><p><br></p><p><br></p><p><br></p><p><br></p>",r.-s.-communication-kolkata-kolkata,,,,,,"SHOP NO. 15, 82B, MANSATALA LANE,, KOLKATA",KOLKATA,West Bengal,India,700023.0,KOLKATA
4D714DBD-469C-4A86-8E30-6B60C4500AF8,Dhiman Enterprises,F2A72F2F-AF65-4ED7-8724-1BE79747B838,"<p><strong>Dhiman Enterprises is a reliable and quality-focused supplier of automotive lights and lighting parts, catering to the needs of the automotive aftermarket and OEM support sector. With a commitment to performance, safety, and durability, we provide lighting solutions that enhance vehicle visibility, aesthetics, and road safety.</strong></p><p><br></p><h4><strong>Our Product Range</strong></h4><p>We offer a comprehensive range of <strong>automotive lighting solutions</strong>, including:</p><p>Head Lamps &amp; Tail Lamps</p><p>Fog Lamps &amp; Indicator Lights</p><p>LED Automotive Lights</p><p>Two-Wheeler &amp; Four-Wheeler Lighting Parts</p><p><br></p><h4><strong>Why Choose Dhiman Enterprises</strong></h4><p>High-Quality Automotive Lighting Products</p><p>Wide Product Range</p><p>Competitive Pricing</p><p>Reliable Supply &amp; Timely Delivery</p><p><br></p><h4><strong>Quality Assurance</strong></h4><p><strong>At Dhiman Enterprises, quality is our top priority. Each product undergoes strict quality checks to ensure brightness, durability, and compliance with automotive standards. We focus on delivering products that offer long service life and consistent performance.</strong></p><p><br></p><p><strong>With a focus on quality, innovation, and customer satisfaction, Dhiman Enterprises continues to grow as a trusted name in automotive lights and lighting parts, delivering solutions that combine safety, efficiency, and value.</strong></p><p><br></p><p><br></p><p><br></p>",dhiman-enterprises-karnal,,,,,,"622, OLD CHAR CHAMAN, KARNAL",KARNAL,Haryana,India,132001.0,
4E06F8E3-720D-471E-A043-6EE803301DAA,Samiya Handicrafts,63F67FC6-82BC-4196-B7F1-50A566D62A58,"<p><strong>Samiya Handicrafts is a forward-thinking firm specializing in business planning and management solutions. We provide expert guidance and strategic support to help businesses streamline operations, enhance productivity, and achieve sustainable growth. With a focus on efficiency, innovation, and client satisfaction, we empower businesses to turn their ideas into successful ventures.</strong></p><p><br></p><h4><strong>Our Services</strong></h4><p>We offer a comprehensive range of services in <strong>business planning and management</strong>, including:</p><p>Strategic Business Planning</p><p>Operational Management Solutions</p><p>Financial Planning &amp; Budgeting</p><p>Project Management &amp; Implementation</p><p><br></p><h4><strong>Why Choose Samiya Handicrafts</strong></h4><p>Experienced Team of Professionals</p><p>Customized &amp; Practical Solutions</p><p>Focus on Long-Term Growth &amp; Sustainability</p><p>Ethical &amp; Transparent Practices</p><p><br></p><p><strong>With a passion for helping businesses grow, Samiya Handicrafts continues to provide smart, practical, and effective business planning and management solutions that transform challenges into opportunities and visions into reality.</strong></p><p><br></p>",samiya-handicrafts-sarai-tarin-sambhal,,,,,,"177, Sarai Tarin, Akbari Masjid, Bhuda, Sambhal",SAMBHAL,Uttar Pradesh,India,244303.0,Sarai Tarin
642409BE-5BC7-4FCC-B7A6-6F814383589E,AARNA ENTERPRISES,85413347-9AEF-418E-B729-202B546602AC,"<h2><strong><em>AARNA ENTERPRISES</em></strong></h2><p><strong><em>Home, Kitchen Appliances &amp; Parts</em></strong></p><p><br></p><p><strong><em>AARNA ENTERPRISES</em></strong><em> is a reliable supplier and distributor of high-quality </em><strong><em>Home and Kitchen Appliances &amp; Spare Parts</em></strong><em>. We provide modern, energy-efficient, and durable appliance solutions that make everyday living easier and more convenient.</em></p><p><br></p><h2><strong><em>Our Product Range</em></strong></h2><p><em>We offer a comprehensive range of products including:</em></p><p><em>Mixer Grinders</em></p><p><em>Induction Cooktops</em></p><p><em>Electric Kettles</em></p><p><em>Gas Stoves &amp; Cooktops</em></p><p><em>Chimneys &amp; Exhaust Systems</em></p><p><br></p><h2><strong><em>Why Choose AARNA ENTERPRISES</em></strong></h2><p><em>✔ Wide Product Availability</em></p><p><em> ✔ Competitive Pricing</em></p><p><em> ✔ Quality Assured Products</em></p><p><em> ✔ Prompt Supply &amp; Service Support</em></p><p><br></p><h2><strong><em>Our Vision</em></strong></h2><p><em>To become a trusted name in home and kitchen appliance solutions by delivering innovative, reliable, and affordable products.</em></p><p><br></p><p><em>At </em><strong><em>AARNA ENTERPRISES</em></strong><em>, we are committed to providing efficient and dependable </em><strong><em>Home &amp; Kitchen Appliances and Parts</em></strong><em> that enhance comfort, convenience, and daily living.</em></p><p><br></p><h3><strong><em>Smart Appliances. Reliable Performance. Trusted Quality.</em></strong></h3>",aarna-enterprises-noida,,,,,,"C-31, Sector 4, Noida",NOIDA,Uttar Pradesh,India,201301.0,
679AFEA5-9038-488D-893B-7075F04F7F5D,Dwarka Enterprises,04F3C873-6670-4877-B58B-A1ED3D1C71F2,"<p><strong>Dwarka Enterprises is a trusted supplier of inverters, UPS systems, and converters, dedicated to providing reliable power solutions for homes, offices, and industries. With a commitment to quality, durability, and performance, we ensure uninterrupted power supply for every requirement.</strong></p><p><br></p><h4><strong>Our Product Range</strong></h4><p>We offer a wide range of <strong>power solutions</strong>, including:</p><p>Inverters for Residential &amp; Commercial Use</p><p>Uninterruptible Power Supplies (UPS)</p><p>Voltage Converters &amp; Stabilizers</p><p>Battery Backup Systems</p><p><br></p><h4><strong>Why Choose Dwarka Enterprises</strong></h4><p>High-Quality Inverters, UPS &amp; Converters</p><p>Wide Product Range &amp; Competitive Pricing</p><p>Durable, Efficient &amp; Safe Solutions</p><p><br></p><h4><strong>Quality Assurance</strong></h4><p><strong>At Dwarka Enterprises, quality is our top priority. Every product undergoes stringent testing to ensure safety, efficiency, and long-term performance. We adhere to industry standards and use premium components to deliver reliable power solutions.</strong></p><p><strong>With a focus on reliability, performance, and customer satisfaction, Dwarka Enterprises continues to be a trusted name in inverters, UPS systems, and converters, offering solutions that empower homes and businesses with uninterrupted power.</strong></p>",dwarka-enterprises-pune,,,,,,"Floor No.-0, Shop No. C/11, Ivy Estate Road, Wagholi Avhalwadi",PUNE,Maharashtra,India,412207.0,
A25BB45A-D34D-4290-80DD-70CA4346DEE9,KHEMKA TRADING CORPORATION,CB75BB67-B63F-4592-BDB6-3D904DCA3F86,"<p><strong>KHEMKA&nbsp;TRADING&nbsp;CORPORATION&nbsp;delivers&nbsp;reliable&nbsp;wood&nbsp;and&nbsp;surface&nbsp;material&nbsp;solutions&nbsp;that&nbsp;enhance&nbsp;interiors&nbsp;with&nbsp;both&nbsp;functional&nbsp;performance&nbsp;and&nbsp;visual&nbsp;elegance&nbsp;—&nbsp;supporting&nbsp;projects&nbsp;of&nbsp;all&nbsp;scales&nbsp;and&nbsp;styles.</strong></p><p><strong>With&nbsp;a&nbsp;focus&nbsp;on&nbsp;quality,&nbsp;variety,&nbsp;and&nbsp;customer&nbsp;satisfaction,&nbsp;Khemka&nbsp;Trading&nbsp;Corporation&nbsp;continues&nbsp;to&nbsp;be&nbsp;a&nbsp;preferred&nbsp;choice&nbsp;for&nbsp;wood,&nbsp;plywood,&nbsp;veneer,&nbsp;and&nbsp;laminates,&nbsp;offering&nbsp;materials&nbsp;that&nbsp;enhance&nbsp;every&nbsp;project&nbsp;with&nbsp;elegance,&nbsp;durability,&nbsp;and&nbsp;style.</strong></p>",khemka-trading-corporation-wood-plywood-veneer-laminates-nimtalla,"Premium Wood, Plywood & Surface Solutions for Elegant Interiors","Trusted supplier of wood, plywood, veneers, and laminates for furniture, interiors, cabinetry, and construction projects.","KHEMKA TRADING CORPORATION is a reliable supplier of premium wood products, plywood, veneers, and laminates. We provide durable, moisture-resistant, and aesthetically appealing materials for residential, commercial, and industrial projects, helping create stylish interiors with long-lasting performance and functionality.",To be a preferred provider of quality wood and interior surface solutions.,Premium Quality Wood Materials,"67/21, STRAND ROAD, NIMTALLA",NIMTALLA,West Bengal,India,700006.0,
Wide Range of Veneers & Laminates,,,,,,,,,,,,,,,
Durable & Long-Lasting Products,,,,,,,,,,,,,,,
Moisture & Termite Resistant Solutions,1,,,,,,,,,,,,,,
A5C3FAEB-8DD8-4D06-9846-70F171B9F8E4,RAMDEO MARBLES & GRANITES (P) LTD.,DF1E923B-44B1-46C6-83CC-67FB8212BFF4,"<p><strong>&nbsp;Ramdeo&nbsp;Marbles&nbsp;&amp;&nbsp;Granites&nbsp;(P)&nbsp;Ltd.&nbsp;continues&nbsp;to&nbsp;be&nbsp;a&nbsp;trusted&nbsp;name&nbsp;in&nbsp;stone&nbsp;tiles&nbsp;and&nbsp;flooring&nbsp;solutions,&nbsp;transforming&nbsp;spaces&nbsp;with&nbsp;natural&nbsp;beauty&nbsp;and&nbsp;lasting&nbsp;value.</strong></p><h4></h4><p></p><p></p><p></p>",ramdeo-marbles-granites-p-ltd-stone-tiles-floorings-kolkata,Premium Marble & Granite Solutions for Timeless Floors and Elegant Spaces,"Leading supplier of marble, granite, stone tiles, and flooring solutions for residential, commercial, and industrial projects.","Ramdeo Marbles & Granites (P) Ltd. is a trusted provider of premium marble, granite, stone tiles, and flooring solutions. We offer a wide range of natural stone products known for their durability, elegance, and superior finish, helping create aesthetically appealing and long-lasting spaces across diverse projects.",To be a preferred destination for premium natural stone and flooring solutions.,Premium Quality Marble & Granite,"2A, BIDHAN NAGAR ROAD, MUCHIBAZAR",KOLKATA,West Bengal,India,700067.0,
Wide Range of Designs & Finishes,,,,,,,,,,,,,,,
Durable & Long-Lasting Materials,,,,,,,,,,,,,,,
Superior Craftsmanship Standards,1,,,,,,,,,,,,,,
86B6B2B1-0B76-47ED-BB0A-71742037137C,B. D. ENTERPRISES,43F96091-AECE-427D-B941-058D209A8629,<p><strong>Premium&nbsp;Quality&nbsp;Rice&nbsp;Distributor&nbsp;and&nbsp;Biryani&nbsp;Rice&nbsp;Specialist&nbsp;&amp;&nbsp;Suppliers.&nbsp;PREMIUM&nbsp;QUALITY&nbsp;BASAMATI&nbsp;&amp;NON&nbsp;-&nbsp;BASMATI&nbsp;RICE.&nbsp;Distributer&nbsp;of&nbsp;DEV&nbsp;BHUMI&nbsp;GOLD.</strong></p>,b-d-enterprises-cereals-food-grains-khidipur-bajar-kolkata,,,,,,"106, DIAMOND HARBOUR ROAD, KHIDIRPUR",KOLKATA,West Bengal,India,700023.0,Khidipur Bajar
95AAD3B0-212D-41CC-9A52-71FD67100710,VINAYAK INDUSTRIAL CORPORATION,6009E681-B9B4-4C11-91C9-6E9C0519B9B3,<p><strong>VINAYAK INDUSTRIAL CORPORATION is the Authorized Distributor of STIEBEL ELTRON  Water Heat Pumps.  </strong></p><p>    <strong><u>STIEBEL ELTRON </u></strong></p><p>     <strong>Comfort Through Technology </strong></p>,"vinayak-industrial-corporation-barabajar-,-kolkata-marshall-house-kolkata",,,,,,"GROUND FLOOR, 68, 25 Strand Road, Dalhousie",KOLKATA ,West Bengal,India,700001.0,"Barabajar , Kolkata  Marshall House"
12687ED6-5059-4A58-B74C-73EE0679EF38,VISHWAKARMA ENGINEERING WORKS,3BDDAF27-3BBA-45CD-B698-0ED56F7A7385,"<p><strong>&nbsp;Vishwakarma&nbsp;Engineering&nbsp;Works&nbsp;continues&nbsp;to&nbsp;be&nbsp;a&nbsp;trusted&nbsp;supplier&nbsp;of&nbsp;plastic&nbsp;and&nbsp;polymer&nbsp;sheets,&nbsp;offering&nbsp;versatile&nbsp;solutions&nbsp;that&nbsp;meet&nbsp;modern&nbsp;industrial&nbsp;and&nbsp;commercial&nbsp;demands.</strong></p>",vishwakarma-engineering-works-acrylic-foam-pvc-ldpe-hdpe-and-plastic-sheets-bhiwadi,Quality Plastic & Polymer Sheets for Industrial and Commercial Applications,"Trusted supplier of acrylic, foam, PVC, LDPE, HDPE, and plastic sheets for industrial, commercial, and residential use.","Vishwakarma Engineering Works is a reliable supplier of acrylic, foam, PVC, LDPE, HDPE, and plastic sheets. We provide durable, versatile, and cost-effective sheet solutions for industrial, commercial, construction, signage, fabrication, and residential applications, ensuring quality, consistency, and performance.",To be a leading provider of high-quality plastic and polymer sheet solutions.,Premium Quality Plastic Sheets,"PLOT NO-J-311, RIICO IND. AREA, BHIWADI",BHIWADI,Rajasthan,India,301019.0,
Wide Range of Sizes & Finishes,,,,,,,,,,,,,,,
Durable & Reliable Materials,,,,,,,,,,,,,,,
Competitive Pricing Structure,1,,,,,,,,,,,,,,
155359A6-C797-4BCD-BE4C-744C1935706A,"AMAZING HOME FURNISHINGS PVT. LTD.,",2F6E0D32-45AA-4F6B-841D-3D01D9267412,"<p><strong>Amazing Home Furnishings Pvt. Ltd. is a leading provider of living room furniture and sofas, offering products that combine comfort, style, and durability. With a focus on modern design and superior craftsmanship, we help transform homes into spaces that are both functional and aesthetically pleasing.</strong></p><p><strong>Our range of furniture is crafted using high-quality materials and attention to detail, ensuring long-lasting performance and timeless appeal. We cater to homes, offices, and commercial spaces, delivering solutions that match every lifestyle and design preference.</strong></p><p><br></p><h4><strong>Our Product Range</strong></h4><p>We specialize in a wide selection of <strong>living room furniture and sofas</strong>, including:</p><p>Sofas &amp; Sectionals</p><p>Recliners &amp; Lounge Chairs</p><p>Coffee Tables &amp; Center Tables</p><p><br></p><h4><strong>Why Choose Amazing Home Furnishings Pvt. Ltd.?</strong></h4><p>High-Quality Living Room Furniture &amp; Sofas</p><p>Wide Variety of Designs &amp; Finishes</p><p>Comfortable, Stylish &amp; Durable Products</p><p><br></p><h4><strong>Quality Assurance</strong></h4><p><strong>At Amazing Home Furnishings, quality is our priority. Every product undergoes rigorous checks to ensure durability, comfort, and flawless finishing. We use premium materials to guarantee furniture that lasts and looks elegant over time.</strong></p><p><br></p><p><strong>With a dedication to quality, design, and customer satisfaction, Amazing Home Furnishings Pvt. Ltd. continues to be a trusted name in living room furniture and sofas, transforming homes into beautiful and comfortable spaces.</strong></p>","amazing-home-furnishings-pvt.-ltd.,-kolkata",,,,,,"85, METCALFE STREET, BOWBAZAR",Kolkata ,West Bengal,India,700013.0,
12F5A317-7CAB-4DBC-B2F4-757967C7A25B,VAISHNAVI ENTERPRISES AND SERVICES,7BFDB957-9655-4C86-9FB6-CEC104E9D013,"<p><strong>Vaishnavi Enterprises and Services is a trusted supplier of domestic fans, air conditioners, coolers, and their spare parts, providing reliable and high-quality products for homes and commercial spaces. With a focus on performance, durability, and customer satisfaction, we ensure efficient and cost-effective cooling solutions for every environment.</strong></p><p><br></p><h4><strong>Our Product Range</strong></h4><p>We offer a comprehensive range of <strong>cooling appliances and parts</strong>, including:</p><p>Domestic Fans (Ceiling, Table &amp; Wall Fans)</p><p>Air Conditioners (Split &amp; Window ACs)</p><p>Evaporative &amp; Room Coolers</p><p><br></p><h4><strong>Why Choose Vaishnavi Enterprises and Services?</strong></h4><p>High-Quality Fans, ACs &amp; Coolers</p><p>Wide Variety of Spare Parts</p><p>Reliable Performance &amp; Energy Efficiency</p><p><br></p><h4><strong>Quality Assurance</strong></h4><p><strong>At Vaishnavi Enterprises and Services, quality is our top priority. Every product is tested to ensure efficiency, durability, and safe operation. We follow strict industry standards to deliver dependable cooling solutions for our clients.</strong></p><p><strong>With a focus on quality, variety, and customer satisfaction, Vaishnavi Enterprises and Services continues to be a trusted name in domestic fans, air conditioners, coolers, and parts, delivering solutions that bring comfort, efficiency, and reliability to every home and office.</strong></p>",vaishnavi-enterprises-and-services-pune,,,,,,"FLAT NO 206 WING A2,S.NO.32/3,, OPP RELIANCE MART,, KHARADI",PUNE,Maharashtra,India,411014.0,
63A87A62-B9BC-48DC-BB2C-75BD5EEDAC40,GHOSH ENTERPRISE,1CE07F79-319E-4574-B1D9-D28CF77413FB,"<h2><strong><em>GHOSH ENTERPRISE</em></strong></h2><p><strong><em>Brackets, Hitches, Holder &amp; Hardware Fittings</em></strong></p><p><br></p><p><strong><em>GHOSH ENTERPRISE</em></strong><em> is a trusted supplier and distributor of high-quality </em><strong><em>Brackets, Hitches, Holders, and Hardware Fittings</em></strong><em> for residential, commercial, and industrial applications. With strong industry experience and a commitment to quality, we provide durable and precision-engineered hardware products that ensure safety, strength, and long-lasting performance.</em></p><p><br></p><h2><strong><em>Our Product Range</em></strong></h2><h3>🔹 <em>Brackets</em></h3><p><em>L Brackets</em></p><p><em>Angle Brackets</em></p><p><br></p><h3>🔹<em> Hitches</em></h3><p><em>Trailer Hitches</em></p><p><em>Tow Hitches</em></p><p><br></p><h3>🔹<em> Holders</em></h3><p><em>Pipe Holders</em></p><p><em>Glass Holders</em></p><p><br></p><h3>🔹 <em>Hardware Fittings</em></h3><p><em>Door &amp; Window Fittings</em></p><p><em>Fasteners &amp; Bolts</em></p><p><br></p><h2><strong><em>Why Choose Us</em></strong></h2><p><em>✔ Strong &amp; Durable Materials</em></p><p><em> ✔ Precision Engineering</em></p><p><em> ✔ Corrosion-Resistant Finishing</em></p><p><br></p><h2><strong><em>Quality Assurance</em></strong></h2><p><em>At </em><strong><em>GHOSH ENTERPRISE</em></strong><em>, quality is our priority. We ensure:</em></p><p><em>Use of high-grade metal and materials</em></p><p><em>Advanced manufacturing and finishing processes</em></p><p><br></p><p><em>With dedication to quality and precision, </em><strong><em>GHOSH ENTERPRISE</em></strong><em> continues to provide reliable brackets, hitches, holders, and hardware fittings that support strong and secure installations across various industries.</em></p><p><br></p><p><br></p><p><br></p><p><br></p><p><br></p>",ghosh-enterprise-kasba-besides-kasba-new-market.-kolkata-kolkata,,,,,,"OP KALIKAPUR, VIA CHAMPAHATI, SONARPUR, KALIKAPUR",KOLKATA,West Bengal,India,743330.0,Kasba Besides Kasba New Market. Kolkata
D222A58F-2A35-48C7-A7FA-76661392E2C8,M.A. TRADING CORPORATION,23DACDFB-9617-4ECE-86CE-5D43393E819F,"<p><strong>M.A&nbsp;TRADING&nbsp;CORPORATION-&nbsp;House&nbsp;of&nbsp;Pneumatic&nbsp;Products,&nbsp;Garden&nbsp;Sprinkler,&nbsp;Fountain&nbsp;Products,&nbsp;Rain&nbsp;Guns,&nbsp;Industrial&nbsp;Dust&nbsp;Suppression&nbsp;Nozzles,&nbsp;Swimming&nbsp;Pool&nbsp;Products.</strong></p>","m.a.-trading-corporation-barabajar,-kolkata-kolkata",,,,,,"39, STRAND ROAD, GROUND FLOOR, KOLKATA",KOLKATA,West Bengal,India,700001.0,"Barabajar, Kolkata"
6AC20165-2CC9-42A9-B2F0-7745F4C752C2,NATIONAL PLUMBING HOUSE,19437D1E-8B4E-4511-ADDA-2831844CCFD6,"<p><strong>National Plumbing House is a trusted supplier of wash basins, sanitaryware, and fittings, offering high-quality products that combine durability, functionality, and elegant design. With a strong focus on quality and customer satisfaction, we provide solutions that enhance both residential and commercial bathrooms.</strong></p><p><strong>We source premium materials and ensure strict quality control at every stage to deliver products that meet modern standards of hygiene, style, and reliability. Our goal is to provide bathroom solutions that are long-lasting, practical, and aesthetically pleasing.</strong></p><p><br></p><h4><strong>Our Product Range</strong></h4><p>We offer a wide range of <strong>bathroom and plumbing solutions</strong>, including:</p><p>Wash Basins &amp; Pedestal Basins</p><p>Sanitaryware (WC, Urinals, Toilets)</p><p>Bathroom Fittings &amp; Accessories</p><p><br></p><h4><strong>Why Choose National Plumbing House</strong></h4><p>Premium-Quality Wash Basins, Sanitaryware &amp; Fittings</p><p>Wide Variety of Designs &amp; Finishes</p><p>Durable, Functional &amp; Stylish Products</p><p><br></p><h4><strong>Quality Assurance</strong></h4><p><strong>At National Plumbing House, quality is our top priority. Each product undergoes rigorous inspection to ensure durability, finish, and proper functionality. We adhere to industry standards to deliver reliable and safe sanitary solutions.</strong></p><p><br></p><p><strong>With a dedication to quality, variety, and client satisfaction, National Plumbing House continues to be a trusted name in wash basins, sanitaryware, and fittings, offering solutions that enhance the beauty, functionality, and hygiene of every bathroom.</strong></p><p><br></p>",national-plumbing-house-bowbazar-kolkata-kolkata,,,,,,"7, JADU NATH DEY ROAD, BOWBAZAR",KOLKATA,West Bengal,India,700012.0,Bowbazar Kolkata
BE8A1AE3-C9C8-4057-B044-77519577293E,JAGDAMBA ENTERPRISES,CB75BB67-B63F-4592-BDB6-3D904DCA3F86,"<h1><strong><em><u>JAGDAMBA ENTERPRISES</u></em></strong></h1><p><strong><em>Wood, Plywood, Veneer &amp; Laminates</em></strong></p><p><br></p><p><strong>JAGDAMBA ENTERPRISES is a trusted name in the field of wood and panel products, offering premium quality Wood, Plywood, Veneer &amp; Laminates for residential, commercial, and industrial applications. With a strong commitment to quality, durability, and customer satisfaction, we have built a reputation as a reliable supplier in the market.</strong></p><p><br></p><h3><strong><em><u>Our Product Range</u></em></strong></h3><p><strong>We offer a wide variety of products, including:</strong></p><p><strong>✔ Commercial Plywood</strong></p><p><strong>✔ Marine Plywood</strong></p><p><strong>✔ Decorative Veneers</strong></p><p><strong>✔ Laminates (Glossy, Matte, Textured)</strong></p><p><br></p><h3><strong><em><u>Why Choose Us</u></em></strong></h3><p><strong>✔ Wide product availability</strong></p><p><strong> ✔ Competitive pricing</strong></p><p><strong> ✔ Bulk supply capability</strong></p><p><strong> ✔ Timely delivery</strong></p><p><br></p><h3><strong><em><u>Quality Assurance</u></em></strong></h3><p><strong>At JAGDAMBA ENTERPRISES, quality is our priority. We ensure:</strong></p><p><strong>Premium grade raw materials</strong></p><p><strong>Termite &amp; moisture resistance</strong></p><p><strong>High load-bearing strength</strong></p><p><strong>Smooth finishing &amp; durability</strong></p><p><br></p><p><strong>With a strong commitment to quality and service excellence, JAGDAMBA ENTERPRISES continues to be a preferred choice for wood and panel solutions. We aim to provide durable, stylish, and reliable products that add value to every project.</strong></p><p><br></p><h3><strong><u>JAGDAMBA ENTERPRISES – Strength, Style &amp; Sustainability in Every Panel.</u></strong></h3><p><br></p><p><br></p><p><br></p>",jagdamba-enterprises-kolkata,,,,,,"GROUND FLOOR, 22, KENDERDINE LANE, KOLKATA",KOLKATA,West Bengal,India,700012.0,
79EF9D8B-759D-42E4-93AF-77A38F2B2CFE,AMRIT FURNITURE,E99ECBB3-DBD8-4891-81EB-FBCBC0CDE99C,"<p><strong>Amrit Furniture is a trusted provider of bedroom furniture, offering products that combine elegance, comfort, and durability. With a focus on quality craftsmanship and stylish design, we help create bedrooms that are both functional and aesthetically pleasing.</strong></p><p><strong>Our range of furniture is crafted using premium materials and attention to detail, ensuring long-lasting performance and timeless appeal. We cater to homes, hotels, and commercial spaces, delivering furniture that enhances every bedroom with style and comfort.</strong></p><p><br></p><h4><strong>Our Product Range</strong></h4><p><strong>We specialize in a wide selection of bedroom furniture, including:</strong></p><p>Beds &amp; Bed Frames</p><p>Wardrobes &amp; Closets</p><p>Dressers &amp; Cabinets</p><p>Nightstands &amp; Side Tables</p><p><br></p><h4><strong>Why Choose Amrit Furniture</strong></h4><p>High-Quality Bedroom Furniture</p><p>Wide Variety of Designs &amp; Finishes</p><p>Stylish, Comfortable &amp; Durable Products</p><p><br></p><h4><strong>Quality Assurance</strong></h4><p><strong>At Amrit Furniture, quality is our priority. Each product undergoes strict checks to ensure durability, flawless finish, and superior craftsmanship. We use premium materials to deliver furniture that lasts for years while maintaining its aesthetic appeal.</strong></p><p><br></p><p><strong>With a focus on quality, design, and customer satisfaction, Amrit Furniture continues to be a trusted name in bedroom furniture, offering solutions that transform bedrooms into beautiful and comfortable retreats.</strong></p><p><br></p>",amrit-furniture-kolkata,,,,,,"3/1, BLACK BURN LANE, KOLKATA",KOLKATA,West Bengal,India,700012.0,
38CCB6FA-BFDA-425A-8BF6-7953ED4B91BB,SHREE SAI INDUSTRIAL HOUSE,53F667AC-6B54-4D1A-B69A-B0684ED2A8B2,"<p><strong>Shree Sai Industrial House is a trusted supplier of industrial belts, specializing in transmission belts, timing belts, and V-belts. With a focus on quality, performance, and reliability, we provide solutions that keep industrial machinery and equipment running efficiently.</strong></p><p><strong>We source premium-quality materials and ensure strict quality control to deliver belts that offer durability, precision, and optimal performance. Our products cater to a wide range of industries, supporting smooth operations and minimizing downtime.</strong></p><p><br></p><h4><strong>Our Product Range</strong></h4><p>We offer a comprehensive range of <strong>industrial belts</strong>, including:</p><p>Transmission Belts</p><p>Timing Belts</p><p>V-Belts (Classical &amp; Narrow)</p><p><br></p><h4><strong>Why Choose Shree Sai Industrial House</strong></h4><p>High-Quality Industrial Belts</p><p>Wide Range of Transmission, Timing &amp; V-Belts</p><p>Durable, Efficient &amp; Reliable Products</p><p><br></p><h4><strong>Quality Assurance</strong></h4><p><strong>At Shree Sai Industrial House, quality is paramount. Each belt undergoes stringent inspection to ensure strength, durability, and dimensional accuracy. We follow industry standards to provide reliable products that meet the operational needs of our clients.</strong></p><p><br></p><p><strong>With a focus on quality, variety, and client satisfaction, Shree Sai Industrial House continues to be a trusted name in industrial belts, offering transmission, timing, and V-belts that deliver reliability, strength, and smooth performance.</strong></p><p><br></p>","shree-sai-industrial-house-barabajar-,-kolkata-kolkata",,,,,,"GROUND FLOOR ROOM NO. A/32, 71A, NETAJI SUBHAS ROAD, KOLKATA",KOLKATA,West Bengal,India,700001.0,"Barabajar , Kolkata "
6DB2F1DB-C659-4107-8ED7-79D6E844CFEC,TOUCH WOOD INDUSTRIES (REGD.),EF8F9370-6136-4E43-AD23-C1C35219A3E2,"<p>Manufacturers of biodegradable disposables like Wooden toothpicks, Rippled paper cups, Double wall paper cups, heavy gsm paper plates, paper straws, paper containers, Cotton buds, Cotton balls, Cotton pads and importers of wooden cutlery etc</p>",,,,,,,"487/18, PEERA GARHI, NEW DELHI",NEW DELHI,Delhi,India,110087.0,
,,,,,,,,,,,,,,,
GSTN & PANCARD copy needs to be uploaded,,,,,,,,,,,,,,,
,,,,,,,,,,,,,,,
By Laxmi,AALFT5811H,CMP1774337574075,,,,,,,,,,,,,
1DD0B689-6D84-4315-BAA6-7A50470E19CC,THE KING PLYWOODS,CB75BB67-B63F-4592-BDB6-3D904DCA3F86,"<p><strong>The King Plywoods is a trusted supplier of wood, plywood, veneer, and laminates, offering premium-quality products for residential, commercial, and industrial projects. With a focus on durability, aesthetic appeal, and customer satisfaction, we provide materials that enhance the strength and beauty of every space.</strong></p><p><strong>We source our products from reputed manufacturers and ensure strict quality control to deliver plywoods and laminates that meet modern design and construction standards. Our solutions cater to furniture makers, interior designers, builders, and architects.</strong></p><p><br></p><h4><strong>Our Product Range</strong></h4><p><strong>We offer a wide range of wood-based products, including:</strong></p><p>High-Quality Plywoods</p><p>Natural &amp; Engineered Veneers</p><p>Laminates for Interiors &amp; Exteriors</p><p><br></p><h4><strong>Why Choose The King Plywoods</strong></h4><p>Premium-Quality Wood, Plywood, Veneer &amp; Laminates</p><p>Wide Variety of Designs &amp; Finishes</p><p>Competitive Pricing &amp; Timely Delivery</p><p><br></p><h4><strong>Quality Assurance</strong></h4><p><strong>At The King Plywoods, quality is our top priority. Each product undergoes rigorous inspection to ensure superior finish, strength, and long-lasting performance. We adhere to industry standards to provide reliable and consistent materials for our clients.</strong></p><p><br></p><p><strong>With a focus on quality, variety, and client satisfaction, The King Plywoods continues to be a trusted name in wood, plywood, veneer, and laminates, offering materials that enhance the beauty, strength, and durability of every project.</strong></p><p><br></p>",the-king-plywoods-dhanbad,,,,,,"BANK MORE, NEAR RAY TALKIES, DHANBAD, DHANBAD",DHANBAD,Jharkhand,India,826001.0,
87ABCC3D-CD63-43C8-90A7-7AF3D8727C52,COSTIPRO test,76585428-9406-40D3-94B4-B51390D5BC5B,"<h2><strong><em>COSTIPRO test</em></strong></h2><p><strong><em>Flavours &amp; Aromatics | Sweeteners</em></strong></p><p><br></p><p><strong><em>COSTIPRO test</em></strong><em> is a dedicated supplier of high-quality </em><strong><em>Flavours, Aromatics, and Sweeteners</em></strong><em>, catering to the food, beverage, confectionery, and pharmaceutical industries. We focus on delivering premium taste-enhancing ingredients that meet industry standards for quality, safety, and consistency.</em></p><p><br></p><h2><strong><em>Our Product Range</em></strong></h2><p><em>We offer a comprehensive range including:</em></p><p><em>Natural &amp; Synthetic Flavours</em></p><p><em>Food-Grade Aromatic Compounds</em></p><p><em>Liquid &amp; Powder Flavours</em></p><p><em>Artificial &amp; Natural Sweeteners</em></p><p><br></p><p><br></p><h2><strong><em>Why Choose COSTIPRO test</em></strong></h2><p><em>✔ Premium Ingredient Sourcing</em></p><p><em> ✔ Strict Quality Control</em></p><p><em> ✔ Competitive Pricing</em></p><p><em> ✔ Bulk Supply Capability</em></p><p><em> ✔ Customized Solutions</em></p><h2><strong><em>Product Features</em></strong></h2><p><em>✔ High Purity &amp; Quality Standards</em></p><p><em> ✔ Rich &amp; Long-Lasting Aroma</em></p><p><em> ✔ Consistent Taste Profile</em></p><p><em> ✔ Food-Grade &amp; Safe Ingredients</em></p><p><br></p><p><em>At </em><strong><em>COSTIPRO test</em></strong><em>, we deliver superior </em><strong><em>Flavours, Aromatics &amp; Sweeteners</em></strong><em> designed to enhance taste, aroma, and product performance.</em></p><p><br></p><h3><strong><em>Pure Taste. Rich Aroma. Trusted Quality.</em></strong></h3>",costipro-test-sector-16-karnal,,,,,,"Ground Floor, 214P, Sector 16, URBAN ESTATE, KARNAL (RURAL), Karnal",KARNAL,Haryana,India,132001.0,Sector 16
D96A6FF3-33B2-4AC7-97BB-7AF5CFE97D1A,COSTIPRO TECHNOLOGIES PRIVATE LIMITED,05C6CEE2-DCF5-4633-9DBF-3CBE17AAFF2F,"<p><strong>COSTIPRO&nbsp;TECHNOLOGIES&nbsp;PRIVATE&nbsp;LIMITED&nbsp;stands&nbsp;as&nbsp;a&nbsp;trusted&nbsp;technology&nbsp;partner&nbsp;for&nbsp;businesses&nbsp;seeking&nbsp;digital&nbsp;transformation&nbsp;and&nbsp;IT&nbsp;excellence.&nbsp;Our&nbsp;dedication&nbsp;to&nbsp;innovation,&nbsp;quality,&nbsp;and&nbsp;customer&nbsp;satisfaction&nbsp;enables&nbsp;us&nbsp;to&nbsp;build&nbsp;long-lasting&nbsp;relationships&nbsp;and&nbsp;deliver&nbsp;impactful&nbsp;solutions.</strong></p><p></p><p></p><p></p>",costipro-technologies-private-limited-software-development-it-consultant-sector-47-gurgaon,Innovative Software & IT Solutions for Digital Growth and Business Success,"Software development and IT consulting company delivering business software, automation, and digital transformation solutions.","COSTIPRO TECHNOLOGIES PRIVATE LIMITED is a technology-driven software development and IT consulting company specializing in business management software, inventory systems, HRMS, payroll solutions, and digital transformation services. We deliver scalable, secure, and innovative technology solutions that enhance productivity, efficiency, and business growth.","To empower businesses through innovative, reliable, and future-ready technology",Client-Centric Development Approach,"Unit no. 235 to 245, Supremework Workspace, 2nd Floor, ILD Trade Center, Sector 47, Sohna Road, Gurgaon",Gurgaon,Haryana,India,122018.0,Sector 47
Experienced Technology Experts,,,,,,,,,,,,,,,
Innovative & Future-Ready Solutions,,,,,,,,,,,,,,,
Secure & Scalable Systems,1,,,,,,,,,,,,,,
05F55DA3-BE48-4DA8-8133-7B071CA319FB,SHREYA INFORMATICS,1578F70E-B915-4C1B-976C-59641A0944D2,"<h2><strong><em>SHREYA INFORMATICS</em></strong></h2><p><strong><em>Mobile Phone &amp; Accessories</em></strong></p><p><br></p><p><strong><em>SHREYA INFORMATICS</em></strong><em> is a trusted supplier and retailer of </em><strong><em>Mobile Phones and Mobile Accessories</em></strong><em>, offering the latest technology products at competitive prices. We cater to individual customers, retailers, and bulk buyers with a wide range of smartphones and high-quality accessories.</em></p><p><br></p><h2><strong><em>Our Product Range</em></strong></h2><h3><br></h3><h3>🔹 <em>Mobile Accessories</em></h3><p><em>Mobile Chargers &amp; Fast Chargers</em></p><p><em>Data Cables</em></p><p><em>Power Banks</em></p><p><em>Earphones &amp; Headphones</em></p><p><em>Bluetooth Speakers</em></p><p><br></p><h2><strong><em>Why Choose Us</em></strong></h2><p>✔<em> Genuine &amp; Branded Products</em></p><p><em> ✔ Latest Models Available</em></p><p><em> ✔ Competitive Market Pricing</em></p><p><em> ✔ Bulk Order Support</em></p><p><br></p><h2><strong><em>Quality Assurance</em></strong></h2><p><em>At </em><strong><em>SHREYA INFORMATICS</em></strong><em>, we ensure:</em></p><p><em>100% genuine and authentic products</em></p><p><em>Quality-tested accessories</em></p><p><em>Secure packaging</em></p><p><br></p><p><em>With dedication to quality and customer satisfaction, </em><strong><em>SHREYA INFORMATICS</em></strong><em> continues to provide smart mobile solutions that keep people connected and updated with the latest technology.</em></p><p><br></p><p><br></p>",shreya-informatics-kolkata-kolkata,,,,,,"1/1A, BALARAM BOSE GHAT ROAD, KOLKATA",KOLKATA,West Bengal,India,700025.0,KOLKATA
BC59167D-DDDD-4F66-87EC-7CB2AD3E552E,ART CARE ENTERPRISES,85E75696-2F23-469E-839F-094DDC2B11EE,"<h2><strong><em>ART CARE ENTERPRISES</em></strong></h2><p><br></p><p><strong><em>ART CARE ENTERPRISES</em></strong><em> is a dynamic </em><strong><em>Branding &amp; Advertising Agency</em></strong><em> committed to helping businesses build powerful brand identities and impactful marketing campaigns. We combine creativity, strategy, and technology to deliver result-driven branding and promotional solutions.</em></p><p><br></p><h2><strong><em>Our Services</em></strong></h2><p><em>We offer a comprehensive range of branding and advertising services, including:</em></p><p><strong><em>Brand Identity Design (Logo, Tagline, Brand Guidelines)</em></strong></p><p><strong><em>Creative Graphic Designing</em></strong></p><p><strong><em>Print Media Advertising (Brochures, Flyers, Banners, Hoardings)</em></strong></p><p><strong><em>Outdoor &amp; Indoor Advertising Solutions</em></strong></p><p><br></p><h2><strong><em>Why Choose ART CARE ENTERPRISES</em></strong></h2><p><em>✔ Creative and innovative design concepts</em></p><p><em>✔ Strategic brand positioning</em></p><p><em>✔ Experienced design and marketing team</em></p><p><em>✔ Integrated online and offline advertising solutions</em></p><p><br></p><h2><strong><em>Our Approach</em></strong></h2><p><em>At </em><strong><em>ART CARE ENTERPRISES</em></strong><em>, we follow a structured process:</em></p><p><em>Understanding client objectives</em></p><p><em>Market research &amp; competitor analysis</em></p><p><em>Concept development &amp; creative design</em></p><p><br></p><p><strong><em>ART CARE ENTERPRISES</em></strong><em> stands as a reliable partner for businesses seeking professional </em><strong><em>Branding &amp; Advertising Solutions</em></strong><em>. From concept to execution, we help brands grow, engage audiences, and achieve lasting success.</em></p><p><br></p><p><br></p><p><br></p><p><br></p><p><br></p><p><br></p><p><br></p><p><br></p>",art-care-enterprises-sector-37c-gurugram,,,,,,"First Floor, Shop No. 45, Sector 37C, Unnamed Road, Gurugram",GURUGRAM,Haryana,India,123505.0,Sector 37C
C58CC091-6A05-4563-8EF4-7DE8A08B1D31,OM SAI SANITARY & CO,19437D1E-8B4E-4511-ADDA-2831844CCFD6,"<p><strong>OM SAI SANITARY &amp; CO is a trusted supplier of wash basins, sanitaryware, and sanitary fittings, offering products that combine functionality, durability, and modern design. We cater to residential, commercial, and construction projects by providing reliable bathroom and sanitary solutions that meet contemporary standards.</strong></p><p><br></p><h4><strong><em>Product Range</em></strong></h4><p><strong>We offer a comprehensive range of sanitary and bathroom products, including:</strong></p><p>Wash Basins</p><p>Sanitaryware</p><p>Sanitary Fittings</p><p>Bathroom Fittings &amp; Accessories</p><p><br></p><h4><strong><em>Why Choose Us</em></strong></h4><p><strong>Quality-Approved Sanitary Products</strong></p><p><strong>Modern Designs &amp; Reliable Performance</strong></p><p><strong>Wide Range of Options</strong></p><p><strong>Competitive Pricing</strong></p><p><br></p><h4><strong><em>Quality Assurance</em></strong></h4><p><strong>At OM SAI SANITARY &amp; CO, quality checks are maintained to ensure proper finish, strength, and functionality. Products are handled and supplied with care to maintain their durability and performance over time.</strong></p><p><br></p><p><strong>OM SAI SANITARY &amp; CO stands for quality, reliability, and modern sanitary solutions. Our commitment to dependable products and professional service makes us a preferred choice for sanitaryware and fittings. We look forward to serving your sanitary and bathroom needs with excellence.</strong></p>",om-sai-sanitary-&-co-yoga-yog-bhawan-kolkata,,,,,,"FLAT NO. 35, JADUNATH DEY ROAD, KOLKATA",KOLKATA,West Bengal,India,700012.0,YOGA YOG BHAWAN
62E65D9C-70E9-43B0-900F-7ED958967F24,CM test enterprices,3EA3C242-59F5-495B-BDAF-1BFEC2F89F83,"<h2><strong><em>CM TEST ENTERPRISES</em></strong></h2><p><strong><em>VFD, PLC, HMI &amp; Control Equipments | Alarm Systems</em></strong></p><h2><br></h2><p><strong><em>CM TEST ENTERPRISES</em></strong><em> is a reliable and technology-driven company specializing in </em><strong><em>VFD, PLC, HMI, Industrial Control Equipment, and Alarm Systems</em></strong><em>. We provide advanced automation and control solutions designed to enhance productivity, efficiency, and operational safety across various industries.</em></p><p><br></p><h2><strong><em>Product Range</em></strong></h2><p><em>We offer a comprehensive range of industrial automation and safety solutions, including:</em></p><p><em>Variable Frequency Drives (VFD)</em></p><p><em>Programmable Logic Controllers (PLC)</em></p><p><em>Human Machine Interface (HMI) Panels</em></p><p><em>Industrial Control Panels</em></p><p><em>Motor Control Systems</em></p><p><br></p><h2><strong><em>Why Choose Us</em></strong></h2><p><em>✔ Advanced Automation Technology</em></p><p><em> ✔ Reliable &amp; Energy-Efficient Solutions</em></p><p><em> ✔ Customized Control Systems</em></p><p><em> ✔ Strict Quality Standards</em></p><p><br></p><h2><strong><em>Quality Assurance</em></strong></h2><p><em>At CM TEST ENTERPRISES, quality and safety are our priorities. Our products undergo:</em></p><p><em>Performance testing</em></p><p><em>Electrical safety inspection</em></p><p><em>Functional validation</em></p><p><br></p><p><strong><em>CM TEST ENTERPRISES</em></strong><em> is committed to powering industries with intelligent automation and reliable control solutions. With innovation, expertise, and a customer-focused approach, we continue to support businesses in achieving efficiency, safety, and growth.</em></p><p><br></p><h4><em>Smart Automation. Reliable Control. Secure Systems.</em></h4><p><br></p>",cm-test-enterprices-hambran-road-ludhiana,,,,,,"KHASRA NO. 20//6/2-7/1-17-25-12/1-13-14, KHATA NO. 18/18, HAMBRAN  ROAD, VILLAGE JAINPUR, Ludhiana",LUDHIANA,Punjab,India,141011.0,HAMBRAN  ROAD
197097C3-8E6E-4EFD-B1B3-80B6B98F7498,SHIVANSH TRADERS,C04F4837-5C76-43B7-B1B6-BC854CEC01EB,"<p><strong>SHIVANSH&nbsp;TRADERS&nbsp;stands&nbsp;for&nbsp;purity,&nbsp;reliability,&nbsp;and&nbsp;trust&nbsp;in&nbsp;food&nbsp;products.&nbsp;By&nbsp;consistently&nbsp;delivering&nbsp;quality&nbsp;edible&nbsp;oils&nbsp;and&nbsp;allied&nbsp;products,&nbsp;we&nbsp;aim&nbsp;to&nbsp;be&nbsp;a&nbsp;preferred&nbsp;partner&nbsp;for&nbsp;retailers&nbsp;and&nbsp;bulk&nbsp;buyers.&nbsp;We&nbsp;look&nbsp;forward&nbsp;to&nbsp;serving&nbsp;you&nbsp;with&nbsp;dependable&nbsp;products&nbsp;and&nbsp;professional&nbsp;service.</strong></p>",shivansh-traders-edible-oil-allied-products-karnal,"Pure, Hygienic & Quality Edible Oils for Every Kitchen","Trusted supplier of refined edible oils, mustard oil, soybean oil, sunflower oil, and allied food products.","SHIVANSH TRADERS is a reliable trading firm specializing in edible oils and allied food products. We supply refined edible oils, mustard oil, soybean oil, and sunflower oil sourced from trusted manufacturers, ensuring purity, freshness, hygienic handling, and consistent quality for retail and commercial customers.",To be a trusted supplier of pure and quality edible oils across markets.,Pure & Quality-Assured Edible Oils,"SHASHTRI MANDI, SHOP NO.157, NEAR VAKILPURA, JULMGARH  GHASIYARA MANDI, KARNAL",KARNAL,Haryana,India,132001.0,
Hygienic Packaging & Handling,,,,,,,,,,,,,,,
Trusted Sourcing & Supply Network,,,,,,,,,,,,,,,
Consistent Product Quality,1,,,,,,,,,,,,,,
D1C3DB26-C34A-477B-8F2B-8113FF65D4A7,M/S B.G.PLYWOOD,CB75BB67-B63F-4592-BDB6-3D904DCA3F86,"<h2><strong><em>M/S B.G. PLYWOOD</em></strong></h2><p><br></p><p><strong><em>M/S B.G. PLYWOOD</em></strong><em> is a verified and trusted supplier of premium </em><strong><em>Wood, Plywood, Veneer &amp; Laminates</em></strong><em>. We cater to residential, commercial, and industrial projects by offering high-quality wood panel products known for durability, strength, and superior finishing.</em></p><p><br></p><h2><strong><em>Our Product Range</em></strong></h2><p><em>We provide a comprehensive range of wood and panel products, including:</em></p><p><strong><em>Commercial Plywood</em></strong></p><p><strong><em>Marine Plywood (Waterproof Grade)</em></strong></p><p><strong><em>Block Boards &amp; Flush Doors</em></strong></p><p><strong><em>Decorative Laminates (Glossy, Matte, Textured)</em></strong></p><p><br></p><h2><strong><em>Why Choose Us</em></strong></h2><p><em>✔ Verified and trusted supplier</em></p><p><em>✔ Premium quality materials</em></p><p><em>✔ Termite &amp; moisture resistant options</em></p><p><em>✔ Wide variety of designs and finishes</em></p><p><br></p><h2><strong><em>Quality Assurance</em></strong></h2><p><em>At </em><strong><em>M/S B.G. PLYWOOD</em></strong><em>, quality is our priority.</em></p><p><em>High-grade timber and core materials</em></p><p><em>Advanced pressing and bonding technology</em></p><p><em>Strict quality inspection before dispatch</em></p><p><br></p><p><strong><em>M/S B.G. PLYWOOD</em></strong><em> stands as a reliable destination for </em><strong><em>Wood, Plywood, Veneer &amp; Laminates</em></strong><em>. With a strong focus on quality, variety, and customer satisfaction, we support architects, interior designers, contractors, and homeowners in building durable and beautiful spaces.</em></p><p><br></p><p><br></p><p><br></p><p><br></p><p><br></p>",m/s-b.g.plywood-bow-bazar-kolkata,,,,,,"262A,, Bow Bazar, BEPIN BEHARI GANGULY STREET, Kolkata",KOLKATA,West Bengal,India,700012.0,Bow Bazar
374DA59B-8E18-48F6-B293-817B219F067B,YOGESH ELECTRONICS,3F8F54E3-F1B4-43E2-8E6B-75DA0514ED2E,"<h2><strong><em>YOGESH ELECTRONICS</em></strong></h2><p><strong><em>LED, LCD, Smart TV &amp; Home Theatre | Other Brands &amp; Categories</em></strong></p><p><br></p><p><strong><em>YOGESH ELECTRONICS</em></strong><em> is a trusted retailer and distributor of advanced </em><strong><em>LED, LCD, Smart TVs, and Home Theatre Systems</em></strong><em>, offering the latest entertainment technology from leading brands. We provide high-quality electronic products designed to enhance your home entertainment experience with superior picture clarity and immersive sound.</em></p><p><br></p><h2><strong><em>Our Product Range</em></strong></h2><p><em>We offer a wide selection of:</em></p><p><em>LED Televisions</em></p><p><em>LCD Televisions</em></p><p><em>Smart TVs (HD, Full HD, 4K, Android, Wi-Fi Enabled)</em></p><p><em>Home Theatre Systems</em></p><p><br></p><h2><strong><em>Product Features</em></strong></h2><p><em>✔ Crystal Clear Display Quality</em></p><p><em> ✔ Smart Connectivity (Wi-Fi, Bluetooth, HDMI, USB)</em></p><p><em> ✔ Powerful Surround Sound</em></p><p><em> ✔ Energy Efficient Technology</em></p><p><br></p><h2><strong><em>Why Choose YOGESH ELECTRONICS</em></strong></h2><p><em>✔ Wide Range of Latest Models</em></p><p><em> ✔ Genuine &amp; Branded Products</em></p><p><em> ✔ Competitive Market Prices</em></p><p><br></p><h2><strong><em>Our Vision</em></strong></h2><p><em>To be a preferred destination for quality electronics by providing innovative and reliable home entertainment solutions.</em></p><p><br></p><p><em>At </em><strong><em>YOGESH ELECTRONICS</em></strong><em>, we bring you advanced </em><strong><em>LED, LCD, Smart TVs &amp; Home Theatre Systems</em></strong><em> that combine technology, style, and performance.</em></p><p><br></p><h3><strong><em>Smart Viewing. Powerful Sound. Trusted Service.</em></strong></h3><h2><br></h2>",yogesh-electronics-ajmer,,,,,,"SHOP NO. 4, STATION ROAD, AJMER",AJMER,Rajasthan,India,305001.0,
50786998-1E2E-462D-9329-825BD4960019,SHREE BALA JI BRICK FIELD,D0AF964D-936F-4297-8A4D-59B3F128E4AB,"<p><strong>SHREE BALA JI BRICK FIELD is a trusted enterprise engaged in the supply of vitrified and ceramic floor &amp; wall tiles, catering to residential, commercial, and construction sector requirements. With a focus on quality, durability, and design, we provide tile solutions that enhance the strength and appearance of modern spaces.</strong></p><p><br></p><h4><strong><em>Product Range</em></strong></h4><p><strong>We offer a comprehensive range of tiling solutions, including:</strong></p><p>Vitrified Floor Tiles</p><p>Ceramic Floor Tiles</p><p>Ceramic Wall Tiles</p><p><br></p><h4><strong><em>Why Choose Us</em></strong></h4><p><strong>Superior Quality Tiles</strong></p><p><strong>Modern Designs &amp; Durable Finishes</strong></p><p><strong>Wide Range of Sizes &amp; Patterns</strong></p><p><br></p><h4><strong><em>Quality Assurance</em></strong></h4><p><strong>At SHREE BALA JI BRICK FIELD, every tile is checked for finish, strength, uniformity, and durability. We ensure proper handling and storage to maintain product quality and meet customer expectations consistently.</strong></p><p><br></p><p><strong>SHREE BALA JI BRICK FIELD stands for quality, reliability, and modern tile solutions. With a strong commitment to excellence and service, we aim to be a preferred supplier for vitrified and ceramic floor &amp; wall tiles. We look forward to supporting your construction and design needs.</strong></p><p><br></p><p><br></p>",shree-bala-ji-brick-field-kanpur,,,,,,"HILAL, G.T.ROAD, PIHANI, KANPUR NAGAR",KANPUR,Uttar Pradesh,India,209202.0,
8C639C7C-2955-444F-88EE-82DB4F4CF9B4,SRI KRISHNA MARBLE & TILES,DF1E923B-44B1-46C6-83CC-67FB8212BFF4,"<p><strong>SRI&nbsp;KRISHNA&nbsp;MARBLE&nbsp;&amp;&nbsp;TILES&nbsp;stands&nbsp;for&nbsp;quality&nbsp;craftsmanship,&nbsp;reliability,&nbsp;and&nbsp;timeless&nbsp;design.&nbsp;Our&nbsp;commitment&nbsp;to&nbsp;excellence&nbsp;and&nbsp;customer&nbsp;satisfaction&nbsp;makes&nbsp;us&nbsp;a&nbsp;dependable&nbsp;partner&nbsp;for&nbsp;stone&nbsp;tile&nbsp;and&nbsp;flooring&nbsp;needs.&nbsp;We&nbsp;look&nbsp;forward&nbsp;to&nbsp;building&nbsp;long-term&nbsp;relationships&nbsp;through&nbsp;quality&nbsp;products&nbsp;and&nbsp;trusted&nbsp;service.</strong></p>",sri-krishna-marble-tiles-stone-tiles-floorings-kolkata,Premium Marble & Stone Flooring Solutions with Timeless Elegance,"Trusted supplier of marble tiles, stone tiles, and natural stone flooring solutions for residential and commercial projects.","SRI KRISHNA MARBLE & TILES is a reliable supplier of premium marble and stone flooring products. We offer stone tiles, marble tiles, natural stone flooring, and polished and unpolished marble, delivering durability, superior finishes, and timeless beauty for residential, commercial, and architectural projects.",To be a preferred destination for premium marble and stone flooring solutions.,Premium Quality Marble & Stone,"99, HEM CHANDRA NASKAR ROAD, BELIAGHATA",KOLKATA ,West Bengal,India,700010.0,
Attractive Designs & Finishes,,,,,,,,,,,,,,,
Wide Range of Sizes & Patterns,,,,,,,,,,,,,,,
Durable & Long-Lasting Products,1,,,,,,,,,,,,,,
CE26F536-2EB5-4949-8039-85453D420008,SARASWATI MEDICINE AGENCIES,F038AABD-FC99-434D-A005-A38F6014D663,"<p><strong>SARASWATI MEDICINE AGENCIES is a reliable pharmaceutical distribution firm engaged in the supply of medicines for common diseases. We are committed to making quality healthcare products easily accessible, affordable, and dependable for pharmacies, clinics, and healthcare providers.</strong></p><p><br></p><h4><strong><em>Product Range</em></strong></h4><p><strong>We deal in a wide range of medicines used for common and routine health conditions, including:</strong></p><p>Medicines for Fever, Cold &amp; Cough</p><p>Pain Relief &amp; Anti-Inflammatory Medicines</p><p>Gastro &amp; Digestive Medicines</p><p><br></p><h4><strong><em>Why Choose Us</em></strong></h4><p><strong>Genuine &amp; Quality-Approved Medicines</strong></p><p><strong>Trusted Pharmaceutical Brands</strong></p><p><strong>Competitive Pricing</strong></p><p><strong>Timely Supply &amp; Efficient Distribution</strong></p><p><br></p><h4><strong><em>Quality Assurance</em></strong></h4><p><strong>Quality and safety are top priorities at SARASWATI MEDICINE AGENCIES. Every product is checked for authenticity, proper storage conditions, and valid expiry before dispatch. We strictly follow pharmaceutical handling and distribution guidelines to ensure medicine safety and effectiveness.</strong></p><p><br></p><p><strong>At SARASWATI MEDICINE AGENCIES, our mission is to support everyday healthcare needs with trusted medicines and dependable service. Through consistent quality and ethical distribution, we strive to be a preferred pharmaceutical partner for pharmacies and healthcare providers.</strong></p>",saraswati-medicine-agencies-kurukshetra,,,,,,"OPP. GEETA HIGH SCHOOL, RAILWAY ROAD, KURUKSHETRA",KURUKSHETRA,Haryana,India,136118.0,
064BD943-B6E5-4B11-A045-85FE8B0BE8D5,Bengal swing ,B23531FF-7287-4250-ABDE-EE2EF649E274,Sewing machine ,bengal-swing-burrabazar,,,,,,"1st floor, 3, BURTOLLA STREET, BURRABAZAR",BURRABAZAR,West Bengal,India,700007.0,
D83520EB-29DB-4CBB-B191-86865F1BCB44,WEST BENGAL CHEMICAL,8E2D39ED-B062-4A51-BCEE-5E57001026AD,"<h2><strong><em>WEST BENGAL CHEMICAL</em></strong></h2><p><br></p><p><strong><em>WEST BENGAL CHEMICAL</em></strong><em> is a trusted manufacturer and supplier of high-quality </em><strong><em>Adhesives, Glue and Sealants</em></strong><em>, catering to diverse industrial and commercial applications. With a strong commitment to innovation and quality, we provide reliable bonding and sealing solutions that ensure strength, durability, and long-lasting performance.</em></p><p><br></p><h2><strong><em>Our Product Range</em></strong></h2><p><em>Industrial Adhesives</em></p><p><em>Synthetic &amp; Resin-Based Glues</em></p><p><em>Wood Adhesives</em></p><p><em>Construction Sealants</em></p><p><em>Silicone Sealants</em></p><p><br></p><h2><strong><em>Why Choose WEST BENGAL CHEMICAL?</em></strong></h2><p><em>✔ High Bonding Strength &amp; Durability</em></p><p><em> ✔ Quality-Tested Formulations</em></p><p><em> ✔ Suitable for Multiple Applications</em></p><p><em> ✔ Competitive Pricing</em></p><p><br></p><h2><strong><em>Quality Assurance</em></strong></h2><p><em>At WEST BENGAL CHEMICAL, we follow strict quality control procedures during formulation, processing, and packaging. Our products are tested for bonding strength, viscosity, curing time, and durability to ensure superior performance and customer satisfaction.</em></p><p><br></p><h2><strong><em>Our Vision</em></strong></h2><p><em>To become a leading name in the adhesive and sealant industry by delivering innovative, dependable, and cost-effective bonding solutions.</em></p><p><br></p><h3><strong><em>WEST BENGAL CHEMICAL – Strong Bonds, Lasting Performance.</em></strong></h3>",west-bengal-chemical-barabajar-kolkata,,,,,,"12, Bonfield Lane, Kolkata- 700001",KOLKATA,West Bengal,India,700001.0,Barabajar 
568DC3A7-336A-413A-943D-873E6B32D17C,GRAPHICS & TELEMATICS,1578F70E-B915-4C1B-976C-59641A0944D2,<p><strong>&nbsp;GRAPHICS&nbsp;&amp;&nbsp;TELEMATICS&nbsp;continues&nbsp;to&nbsp;strengthen&nbsp;its&nbsp;position&nbsp;in&nbsp;the&nbsp;Mobile&nbsp;Phone&nbsp;&amp;&nbsp;Accessories&nbsp;market.&nbsp;We&nbsp;aim&nbsp;to&nbsp;deliver&nbsp;products&nbsp;that&nbsp;keep&nbsp;people&nbsp;connected&nbsp;efficiently&nbsp;and&nbsp;affordably.</strong></p><p></p><p></p>,graphics-telematics-mobile-phone-accessories-kolkata-dalhousie-kolkata,Smart Mobile Solutions with Quality Accessories & Latest Technology,"Trusted supplier of smartphones, feature phones, chargers, data cables, and mobile accessories.","GRAPHICS & TELEMATICS is a reliable supplier of mobile phones and accessories, offering smartphones, feature phones, chargers, data cables, and related products. We focus on delivering quality, affordability, and the latest technology solutions that keep consumers connected with dependable performance and value.",To be a trusted provider of innovative mobile technology and accessories.,Latest Mobile Technology Products,"7A, Bentinck Street, Dalhousie",KOLKATA,West Bengal,India,700001.0,KOLKATA Dalhousie 
Premium Quality Accessories,,,,,,,,,,,,,,,
Competitive Market Pricing,,,,,,,,,,,,,,,
Quality-Tested Products,1,,,,,,,,,,,,,,
29889F80-78D0-4ED8-8941-875E04A78A2A,GUPTA SANITARY STORES,19437D1E-8B4E-4511-ADDA-2831844CCFD6,"<p><strong>GUPTA SANITARY STORES is a reliable supplier of wash basins, sanitaryware, and fittings, serving residential, commercial, and construction projects. We are committed to providing high-quality, durable, and aesthetically appealing sanitary products that enhance modern bathroom and washroom spaces.</strong></p><p><br></p><h4><strong><em>Product Range</em></strong></h4><p><strong>Our product portfolio includes:</strong></p><p>Wash Basins</p><p>Sanitaryware</p><p>Sanitary Fittings</p><p>Bathroom Accessories &amp; Fixtures</p><p><br></p><h4><strong><em>Why Choose Us</em></strong></h4><p><strong>Premium Quality &amp; Durable Products</strong></p><p><strong>Modern Designs &amp; Functional Solutions</strong></p><p><strong>Wide Range of Options for Every Requirement</strong></p><p><strong>Competitive Pricing</strong></p><p><br></p><h4><strong><em>Quality Assurance</em></strong></h4><p><strong>At GUPTA SANITARY STORES, every product is carefully inspected for finish, strength, and durability. Our strict quality control ensures that all items meet industry standards and perform reliably over time.</strong></p><p><br></p><p><strong>GUPTA SANITARY STORES stands for trust, quality, and modern bathroom solutions. By consistently offering durable and stylish sanitary products, we strive to be the preferred choice for all sanitaryware and fitting requirements. We are committed to delivering excellence in every product and service.</strong></p>","gupta-sanitary-stores-bow-bazar,-kolkata-kolkata",,,,,,"GROUND FLOOR, 2/1, Bow Bazar, Bow Bazar, Hidaram Banerjee Lane, Kolkata",KOLKATA,West Bengal,India,700012.0,"Bow Bazar,  Kolkata "
BA28134E-E346-468A-BD6D-88C4DBA60426,SHREE CHAITANYA TIMBERS,A7CC36F8-5411-40C1-A8EA-5EC8B1CA123F,"<h2><strong><em>SHREE CHAITANYA TIMBERS</em></strong></h2><h3><em>Verified | Bamboo, Wooden &amp; Cane Furniture</em></h3><p><br></p><p><strong><em>SHREE CHAITANYA TIMBERS</em></strong><em> is a trusted and verified name in the field of </em><strong><em>Bamboo, Wooden &amp; Cane Furniture</em></strong><em>. We specialize in crafting high-quality, durable, and aesthetically appealing furniture that blends traditional craftsmanship with modern design.</em></p><p><br></p><h3><strong><em><u>Crafting Nature into Timeless Furniture</u></em></strong></h3><p><br></p><h2><strong><em>Our Product Range</em></strong></h2><p><em>We offer a wide range of furniture solutions, including:</em></p><p><em>Bamboo Chairs &amp; Tables</em></p><p><em>Wooden Beds &amp; Bedroom Sets</em></p><p><em>Cane Sofa Sets</em></p><h2><strong><em>Why Choose Us</em></strong></h2><p>✔<em> Premium Quality Raw Materials</em></p><p><em> ✔ Skilled Craftsmanship</em></p><p><em> ✔ Eco-Friendly &amp; Sustainable Products</em></p><h2><strong><em>Quality Assurance</em></strong></h2><p><em>Quality is the foundation of SHREE CHAITANYA TIMBERS. Each product is manufactured under strict supervision and quality control measures to ensure:</em></p><p><em>High Durability &amp; Strength</em></p><p><em>Termite Resistance (Wood Treatment)</em></p><h2><strong><em>Our Vision</em></strong></h2><p><em>To become a leading brand in the bamboo, wooden, and cane furniture industry by promoting sustainable craftsmanship and delivering premium furniture solutions nationwide.</em></p><p><br></p><p><em>At SHREE CHAITANYA TIMBERS, we transform natural materials into elegant furniture that enhances comfort and style. Our commitment to quality, sustainability, and innovation drives us to create furniture that stands the test of time.</em></p><p><br></p><h3><strong><em>""Nature Crafted. Comfort Delivered.""</em></strong></h3>",shree-chaitanya-timbers-kolkata,,,,,,"29, DUM DUM ROAD, DUM DUM",KOLKATA,West Bengal,India,700074.0,
3A3972E6-30AE-44DE-B585-88CF512F48FE,ATUL KUMAR GAGANDEEP TRADING CO,C04F4837-5C76-43B7-B1B6-BC854CEC01EB,"<h2><strong><em>ATUL KUMAR GAGANDEEP TRADING CO</em></strong></h2><p><br></p><p><strong><em>ATUL KUMAR GAGANDEEP TRADING CO</em></strong><em> is a trusted trader and supplier of premium quality </em><strong><em>Edible Oil &amp; Allied Products</em></strong><em>, serving wholesalers, retailers, and food businesses with consistency and reliability. We are committed to delivering pure, hygienically processed, and high-grade edible oil products that meet industry standards and customer expectations.</em></p><p><br></p><h2><strong><em>Our Product Range</em></strong></h2><p><em>Refined Edible Oils</em></p><p><em>Mustard Oil</em></p><p><em>Soyabean Oil</em></p><p><em>Sunflower Oil</em></p><p><em>Palm Oil</em></p><p><br></p><h2><strong><em>Why Choose ATUL KUMAR GAGANDEEP TRADING CO?</em></strong></h2><p><em>✔ High-Quality &amp; Pure Oil Products</em></p><p><em> ✔ Hygienic Packaging &amp; Storage</em></p><p><em> ✔ Competitive Market Pricing</em></p><p><em> ✔ Bulk &amp; Wholesale Supply</em></p><p><br></p><h2><strong><em>Quality Assurance</em></strong></h2><p><em>We ensure that all edible oils are sourced from trusted manufacturers and processed under strict quality standards. Each batch is checked for purity, freshness, and compliance with food safety norms before distribution.</em></p><p><br></p><h2><strong><em>Our Vision</em></strong></h2><p><em>To be a reliable and preferred trading partner in the edible oil industry by providing quality products, fair pricing, and dependable service.</em></p><p><br></p><h3><strong><em>ATUL KUMAR GAGANDEEP TRADING CO – Delivering Purity &amp; Trust in Every Drop.</em></strong></h3>",atul-kumar-gagandeep-trading-co-kurukshetra,,,,,,"OPP. GRACE PALACE, SHOP NO. 133, SECTOR - 17, KURUKSHETRA",KURUKSHETRA,Haryana,India,136118.0,
B1A579F2-8DAB-4F14-BEA3-88EFDF040A3F,UNIQUE ELECTRONICS,27516874-0E9F-4DE4-9F66-65D999A13EC3,"<h1><strong><em><u>UNIQUE ELECTRONICS</u></em></strong></h1><p><strong><em>Earphones, Speakers &amp; Accessories</em></strong></p><p><br></p><p><strong>UNIQUE ELECTRONICS is a trusted supplier and trader of high-quality Earphones, Speakers, and Electronic Accessories, delivering advanced audio solutions designed for superior sound performance and durability. We focus on offering innovative, stylish, and affordable electronic products that meet the demands of today’s tech-savvy customers.</strong></p><p><br></p><h3><strong><em><u>Our Product Range</u></em></strong></h3><p><strong>We offer a wide selection of audio and electronic accessories, including:</strong></p><p><strong>✔ Wired Earphones</strong></p><p><strong>✔ Wireless Bluetooth Earphones</strong></p><p><strong>✔ Neckband Headsets</strong></p><p><strong>✔ Portable Bluetooth Speakers</strong></p><p><br></p><h3><strong><em><u>Why Choose Us</u></em></strong></h3><p><strong>✔ Latest and trending electronic products</strong></p><p><strong> ✔ Competitive pricing</strong></p><p><strong> ✔ Bulk order availability</strong></p><p><strong> ✔ Timely delivery</strong></p><p><br></p><h3><strong><em><u>Quality Assurance</u></em></strong></h3><p><strong>At UNIQUE ELECTRONICS, we prioritize quality by ensuring:</strong></p><p><strong>Premium electronic components</strong></p><p><strong>Clear audio output &amp; deep bass performance</strong></p><p><strong>Durable build quality</strong></p><p><br></p><p><strong>With a dedication to innovation and quality, UNIQUE ELECTRONICS continues to provide dependable audio and electronic solutions that enhance everyday life. We strive to deliver products that combine performance, style, and affordability.</strong></p><p><br></p><h3><strong><em>UNIQUE ELECTRONICS – Sound, Style &amp; Smart Technology.</em></strong></h3><p><br></p>",unique-electronics-behala-market.-kolkata,,,,,,"1, SOURIN ROY ROAD, BEHALA",KOLKATA,West Bengal,India,700034.0,Behala Market. 
1786EE82-0109-4685-A53E-892DBB0A9B95,M/S. SSS HARDWARE & SANITARY,19437D1E-8B4E-4511-ADDA-2831844CCFD6,"<h2><strong><em>M/S. SSS HARDWARE &amp; SANITARY</em></strong></h2><p><br></p><p><strong><em>M/S. SSS HARDWARE &amp; SANITARY</em></strong><em> is a trusted supplier of premium </em><strong><em>Wash Basins, Sanitaryware &amp; Fittings</em></strong><em>, offering complete bathroom and plumbing solutions for residential, commercial, and construction projects. We are committed to delivering high-quality products that combine durability, functionality, and modern design.</em></p><p><br></p><h2><strong><em>Our Product Range</em></strong></h2><p><em>Designer Wash Basins</em></p><p><em>Wall-Mounted &amp; Countertop Basins</em></p><p><em>Water Closets (WC)</em></p><p><em>Bathroom Fittings &amp; Faucets</em></p><p><em>Showers &amp; Accessories</em></p><p><br></p><h2><strong><em>Why Choose M/S. SSS HARDWARE &amp; SANITARY?</em></strong></h2><p><em>✔ Premium Quality Products</em></p><p><em> ✔ Modern &amp; Elegant Designs</em></p><p><em> ✔ Durable &amp; Corrosion-Resistant Materials</em></p><p><em> ✔ Wide Range &amp; Ready Stock</em></p><p><br></p><h2><strong><em>Quality Assurance</em></strong></h2><p><em>At M/S. SSS HARDWARE &amp; SANITARY, we ensure that all products meet industry standards for durability, finishing, and performance. Each item is carefully selected and inspected to maintain consistent quality and long-term reliability.</em></p><p><br></p><h2><strong><em>Our Vision</em></strong></h2><p><em>To be a preferred destination for sanitaryware and hardware solutions by delivering trusted products and excellent service.</em></p><p><br></p><h3><strong><em>M/S. SSS HARDWARE &amp; SANITARY – Complete Solutions for Modern Bathrooms.</em></strong></h3><p><br></p><p><br></p>",m/s.-sss-hardware-&-sanitary-kolkata,,,,,,"47 Rafi kidwai Road, kolkata-700016",KOLKATA ,West Bengal,India,700019.0,
D5A9FACF-6CE4-4096-A306-89E67C6F4E54,M/S BOLT HOUSE,6009E681-B9B4-4C11-91C9-6E9C0519B9B3,"<p><strong>&nbsp;BOLT&nbsp;HOUSE&nbsp;DEALS&nbsp;WITH&nbsp;BRANDS&nbsp;</strong>&nbsp;<strong>&nbsp;like&nbsp;&nbsp;TVS,&nbsp;Unbrako,&nbsp;APL,&nbsp;Fischer&nbsp;&amp;&nbsp;HP&nbsp;</strong></p>",ms-bolt-house-machines-equipments-barabajar-kolkata-kolkata-burra-bazar,Trusted Fasteners & Industrial Fixing Solutions from Leading Brands,"BOLT HOUSE  ,A PREMIUM HOUSE OF HIGH TENSIL FASTNERS ANCHOR FASTNERS LOCATED AT BARABAJAR KOLKATA ","M/S BOLT HOUSE is a trusted supplier of industrial fasteners and fixing solutions, offering products from renowned brands including TVS, Unbrako, APL, Fischer, and HP. We cater to construction, engineering, fabrication, infrastructure, and industrial sectors with reliable, durable, and precision-engineered fastening products.",To be a preferred partner for quality fastening and industrial fixing solutions.,Trusted International & Indian Brands,"71B, Netaji Subhas Road, Burra Bazar", KOLKATA  BURRA BAZAR,West Bengal,India,700001.0,"Barabajar , Kolkata "
Wide Range of Fastening Products,,,,,,,,,,,,,,,
Quality-Assured Industrial Solutions,,,,,,,,,,,,,,,
Reliable Supply & Availability,1,,,,,,,,,,,,,,
2B47C714-193B-4051-812F-89F069B2AF69,BINA INDUSTRIES,DC75A682-A42E-49CC-9DC5-AF73998F01A3,"<h2><strong><em>BINA INDUSTRIES</em></strong></h2><p><strong><em>PVC, FRP, HDPE &amp; Other Plastic Pipes | PVC Pipes</em></strong></p><p><br></p><p><strong><em>BINA INDUSTRIES</em></strong><em> is a trusted manufacturer and supplier of high-quality </em><strong><em>PVC, FRP, HDPE, and other Plastic Pipes</em></strong><em>, catering to agricultural, industrial, commercial, and residential sectors. With strong technical expertise and industry experience, we provide durable and efficient piping solutions designed for long-lasting performance.</em></p><p><br></p><h2><strong><em>Our Product Range</em></strong></h2><h3>🔹 <em>PVC Pipes</em></h3><p><em>Agricultural PVC Pipes</em></p><p><em>Plumbing PVC Pipes</em></p><p><em>SWR (Soil, Waste &amp; Rainwater) Pipes</em></p><p><br></p><h2><strong><em>Why Choose Us</em></strong></h2><p><em>✔ High-Quality Raw Materials</em></p><p><em> ✔ Strong &amp; Leak-Proof Pipes</em></p><p><em> ✔ Corrosion &amp; Chemical Resistant</em></p><p><em> ✔ Long Service Life</em></p><p><br></p><h2><strong><em>Quality Assurance</em></strong></h2><p><em>At </em><strong><em>BINA INDUSTRIES</em></strong><em>, quality is our priority. We ensure:</em></p><p><em>Strict manufacturing standards</em></p><p><em>Advanced extrusion technology</em></p><p><em>Pressure and durability testing</em></p><p><br></p><h2><strong><em>Our Vision</em></strong></h2><p><em>To become a leading and trusted brand in the plastic piping industry by delivering innovative, sustainable, and high-performance piping solutions.</em></p><p><br></p><p><em>With dedication to excellence and reliability, </em><strong><em>BINA INDUSTRIES</em></strong><em> continues to provide superior PVC, HDPE, and FRP piping solutions that support infrastructure development and agricultural growth.</em></p><p><br></p>",bina-industries-ajabnagar,,,,,,"BARUIPARA PALTAGHAR, ROY PARA, AJABNAGAR",AJABNAGAR,West Bengal,India,712223.0,
6401FB28-8BBF-4351-B503-8A0A66DCBCC3,SLLG INNOVATIONS PRIVATE LIMITED,A136D8D5-EE80-40B0-8019-AB7C494E0D81,"<h2><strong><em>SLLG INNOVATIONS PRIVATE LIMITED</em></strong></h2><p><strong><em>Resistors &amp; Other Passive Devices</em></strong></p><p><br></p><p><strong><em>SLLG INNOVATIONS PRIVATE LIMITED</em></strong><em> is a technology-driven company specializing in the supply and distribution of high-quality </em><strong><em>Resistors and Other Passive Electronic Devices</em></strong><em>. With a strong commitment to precision, reliability, and innovation, we serve the needs of electronics manufacturers, OEMs, R&amp;D units, and industrial automation sectors.</em></p><p><br></p><h2><strong><em>Product Range</em></strong></h2><p><em>We offer a comprehensive range of passive electronic components including:</em></p><p><em>Carbon Film Resistors</em></p><p><em>Metal Film Resistors</em></p><p><em>Wire Wound Resistors</em></p><p><em>SMD Resistors</em></p><p><em>Variable Resistors (Potentiometers)</em></p><p><br></p><h2><strong><em>Why Choose Us</em></strong></h2><p><em>✔ High-Precision Electronic Components</em></p><p><em> ✔ Reliable &amp; Consistent Performance</em></p><p><em> ✔ Strict Quality Standards</em></p><p><em> ✔ Competitive Pricing</em></p><p><br></p><h2><strong><em>Quality Assurance</em></strong></h2><p><em>At </em><strong><em>SLLG INNOVATIONS PRIVATE LIMITED</em></strong><em>, quality is our foundation. Our components undergo:</em></p><p><em>Electrical performance testing</em></p><p><em>Tolerance and resistance value verification</em></p><p><em>Thermal stability testing</em></p><p><br></p><p><strong><em>SLLG INNOVATIONS PRIVATE LIMITED</em></strong><em> stands as a dependable partner in the electronics industry, providing high-quality passive components that power modern technology. With innovation and precision at our core, we continue to support reliable electronic performance across industries.</em></p><p><br></p><h3><em>Precision Components. Reliable Performance. Innovative Solutions.</em></h3>",sllg-innovations-private-limited-saraswati-vihar-new-delhi,,,,,,"Second Floor, B-258, Saraswati Vihar, Pitampura, New Delhi",NEW DELHI,Delhi,India,110034.0,Saraswati Vihar
8698D43C-762E-48A2-B8A5-8A8D7AF061F4,GLOBAL BSERVE,E7412979-1B1F-483F-A464-323CAE6EB365,"<p><strong>GLOBAL&nbsp;BSERVE&nbsp;stands&nbsp;for&nbsp;innovation,&nbsp;reliability,&nbsp;and&nbsp;digital&nbsp;excellence.&nbsp;With&nbsp;our&nbsp;expertise&nbsp;in&nbsp;software&nbsp;development&nbsp;and&nbsp;CRM&nbsp;solutions,&nbsp;we&nbsp;empower&nbsp;businesses&nbsp;to&nbsp;enhance&nbsp;productivity,&nbsp;strengthen&nbsp;customer&nbsp;relationships,&nbsp;and&nbsp;achieve&nbsp;sustainable&nbsp;growth.</strong></p><p></p>",global-bserve-computer-software-mobile-apps-pune,"Innovative Software, Mobile Apps & CRM Solutions for Business Growth","Technology company specializing in custom software, mobile app development, and CRM solutions for modern businesses.","GLOBAL BSERVE delivers custom software development, mobile applications, and CRM solutions designed to enhance business efficiency and customer engagement. We build scalable, secure, and user-friendly digital platforms that help organizations automate processes, improve productivity, and accelerate growth through technology.",To empower businesses through innovative and transformative digital solutions.,Customized & Scalable Solutions,"L-3, LOWER GROUND FLOOR, PHOENIX CAMPUS, VIMAN NAGAR, PUNE",PUNE,Maharashtra,India,411014.0,
User-Friendly Application Design,,,,,,,,,,,,,,,
Secure & Reliable Systems,,,,,,,,,,,,,,,
Latest Technology Expertise,1,,,,,,,,,,,,,,
D19C831D-EA5A-4879-9A06-8B5A5CFF5116,ARUN ENTERPRISES (I Power Transformer),943BC4E9-35A3-4D90-BB70-772C2818D47F,"<p><strong>ARUN&nbsp;ENTERPRISES&nbsp;(I&nbsp;Power&nbsp;Transformer)&nbsp;stands&nbsp;for&nbsp;engineering&nbsp;excellence,&nbsp;reliability,&nbsp;and&nbsp;performance.&nbsp;With&nbsp;our&nbsp;comprehensive&nbsp;range&nbsp;of&nbsp;transformers&nbsp;and&nbsp;components,&nbsp;we&nbsp;continue&nbsp;to&nbsp;power&nbsp;industries&nbsp;with&nbsp;safe&nbsp;and&nbsp;efficient&nbsp;electrical&nbsp;solutions.</strong></p>",arun-enterprises-i-power-transformer-transformers-transformer-parts-kolkata,Efficient Power Transformer Solutions Engineered for Reliability & Performance,"Manufacturer and supplier of power, distribution, and electronic transformers for industrial and commercial applications.","ARUN ENTERPRISES (I Power Transformer) is a trusted manufacturer and supplier of power transformers, distribution transformers, and electronic transformers. We deliver energy-efficient, durable, and high-performance transformer solutions designed to meet the demands of industrial, commercial, utility, and electrical infrastructure applications.","To power progress through innovative, efficient, and reliable transformer solutions.",Advanced Manufacturing Technology,"5TH FLOOR,, 26,, HOWRAH, HOWRAH",Kolkata,West Bengal,India,711101.0,
High Efficiency & Low Power Loss,,,,,,,,,,,,,,,
Robust & Durable Construction,,,,,,,,,,,,,,,
Customized Transformer Solutions,1,,,,,,,,,,,,,,
9DB4D246-5FB2-46EB-9F1D-8BA3D33041C1,YASH DECOR,CB75BB67-B63F-4592-BDB6-3D904DCA3F86,"<h1><strong><em><u>YASH DECOR</u></em></strong></h1><p><strong><em>Wood, Plywood, Veneer &amp; Laminates</em></strong></p><p><br></p><p><strong>YASH DECOR</strong> is a trusted supplier and trader of premium-quality <strong>Wood, Plywood, Veneer &amp; Laminates</strong>, offering stylish and durable solutions for modern interiors. With a commitment to quality, design excellence, and customer satisfaction, we cater to the evolving needs of architects, interior designers, contractors, and homeowners.</p><p><br></p><h3><strong><em><u>Our Product Range</u></em></strong></h3><p><strong>We provide a comprehensive range of products, including:</strong></p><p><strong>✔ Commercial &amp; Marine Plywood</strong></p><p><strong>✔ Decorative Laminates (Glossy, Matte, Textured, High-Pressure)</strong></p><p><strong>✔ Natural &amp; Engineered Veneers</strong></p><p><strong>✔ Block Boards</strong></p><p><br></p><h3><strong><em><u>Why Choose Us</u></em></strong></h3><p><strong>✔ Wide variety of modern designs</strong></p><p><strong> ✔ Durable and reliable materials</strong></p><p><strong> ✔ Competitive pricing</strong></p><p><strong> ✔ Ready stock availability</strong></p><p><br></p><h3><strong><em><u>Quality Assurance</u></em></strong></h3><p><strong>At YASH DECOR, we ensure strict quality standards by:</strong></p><p><strong>Sourcing premium raw materials</strong></p><p><strong>Ensuring termite &amp; moisture resistance</strong></p><p><strong>Maintaining strength and durability</strong></p><p><strong>Offering smooth and flawless finishing</strong></p><p><br></p><p><strong>With a strong commitment to quality and innovation, YASH DECOR continues to provide premium wood and panel solutions that bring elegance and durability to every project.</strong></p><p><br></p><h3><strong><em>YASH DECOR – Redefining Interiors with Quality &amp; Style.</em></strong></h3>",yash-decor-kolkata,,,,,,"96B, CR, Avenue, Kolkata, 700012",KOLKATA,West Bengal,India,700073.0,
9EE37F9E-A461-44EA-8DC7-8BA878976B21,GOPAL TILES & MARBLES CO,DF1E923B-44B1-46C6-83CC-67FB8212BFF4,"<h2><strong><em>GOPAL TILES &amp; MARBLES CO</em></strong></h2><p><strong><em>Stone Tiles &amp; Floorings | Marble Tiles</em></strong></p><p><br></p><p><strong><em>GOPAL TILES &amp; MARBLES CO</em></strong><em> is a trusted name in the industry, specializing in premium-quality </em><strong><em>Stone Tiles, Floorings, and Marble Tiles</em></strong><em> for residential, commercial, and architectural projects. With years of experience and a strong market presence, we provide natural stone solutions that combine durability, sophistication, and timeless appeal.</em></p><p><br></p><h2><strong><em>Our Product Range</em></strong></h2><h3>🔹 <em>Stone Tiles &amp; Floorings</em></h3><p><em>Natural Stone Tiles</em></p><p><em>Granite Flooring</em></p><p><br></p><h3>🔹 <em>Marble Tiles</em></h3><p><em>Indian Marble Tiles</em></p><p><em>Imported Marble Tiles</em></p><p><br></p><h2><strong><em>Why Choose Us</em></strong></h2><p><em>✔ Premium Quality Natural Stones</em></p><p><em> ✔ Wide Variety of Designs &amp; Finishes</em></p><p><em> ✔ Competitive Pricing</em></p><p><em> ✔ Custom Sizes Available</em></p><p><br></p><h2><strong><em>Quality Assurance</em></strong></h2><p><em>At </em><strong><em>GOPAL TILES &amp; MARBLES CO</em></strong><em>, quality is our foundation. We ensure:</em></p><p><em>Careful selection of high-grade stone blocks</em></p><p><em>Precision cutting and polishing</em></p><p><br></p><p><em>With dedication to craftsmanship and a passion for natural stone elegance, </em><strong><em>GOPAL TILES &amp; MARBLES CO</em></strong><em> continues to transform spaces with high-quality marble and stone flooring solutions that stand the test of time.</em></p><p><br></p><h3><strong><em>“Natural Beauty. Lasting Strength.”</em></strong></h3>",gopal-tiles-&-marbles-co-kolkata,,,,,,"238, JESSORE ROAD, NAGERBAZAR",Kolkata ,West Bengal,India,700028.0,
D2564F40-173C-45CD-AF8D-8C8B65D1825D,swapnil test,D43E156F-7F72-47C9-9BA8-0F400A1D63DF,"<h2><strong><em>SWAPNIL TEST</em></strong></h2><p><br></p><p><strong><em>SWAPNIL TEST</em></strong><em> is a reliable supplier of </em><strong><em>Router, Cables &amp; Networking Devices</em></strong><em>, offering complete connectivity solutions for homes, offices, institutions, and commercial setups. We focus on delivering high-performance networking products that ensure fast, secure, and uninterrupted communication.</em></p><p><br></p><h2><strong><em>Our Product Range</em></strong></h2><p><em>We provide a wide range of networking products, including:</em></p><p><strong><em>Wi-Fi Routers (Single Band &amp; Dual Band)</em></strong></p><p><strong><em>Enterprise &amp; Business Routers</em></strong></p><p><strong><em>LAN Cables (Cat5e, Cat6, Cat6A)</em></strong></p><p><strong><em>Fiber Optic Cables &amp; Accessories</em></strong></p><p><br></p><h2><strong><em>Why Choose SWAPNIL TEST</em></strong></h2><p><em>✔ High-speed and stable connectivity solutions</em></p><p><em>✔ Durable and certified networking cables</em></p><p><em>✔ Advanced technology products</em></p><p><em>✔ Competitive pricing</em></p><p><br></p><h2><strong><em>Quality Assurance</em></strong></h2><p><em>At </em><strong><em>SWAPNIL TEST</em></strong><em>, quality is ensured through:</em></p><p><em>Sourcing from trusted manufacturers</em></p><p><em>Performance and durability testing</em></p><p><br></p><p><strong><em>SWAPNIL TEST</em></strong><em> stands for dependable and advanced </em><strong><em>Router, Cables &amp; Networking Devices</em></strong><em>. Whether for home internet setup or enterprise networking, we provide reliable products that ensure smooth and uninterrupted connectivity.</em></p><p><br></p><p><br></p><p><br></p><p><br></p><p><br></p><p><br></p>",swapnil-test-hambran-road-ludhiana,,,,,,"KHASRA NO. 20//6/2-7/1-17-25-12/1-13-14, KHATA NO. 18/18, HAMBRAN  ROAD, VILLAGE JAINPUR, Ludhiana",LUDHIANA,Punjab,India,141011.0,HAMBRAN  ROAD
5B8A7933-D9DC-4A38-85D9-8D555BB7E65E,M/S. S. COMMUNICATION,25DA2785-F824-4C17-877A-3A80DC04776A,"<h2><strong><em>M/S. S. COMMUNICATION</em></strong></h2><p><strong><em>Router, Cables &amp; Networking Devices</em></strong></p><p><br></p><p><strong><em>M/S. S. COMMUNICATION</em></strong><em> is a reliable supplier of high-quality </em><strong><em>Routers, Cables, and Networking Devices</em></strong><em>, providing advanced connectivity solutions for residential, commercial, and industrial environments. With a focus on performance, reliability, and customer satisfaction, we deliver networking products that ensure seamless communication and efficient data transfer.</em></p><p><br></p><h2><strong><em>Product Range</em></strong></h2><p><em>We offer a comprehensive range of networking products including:</em></p><p><em>Wi-Fi Routers</em></p><p><em>Broadband Routers</em></p><p><em>Network Switches</em></p><p><em>LAN &amp; Ethernet Cables</em></p><p><br></p><h2><strong><em>Why Choose Us</em></strong></h2><p><em>✔ High-Performance Networking Solutions</em></p><p><em> ✔ Quality-Tested Products</em></p><p><em> ✔ Competitive Pricing</em></p><p><em> ✔ Reliable Stock Availability</em></p><p><br></p><h2><strong><em>Quality Assurance</em></strong></h2><p><em>At </em><strong><em>M/S. S. COMMUNICATION</em></strong><em>, quality and reliability are our priorities. Our products undergo:</em></p><p><em>Performance testing</em></p><p><em>Signal strength evaluation</em></p><p><br></p><p><strong><em>M/S. S. COMMUNICATION</em></strong><em> continues to support modern communication needs with reliable and high-speed networking solutions. With quality products and customer-focused service, we strive to build strong and lasting connections.</em></p><p><br></p><h3><em>Strong Networks. Reliable Connections. Trusted Solutions.</em></h3><p><br></p><p><br></p><p><br></p>",m/s.-s.-communication-tollygange-kolkata,,,,,,"63A TOLLYGUNGE ROAD, KOLKATA - 700033, TOLLYGUNGE ROAD, KOLKATA - 700033, Kolkata",Kolkata,West Bengal,India,700033.0,Tollygange 
0072DD01-4D21-4B97-9D6B-8DABFAE6C0E9,EASTERN TUBE AGENCY,D9955ED9-7689-483C-8F80-7C23CA7E679D,"<h2><strong><em>EASTERN TUBE AGENCY</em></strong></h2><p><strong><em>EASTERN TUBE AGENCY</em></strong><em> is a reliable supplier and trader of high-quality </em><strong><em>Industrial Pipe &amp; Tube Fittings</em></strong><em>, serving diverse sectors such as construction, oil &amp; gas, manufacturing, infrastructure, and engineering industries. We are committed to delivering durable, precision-engineered fitting solutions that ensure safe, leak-proof, and long-lasting pipeline systems.</em></p><p><br></p><h2><strong><em>Our Product Range</em></strong></h2><p><em>Elbows, Tees &amp; Reducers</em></p><p><em>Flanges &amp; Couplings</em></p><p><em>Pipe Nipples &amp; Unions</em></p><p><em>Stainless Steel Fittings</em></p><p><em>Carbon Steel Fittings</em></p><p><br></p><h2><em>Why Choose EASTERN TUBE AGENCY?</em></h2><p><em>✔ High-Grade Raw Materials</em></p><p><em> ✔ Precision Dimensions &amp; Finishing</em></p><p><em> ✔ Corrosion-Resistant &amp; Durable Products</em></p><p><em> ✔ Wide Range &amp; Ready Stock Availability</em></p><p><br></p><h2><em>Quality Assurance</em></h2><p><em>At EASTERN TUBE AGENCY, all products are sourced and supplied in compliance with industry standards. We conduct strict quality checks to ensure strength, dimensional accuracy, pressure resistance, and long-term reliability.</em></p><p><br></p><h2><em>Our Vision</em></h2><p><em>To become a trusted name in the industrial fittings sector by offering dependable products, transparent business practices, and consistent service excellence.</em></p><p><br></p><h3><strong><em>EASTERN TUBE AGENCY – Connecting Strength with Precision.</em></strong></h3>","eastern-tube-agency-barabajar-,-kolkata-kolkata",,,,,,"37, N.S. ROAD, BURRABAZAR",KOLKATA ,West Bengal,India,700001.0,"Barabajar , Kolkata "
7FCE89B7-9100-4E90-87CE-8DB322B0A40F,RUNA TRADERS,E99ECBB3-DBD8-4891-81EB-FBCBC0CDE99C,"<p><strong>RUNA&nbsp;TRADERS&nbsp;stands&nbsp;for&nbsp;elegance,&nbsp;reliability,&nbsp;and&nbsp;comfort.&nbsp;With&nbsp;our&nbsp;premium&nbsp;bedroom&nbsp;furniture&nbsp;and&nbsp;thoughtfully&nbsp;designed&nbsp;bedroom&nbsp;sets,&nbsp;we&nbsp;continue&nbsp;to&nbsp;create&nbsp;beautiful&nbsp;and&nbsp;functional&nbsp;spaces&nbsp;that&nbsp;customers&nbsp;love.</strong></p>",runa-traders-bedroom-furniture-kolkata,"Elegant Bedroom Furniture Crafted for Comfort, Style & Durability","Trusted supplier of premium bedroom furniture, designer bedroom sets, and quality beds for modern living spaces.","RUNA TRADERS specializes in premium bedroom furniture and complete bedroom sets. We offer designer bedroom furniture, wooden and engineered wood beds, and king and queen size beds crafted with quality materials, elegant designs, and durable construction to enhance comfort and aesthetics.",To create stylish and comfortable bedroom spaces with quality furniture solutions.,Premium Quality Furniture Materials,"GROUND FLOOR, PREMISES NO 28 0015,PLOT NO AL I B 17,SHOP NO. 01, ACTION AREA -I NEW TOWN P.S. NEW TOWN KOLKATA, NEW TOWN",KOLKATA,West Bengal,India,700156.0,
Elegant & Modern Bedroom Designs,,,,,,,,,,,,,,,
Strong & Durable Construction,,,,,,,,,,,,,,,
Precision Craftsmanship,1,,,,,,,,,,,,,,
B092F26A-43DC-44F8-ADE7-91445A5D45D5,FOURTRAX LIFESTYLES PRIVATE LIMITED,2CDD880E-4B05-4FBB-A998-32243F874655,"<h2><strong><em>FOURTRAX LIFESTYLES PRIVATE LIMITED</em></strong></h2><p><br></p><p><strong><em>FOURTRAX LIFESTYLES PRIVATE LIMITED</em></strong><em> is a forward-thinking company engaged in the manufacturing and supply of premium </em><strong><em>Nutraceuticals &amp; Dietary Supplements</em></strong><em>. We are dedicated to promoting healthier lifestyles by offering scientifically formulated, high-quality nutritional products that support overall wellness and performance.</em></p><p><br></p><h2><strong><em>Our Product Range</em></strong></h2><p><em>Health &amp; Wellness Supplements</em></p><p><em>Protein Powders</em></p><p><em>Multivitamins &amp; Minerals</em></p><p><em>Herbal Supplements</em></p><p><em>Immunity Boosters</em></p><p><br></p><h2><strong><em>Why Choose FOURTRAX LIFESTYLES PRIVATE LIMITED?</em></strong></h2><p><em>✔ Premium Quality Ingredients</em></p><p><em> ✔ Scientifically Formulated Products</em></p><p><em> ✔ Manufactured Under Strict Quality Standards</em></p><p><em> ✔ Safe &amp; Effective Nutritional Solutions</em></p><p><br></p><h2><strong><em>Quality Commitment</em></strong></h2><p><em>At FOURTRAX LIFESTYLES PRIVATE LIMITED, we adhere to stringent quality assurance processes at every stage — from ingredient sourcing to manufacturing and packaging. Our products are developed to meet regulatory standards and ensure customer trust and satisfaction.</em></p><p><br></p><h2><strong><em>Our Vision</em></strong></h2><p><em>To be a trusted name in the nutraceutical industry by delivering innovative, safe, and result-oriented dietary solutions that contribute to healthier living.</em></p><p><br></p><h3><strong><em>FOURTRAX LIFESTYLES PRIVATE LIMITED – Empowering Health, Enhancing Life.</em></strong></h3>",fourtrax-lifestyles-private-limited-karnal-industrial-area-karnal,,,,,,"PLOT NO 85, Karnal Industrial Area, The Karnal HSIIDC Industries Welfare Association, HSIIDC, Karnal",KARNAL,Haryana,India,132001.0,Karnal Industrial Area
063D440D-69DE-4BA3-B425-9167482DBA54,S. S. INFOTECH,87DF8D3F-F166-4C5B-B255-5B78B2033A1B,"<h2><strong><em>S. S. INFOTECH</em></strong></h2><h3><strong><em>Laptops, PC, Mainframes &amp; Computers</em></strong></h3><p><br></p><p><strong><em>S. S. INFOTECH</em></strong><em> is a trusted supplier and distributor of </em><strong><em>Laptops, PCs, Mainframes, and Computer Systems</em></strong><em>, providing reliable and high-performance IT solutions for businesses, institutions, and individuals.</em></p><p><em>With strong industry expertise and a customer-focused approach, we deliver advanced computing products that support productivity, innovation, and digital transformation. Our goal is to provide genuine, high-quality systems at competitive prices with dependable service support.</em></p><p><br></p><h2><strong><em>Our Product Range</em></strong></h2><h3>🔹<em> Laptops</em></h3><p><em>Business Laptops</em></p><p><em>Gaming Laptops</em></p><p><br></p><h3><em>🔹 Desktop PCs</em></h3><p><em>Branded Desktop Computers</em></p><p><em>Assembled PCs</em></p><p><br></p><h3><em>🔹 Mainframes &amp; Servers</em></h3><p><em>Enterprise Servers</em></p><p><em>Rack &amp; Tower Servers</em></p><p><br></p><h3><em>🔹 Computer Accessories</em></h3><p><em>Monitors</em></p><p><em>Keyboards &amp; Mouse</em></p><p><br></p><h2><strong><em>Why Choose Us</em></strong></h2><p><em>✔ Genuine &amp; Branded Products</em></p><p><em> ✔ Latest Technology Solutions</em></p><p><em> ✔ Competitive Market Pricing</em></p><p><br></p><h2><strong><em>Quality Assurance</em></strong></h2><p><em>At </em><strong><em>S. S. INFOTECH</em></strong><em>, quality and reliability are our priorities. We ensure:</em></p><p><em>100% authentic products</em></p><p><em>Warranty-supported systems</em></p><p><br></p><h3><em><u>“Empowering Technology. Enabling Success.”</u></em></h3><p><br></p>",s.-s.-infotech-thakurpukur-market-complex-kolkata,,,,,,"47A, THAKURPUKUR ROAD, KOLKATA",KOLKATA,West Bengal,India,700063.0,Thakurpukur Market complex
43B2428D-B6B5-45E4-9263-91CEAC0457FA,DECO FURNITURE,E99ECBB3-DBD8-4891-81EB-FBCBC0CDE99C,"<h2><em>DECO FURNITURE</em></h2><p><br></p><p><strong><em>DECO FURNITURE</em></strong><em> is a trusted name in premium </em><strong><em>Bedroom Furniture &amp; Complete Bedroom Sets</em></strong><em>, known for blending elegant design with everyday comfort. We specialize in crafting stylish, durable, and functional bedroom solutions that transform living spaces into relaxing and luxurious retreats.</em></p><p><br></p><h2><em>Our Product Range</em></h2><p><em>Designer Beds (King, Queen &amp; Custom Sizes)</em></p><p><em>Complete Bedroom Sets</em></p><p><em>Wardrobes &amp; Sliding Wardrobes</em></p><p><em>Bedside Tables</em></p><p><em>Dressers &amp; Vanity Units</em></p><p><br></p><h2><em>Why Choose DECO FURNITURE?</em></h2><p><em>✔ Premium Quality Materials</em></p><p><em> ✔ Modern &amp; Elegant Designs</em></p><p><em> ✔ Customization Options Available</em></p><p><em> ✔ Competitive Pricing</em></p><p><br></p><h2><em>Quality Assurance</em></h2><p><em>At DECO FURNITITURE, strict quality control measures are followed at every stage — from raw material selection to final finishing and packaging. Each piece undergoes thorough inspection to ensure durability, strength, and flawless finishing.</em></p><p><br></p><h2><em>Our Vision</em></h2><p><em>To become a leading brand in bedroom furniture by delivering superior craftsmanship, contemporary designs, and unmatched customer satisfaction.</em></p><p><br></p><h3><strong><em>DECO FURNITURE – Redefining Comfort, Crafting Elegance.</em></strong></h3><p><br></p>",deco-furniture-kolkata,,,,,,"68A/174, RAJA S.C. MULLICK ROAD, KOLKATA",KOLKATA,West Bengal,India,700092.0,
1D9B8133-A3A3-48AC-B2FF-920F1AFB16F6,S.R. FURNITURE & INTERIOR,E99ECBB3-DBD8-4891-81EB-FBCBC0CDE99C,"<p><strong>S.R.&nbsp;FURNITURE&nbsp;&amp;&nbsp;INTERIOR&nbsp;is&nbsp;a&nbsp;trusted&nbsp;name&nbsp;in&nbsp;the&nbsp;field&nbsp;of&nbsp;Bedroom&nbsp;Furniture,&nbsp;offering&nbsp;stylish,&nbsp;durable,&nbsp;and&nbsp;functional&nbsp;furniture&nbsp;solutions&nbsp;designed&nbsp;to&nbsp;enhance&nbsp;comfort&nbsp;and&nbsp;aesthetics.&nbsp;With&nbsp;a&nbsp;strong&nbsp;focus&nbsp;on&nbsp;craftsmanship&nbsp;and&nbsp;modern&nbsp;design,&nbsp;we&nbsp;create&nbsp;bedroom&nbsp;interiors&nbsp;that&nbsp;reflect&nbsp;elegance,&nbsp;quality,&nbsp;and&nbsp;practicality.</strong></p><p></p><h4></h4>",sr-furniture-interior-bedroom-furniture-kusumba-kolkata,"Elegant Bedroom Furniture Crafted for Comfort, Style & Durability","Trusted provider of premium bedroom furniture with modern designs, customization, and superior craftsmanship.","S.R. FURNITURE & INTERIOR specializes in stylish and durable bedroom furniture designed to enhance comfort and aesthetics. From designer beds and wardrobes to bedside tables and customized furniture solutions, we combine quality materials, expert craftsmanship, and innovative designs to create elegant living spaces.",To be a preferred brand for premium bedroom furniture and interior solutions.,Premium Quality Materials,"Ground Floor, Holding No. 6/3 (Old No.6), Kusumba, Shimultala Aggragami Club, Sonarpur Station Road, Kolkata",KOLKATA,West Bengal,India,700103.0,Kusumba
Modern & Classic Designs,,,,,,,,,,,,,,,
Customized Furniture Solutions,,,,,,,,,,,,,,,
Strong & Durable Construction,1,,,,,,,,,,,,,,
0299E19D-D41F-4502-9B21-934517D9A7C2,MANNAT PLYWOOD,CB75BB67-B63F-4592-BDB6-3D904DCA3F86,"<p><strong>MANNAT&nbsp;PLYWOOD&nbsp;—&nbsp;strength&nbsp;you&nbsp;can&nbsp;trust,&nbsp;style&nbsp;you&nbsp;can&nbsp;see.</strong></p>",mannat-plywood-wood-plywood-veneer-laminates-kolkata,"Strength You Can Trust, Style You Can See.","Premier supplier of premium wood-based panels, plywood, veneers, and laminates for high-end interior and exterior design.","MANNAT PLYWOOD is a trusted industry leader specializing in a comprehensive range of wood products designed to elevate functionality and aesthetic appeal. From commercial and waterproof plywood to decorative veneers and high-end laminates, we provide the essential foundation for modular kitchens, furniture, and sophisticated architectural finishes. As a key supplier on the BONC Network, we are committed to delivering superior quality, competitive B2B pricing, and consistent supply chains for residential and commercial projects.","To be the benchmark for quality and innovation in the plywood and interior panel market, empowering creators with durable and stylish materials.",Superior Material Integrity,"2C, CHOWBAGA ROAD, KOLKATA",KOLKATA,West Bengal,India,700039.0,
Extensive Product Portfolio,,,,,,,,,,,,,,,
Reliable B2B Supply Chain,,,,,,,,,,,,,,,
Competitive Market Pricing,1,,,,,,,,,,,,,,
8B9C7AA7-8B0E-475D-A4C5-9600988F069F,SHYAM SANITARY PRIVATE LIMITED,19437D1E-8B4E-4511-ADDA-2831844CCFD6,"<h1><strong><em><u>SHYAM SANITARY PRIVATE LIMITED</u></em></strong></h1><h3><strong><em>Premium Wash Basins, Sanitaryware &amp; Bathroom Fittings</em></strong></h3><p><br></p><p><strong>SHYAM SANITARY PRIVATE LIMITED is a trusted and emerging name in the field of Wash Basins, Sanitaryware &amp; Bathroom Fittings. With a strong commitment to quality, innovation, and customer satisfaction, we specialize in manufacturing and supplying premium bathroom solutions that combine durability, elegance, and modern design.</strong></p><p><br></p><h3><em>Redefining Bathroom Elegance with Quality &amp; Innovation</em></h3><p><br></p><h3><strong><em><u>Our Product Range</u></em></strong></h3><p><strong>We offer a comprehensive range of sanitary solutions, including:</strong></p><p><em>Designer Wash Basins (Table Top, Wall Hung, Pedestal)</em></p><p><em>Water Closets (One Piece, Two Piece, Wall Mounted)</em></p><p><em>Urinals</em></p><p><br></p><h3><strong><em><u>Why Choose Us</u></em></strong></h3><p><em>✔ Premium Quality Products</em></p><p><em> ✔ Modern &amp; Elegant Designs</em></p><p><em> ✔ Competitive Pricing</em></p><p><br></p><h3><strong><em><u>Quality Assurance</u></em></strong></h3><p><strong>Quality is the backbone of SHYAM SANITARY PRIVATE LIMITED. Every product undergoes strict quality checks at different stages of production to ensure:</strong></p><p><em>High Durability</em></p><p><em>Crack &amp; Leak Resistance</em></p><p><br></p><h3><strong><em><u>Our Vision</u></em></strong></h3><p><strong>To become a leading and globally recognized brand in the sanitaryware industry by delivering innovative, sustainable, and premium bathroom solutions that enhance everyday living.</strong></p><p><br></p><h1><strong><em>""Purity in Design, Perfection in Quality.""</em></strong></h1><p><br></p><p><br></p><p><br></p>",shyam-sanitary-private-limited-kolkata,,,,,,"3, JADUNATH DEY ROAD, BOWBAZAR",KOLKATA ,West Bengal,India,700012.0,
B590D07A-C475-43B2-8D19-96E496C1A7C9,B K STEEL,CA55CEED-D557-4059-83E9-3D01A01296DE,"<h2><strong><em>B K STEEL</em></strong></h2><p><strong><em>Door, Window Frame, Panel &amp; Shutters</em></strong></p><p><br></p><p><strong><em>B K STEEL</em></strong><em> is a trusted manufacturer and supplier of high-quality </em><strong><em>Door Frames, Window Frames, Panels, and Shutters</em></strong><em>. We specialize in delivering durable, precision-engineered steel products that combine strength, security, and modern design.</em></p><p><br></p><h2><strong><em>Our Product Range</em></strong></h2><h3>🔹 <em>Door Frames</em></h3><p><em>Steel Door Frames</em></p><p><em>Powder-Coated Door Frames</em></p><p><br></p><h3>🔹 <em>Window Frames</em></h3><p><em>Steel Window Frames</em></p><p><em>Ventilator Frames</em></p><p><br></p><h3>🔹 <em>Panels</em></h3><p><em>Steel Panels</em></p><p><em>Decorative Panels</em></p><p><br></p><h3>🔹 <em>Shutters</em></h3><p><em>Rolling Shutters</em></p><p><em>Industrial Shutters</em></p><p><em>Safety Shutters</em></p><p><br></p><h2><strong><em>Why Choose Us</em></strong></h2><p><em>✔ Strong &amp; Durable Steel Products</em></p><p><em> ✔ Precision Fabrication</em></p><p><em> ✔ Corrosion-Resistant Finishing</em></p><p><em> ✔ Custom Design &amp; Size Options</em></p><p><br></p><h2><strong><em>Our Vision</em></strong></h2><p><em>To become a leading provider of steel door and window solutions by delivering innovation, strength, and reliability in every product.</em></p><p><br></p><p><em>With dedication to craftsmanship and quality standards, </em><strong><em>B K STEEL</em></strong><em> continues to deliver dependable steel frames, panels, and shutters that enhance safety and durability in every structure.</em></p><p><br></p><p><br></p><p><br></p>",b-k-steel-bowbajar-kolkata-kolkata,,,,,,"2, JADU NATH DEY ROAD, KOLKATA",KOLKATA,West Bengal,India,700012.0,Bowbajar Kolkata
D415A1EE-5E3F-4297-B463-97F773DA2428,SHAMS TRADING CO,8E2D39ED-B062-4A51-BCEE-5E57001026AD,"<h3><strong><em>SHAMS TRADING CORPORATION</em></strong></h3><p><strong>SHAMS TRADING CO is a trusted and dynamic trading company specializing in high-quality Adhesives, Glues, and Sealants for industrial, commercial, and household applications. With a strong commitment to quality, reliability, and customer satisfaction, we have established ourselves as a dependable source for bonding and sealing solutions that meet diverse market needs.</strong></p><p><br></p><h4><strong><em>Our Product Range</em></strong></h4><p>Industrial Adhesives</p><p>Construction Adhesives &amp; Sealants</p><p>Industrial Adhesives</p><p>Construction Adhesives &amp; Sealants</p><p>Silicone Sealants</p><p><br></p><h4><strong><em>Why Choose SHAMS TRADING CO</em></strong></h4><p>✔ Assured quality and genuine products</p><p>✔ Wide product selection under one roof</p><p>✔ Competitive pricing</p><p><br></p><h4><strong><em>Quality Assurance</em></strong></h4><p><strong>At SHAMS TRADING CO, quality is our top priority. Every product supplied by us is checked to ensure it meets required performance standards, durability, and safety norms. We work only with trusted brands and manufacturers to deliver consistent and dependable solutions to our clients.</strong></p><p><br></p><p><strong>With a reputation built on trust, quality, and service excellence, SHAMS TRADING CO continues to be the preferred partner for adhesive and sealant requirements. We are committed to supporting our customers with the right products and solutions that help their projects succeed.</strong></p><p><br></p><p><br></p><p><br></p><p><br></p><p><br></p>",shams-trading-co-barabazar-kolkata,,,,,,"GROUND FLOOR, 26, NETAJI SUBHAS ROAD, KOLKATA",KOLKATA,West Bengal,India,700001.0,Barabazar
D8B578DD-1F87-4519-8DB3-993B815508A7,RAJU STORES,3F8F54E3-F1B4-43E2-8E6B-75DA0514ED2E,"<h2><strong><em>RAJU STORES</em></strong></h2><p><strong><em>LED, LCD, Smart TV &amp; Home Theatre</em></strong></p><p><br></p><p><strong><em>RAJU STORES</em></strong><em> is a trusted retailer of advanced </em><strong><em>LED TVs, LCD TVs, Smart TVs, and Home Theatre Systems</em></strong><em>. We bring the latest entertainment technology to your home, offering high-quality products that combine superior picture clarity, immersive sound, and modern smart features.</em></p><p><br></p><h2><strong><em>Our Product Range</em></strong></h2><p><em>We offer a wide selection of:</em></p><p><em>LED Televisions</em></p><p><em>LCD Televisions</em></p><p><em>Smart TVs (HD, Full HD, 4K, Android &amp; Wi-Fi Enabled)</em></p><p><br></p><h2><strong><em>Why Choose RAJU STORES</em></strong></h2><p><em>✔ Wide Range of Latest Models</em></p><p><em> ✔ Genuine &amp; Quality Assured Products</em></p><p><em> ✔ Competitive Pricing</em></p><p><em> ✔ Customer-Friendly Service</em></p><p><br></p><h2><strong><em>Our Vision</em></strong></h2><p><em>To provide customers with cutting-edge home entertainment solutions that enhance everyday viewing experiences with clarity, comfort, and convenience.</em></p><p><br></p><p><em>At </em><strong><em>RAJU STORES</em></strong><em>, we aim to deliver premium </em><strong><em>LED, LCD, Smart TVs &amp; Home Theatre Systems</em></strong><em> that transform your living space into a complete entertainment hub.</em></p><p><br></p><h3><strong><em>Clear Picture. Powerful Sound. Smart Entertainment.</em></strong></h3>",raju-stores-santospur-kolkata,,,,,,"A1-10/5/2, KANKHULI ROAD, GHOSHPARA",KOLKATA,West Bengal,India,700066.0,Santospur 
5394943C-C146-44B6-8182-9A8EAED32837,STAR SALES CORPORATION,98EFBB3E-9BD8-4C2C-A925-FEAD5436F558,"<h2><strong><em>STAR&nbsp;SALES&nbsp;CORPORATION</em></strong></h2><p><strong><em>Paper,&nbsp;Carton,&nbsp;Corrugated&nbsp;&amp;&nbsp;Packaging&nbsp;Boxes</em></strong></p><p></p><p><strong><em>STAR&nbsp;SALES&nbsp;CORPORATION</em></strong><em>&nbsp;is&nbsp;a&nbsp;trusted&nbsp;supplier&nbsp;and&nbsp;distributor&nbsp;of&nbsp;high-quality&nbsp;</em><strong><em>Paper&nbsp;Products,&nbsp;Cartons,&nbsp;Corrugated&nbsp;Boxes,&nbsp;and&nbsp;Packaging&nbsp;Solutions</em></strong><em>.&nbsp;We&nbsp;cater&nbsp;to&nbsp;diverse&nbsp;industries&nbsp;by&nbsp;providing&nbsp;durable,&nbsp;cost-effective,&nbsp;and&nbsp;customized&nbsp;packaging&nbsp;materials&nbsp;designed&nbsp;to&nbsp;protect&nbsp;products&nbsp;and&nbsp;enhance&nbsp;brand&nbsp;value.</em></p><p></p><h2><strong><em>Our&nbsp;Product&nbsp;Range</em></strong></h2><h3>🔹&nbsp;<em>Paper&nbsp;Products</em></h3><p><em>Kraft&nbsp;Paper</em></p><p><em>Duplex&nbsp;Paper&nbsp;Board</em></p><p></p><h3>🔹&nbsp;<em>Cartons</em></h3><p><em>Mono&nbsp;Cartons</em></p><p><em>Printed&nbsp;Cartons</em></p><p></p><h3>🔹<em>&nbsp;Packaging&nbsp;Solutions</em></h3><p><em>Custom&nbsp;Packaging&nbsp;Boxes</em></p><p><em>Industrial&nbsp;Packaging&nbsp;Boxes</em></p><p></p><h2><strong><em>Why&nbsp;Choose&nbsp;Us</em></strong></h2><p><em>✔&nbsp;Strong&nbsp;&amp;&nbsp;Durable&nbsp;Packaging&nbsp;Materials</em></p><p><em>&nbsp;✔&nbsp;Customized&nbsp;Size&nbsp;&amp;&nbsp;Printing&nbsp;Options</em></p><p><em>&nbsp;✔&nbsp;Competitive&nbsp;Pricing</em></p><p></p><p><em>With&nbsp;dedication&nbsp;to&nbsp;quality&nbsp;and&nbsp;customer&nbsp;satisfaction,&nbsp;</em><strong><em>STAR&nbsp;SALES&nbsp;CORPORATION</em></strong><em>&nbsp;continues&nbsp;to&nbsp;provide&nbsp;reliable&nbsp;and&nbsp;efficient&nbsp;packaging&nbsp;solutions&nbsp;that&nbsp;support&nbsp;business&nbsp;growth&nbsp;and&nbsp;product&nbsp;safety.</em></p><p></p><h3><strong><em>“Strong&nbsp;Packaging.&nbsp;Smart&nbsp;Protection.”</em></strong></h3>",star-sales-corporation-karnal,,,,,,"186, NEW CHAR CHAMAN, Karnal",KARNAL,Haryana,India,132001.0,
1158CD5A-894E-45AA-96AC-9CA329806ABC,Saraf Tractors,8CD07C38-940E-4763-86B7-582DC9B76677,"<p><strong>&nbsp;Saraf&nbsp;Tractors&nbsp;stands&nbsp;as&nbsp;a&nbsp;dependable&nbsp;partner&nbsp;for&nbsp;Gearbox,&nbsp;Axle,&nbsp;Sprocket,&nbsp;Shafts&nbsp;&amp;&nbsp;Gear&nbsp;Parts,&nbsp;including&nbsp;Industrial&nbsp;Gearboxes.&nbsp;We&nbsp;continue&nbsp;to&nbsp;support&nbsp;industrial&nbsp;growth&nbsp;through&nbsp;robust&nbsp;and&nbsp;efficient&nbsp;power&nbsp;transmission&nbsp;solutions.</strong></p>",saraf-tractors-gearbox-axle-sprocket-shafts-gear-parts-esplanade-kolkata,Precision Gear & Transmission Solutions for Industrial Performance,"Trusted supplier of industrial gearboxes, axles, shafts, sprockets, and precision-engineered transmission components.","Saraf Tractors specializes in industrial gearboxes, agricultural gearboxes, axles, shafts, sprockets, and gear parts. We provide high-performance transmission components engineered for durability, efficiency, and reliable power transfer across industrial, agricultural, and mechanical applications.",To be a leading provider of reliable gear and transmission solutions.,Precision-Engineered Components,"1, ABDUL HAMID STREET, Esplanade, 1, ABDUL HAMID STREET, Kolkata",KOLKATA,West Bengal,India,700069.0,Esplanade
High Load-Bearing Capacity,,,,,,,,,,,,,,,
Durable & Long Service Life,,,,,,,,,,,,,,,
Corrosion-Resistant Materials,1,,,,,,,,,,,,,,
28047682-FFF6-4EAB-A3C0-9E8CB1941A22,BALAJI FOOD PRODUCT,323D94C8-6A3B-4BA3-8513-EDEF23B3FCFA,"<p><strong>BALAJI&nbsp;FOOD&nbsp;PRODUCT&nbsp;stands&nbsp;for&nbsp;taste,&nbsp;trust,&nbsp;and&nbsp;convenience.&nbsp;With&nbsp;a&nbsp;wide&nbsp;range&nbsp;of&nbsp;ready-to-eat&nbsp;and&nbsp;instant&nbsp;food&nbsp;mixes,&nbsp;we&nbsp;continue&nbsp;to&nbsp;serve&nbsp;customers&nbsp;with&nbsp;products&nbsp;that&nbsp;combine&nbsp;tradition,&nbsp;quality,&nbsp;and&nbsp;modern&nbsp;lifestyle&nbsp;needs.</strong></p>",balaji-food-product-ready-to-eat-instant-food-mixes-co-tirupati-rice-product-kurukshetra,Delicious Ready-to-Eat & Instant Food Solutions for Modern Lifestyles,"Manufacturer of ready-to-eat meals and instant food mixes offering authentic taste, convenience, and quality nutrition.","BALAJI FOOD PRODUCT is a trusted manufacturer and supplier of ready-to-eat foods and instant food mixes. We offer instant breakfast mixes, curry and gravy mixes, and traditional Indian food products made with quality ingredients, hygienic processing, and authentic flavors for quick and convenient meal preparation.","To deliver convenient, nutritious, and authentic food solutions for every home.",Authentic Taste & Quality Ingredients,"C/O TIRUPATI RICE PRODUCT, C/O TIRUPATI RICE PRODUCT, Jhiwerheri Bus Stop, THANESAR, Jhinwarheri 28",KURUKSHETRA,Haryana,India,136131.0,C/O TIRUPATI RICE PRODUCT
Hygienic Manufacturing Standards,,,,,,,,,,,,,,,
Easy & Quick Meal Preparation,,,,,,,,,,,,,,,
Long Shelf Life Products ,1,,,,,,,,,,,,,,
E8A85074-144D-4708-87F3-9EC71EE34472,A T MOHSIN & COMPANY,6009E681-B9B4-4C11-91C9-6E9C0519B9B3,<p><strong>A&nbsp;T&nbsp;MOHSIN&nbsp;&amp;&nbsp;COMPANY&nbsp;—&nbsp;powering&nbsp;industry&nbsp;with&nbsp;reliable&nbsp;machinery.</strong></p>,a-t-mohsin-company-machines-equipments-barabajar-gupta-mansion-kolkata-kolkata,Powering Industry with Reliable Machinery & Equipment.,"A professionally managed firm specializing in the distribution of high-performance industrial, construction, and processing machinery.","A T MOHSIN & COMPANY is a premier supplier of diverse industrial equipment, dedicated to enhancing operational productivity and engineering efficiency. We provide comprehensive machinery solutions, ranging from heavy-duty construction tools to precision processing and packaging systems. As a key B2B partner we pride ourselves on transparent dealings, competitive pricing, and a commitment to delivering durable, safe, and high-efficiency equipment that powers industrial growth across multiple sectors.","To be the most trusted partner in industrial supply, driving operational excellence through superior machinery and dedicated technical support.",Comprehensive Machinery Portfolio,"71/B, NETAJI SUBHAS ROAD, KOLKATA",KOLKATA,West Bengal,India,700001.0,"Barabajar ,  Gupta Mansion Kolkata "
Competitive B2B Pricing,,,,,,,,,,,,,,,
Reliable & Timely Logistics,,,,,,,,,,,,,,,
Transparent Business Practices,1,,,,,,,,,,,,,,
1EF3E696-86EF-413B-AE71-A071288E807E,MAGNET HOUSE,6009E681-B9B4-4C11-91C9-6E9C0519B9B3,"<p><strong>Distributer&nbsp;and&nbsp;wholesaler&nbsp;of&nbsp;Pumps&nbsp;&nbsp;Panels,&nbsp;Cables.&nbsp;Deals&nbsp;with&nbsp;Crompton,&nbsp;Kirloskar,&nbsp;KSB&nbsp;,&nbsp;V-&nbsp;GUARD,&nbsp;ETC</strong></p>",magnet-house-machines-equipments-dalhousi-barabajar-marshal-house-kolkata,"Trusted Distributor of Pumps, Panels & Cables from Leading Brands","Wholesale distributor of pumps, electrical panels, cables, and allied products from trusted industry brands.","MAGNET HOUSE is a trusted distributor and wholesaler of pumps, electrical panels, cables, and related products. We deal in leading brands including Crompton, Kirloskar, KSB, and V-Guard, offering reliable solutions for industrial, commercial, agricultural, and residential applications with a focus on quality, availability, and customer satisfaction.",To be a preferred supplier of pumping and electrical solutions across industries.,Authorized Brand Distribution,"100/108, 33/1, DALHOUSI, N S ROAD, Kolkata",KOLKATA,West Bengal,India,700001.0,"DALHOUSI , Barabajar , Marshal house"
Wide Product Availability,,,,,,,,,,,,,,,
Trusted Industry Solutions,,,,,,,,,,,,,,,
Competitive Wholesale Pricing,1,,,,,,,,,,,,,,
FE045684-1D6E-4FE0-A9DE-A141495950AA,M/S TAJ STEEL FURNITURE,826CEE1C-72FC-41D9-A1E7-05AEE0973BFD,"<p><strong><em>M/S TAJ STEEL FURNITURE</em></strong><em> is a trusted manufacturer and supplier of premium </em><strong><em>Metal Furniture</em></strong><em> designed for offices, industries, institutions, and commercial spaces. With a strong commitment to durability, functionality, and modern design, we provide furniture solutions that combine strength with style. Our products are crafted using high-grade steel and advanced fabrication techniques to ensure long-lasting performance and customer satisfaction.</em></p><p><br></p><h3><strong><em><u>Product Range</u></em></strong></h3><p><em>We offer a wide variety of metal furniture products, including:</em></p><p><strong><em>Steel Almirah &amp; Cabinets</em></strong></p><p><strong><em>Office Tables &amp; Computer Tables</em></strong></p><p><strong><em>Storage Racks &amp; Industrial Racking Systems</em></strong></p><p><strong><em>Metal Chairs &amp; Visitor Chairs</em></strong></p><p><br></p><h3><strong><em><u>Why Choose Us</u></em></strong></h3><p><em>✔ High-quality raw materials</em></p><p><em>✔ Strong and durable construction</em></p><p><em>✔ Modern designs with smooth finishing</em></p><p><em>✔ Competitive pricing</em></p><p><br></p><h3><strong><em><u>Quality Assurance</u></em></strong></h3><p><em>Quality is our top priority. At </em><strong><em>M/S TAJ STEEL FURNITURE</em></strong><em>, every product undergoes strict quality checks at different stages of manufacturing.</em></p><p><em>Use of premium-grade steel</em></p><p><em>Advanced cutting, welding &amp; powder coating process</em></p><p><em>Corrosion-resistant finishing</em></p><p><br></p><p><em>Our vision is to become a leading and trusted name in the metal furniture industry by delivering innovative, durable, and affordable furniture solutions across India. We aim to continuously improve our manufacturing processes and adopt modern technology to meet evolving market demands.</em></p><p><br></p><p><br></p><p><br></p>",m/s-taj-steel-furniture-howrah-kolkata,,,,,,"38 and 39/15A, JAYA BIBI ROAD, HOWRAH",KOLKATA ,West Bengal,India,711106.0,Howrah
9A0A403A-6511-4563-83AB-A169FC1B1B90,CLASSIC PLYWOOD,CB75BB67-B63F-4592-BDB6-3D904DCA3F86,"<h2><strong><em>CLASSIC PLYWOOD</em></strong></h2><p><strong><em>Wood, Plywood, Veneer &amp; Laminates</em></strong></p><p><br></p><p><strong><em>CLASSIC PLYWOOD</em></strong><em> is a trusted supplier and distributor of premium-quality </em><strong><em>Wood, Plywood, Veneer, and Laminates</em></strong><em>, catering to residential, commercial, and interior design projects. With a strong commitment to quality and customer satisfaction, we provide durable and aesthetically appealing wood solutions that enhance every space.</em></p><p><br></p><h2><strong><em>Our Product Range</em></strong></h2><h3>🔹 <em>Wood Products</em></h3><p><em>Hardwood &amp; Softwood Timber</em></p><p><em>Teak Wood</em></p><p><br></p><h3>🔹 <em>Plywood</em></h3><p><em>Commercial Plywood</em></p><p><em>Marine Plywood</em></p><p><br></p><h3>🔹 <em>Veneer</em></h3><p><em>Natural Veneers</em></p><p><em>Decorative Veneers</em></p><p><br></p><h3>🔹 <em>Laminates</em></h3><p><em>High-Pressure Laminates (HPL)</em></p><p><em>Decorative Laminates</em></p><p><br></p><h2><strong><em>Why Choose Us</em></strong></h2><p><em>✔ Premium Quality Materials</em></p><p><em> ✔ Wide Variety of Designs &amp; Finishes</em></p><p><em> ✔ Durable &amp; Termite-Resistant Products</em></p><p><br></p><h2><strong><em>Our Vision</em></strong></h2><p><em>To become a leading and reliable supplier of premium wood and plywood products by delivering excellence in quality, innovation, and service.</em></p><p><br></p><p><em>With a commitment to craftsmanship and quality, </em><strong><em>CLASSIC PLYWOOD</em></strong><em> continues to provide dependable wood solutions that transform interiors with durability and style.</em></p><p><br></p><h3><strong><em>“Strength in Every Layer.”</em></strong></h3><p><br></p><p><br></p><p><br></p>",classic-plywood-kolkata,,,,,,"24, DR LALIT BANERJEE SARANI, KOLKATA",KOLKATA,West Bengal,India,700073.0,
11DC0727-7AC7-4638-9B4C-A1FC60EDB26E,TIRUPATI AUTO COMP INDUSTRIES,6009E681-B9B4-4C11-91C9-6E9C0519B9B3,"<p><strong>TIRUPATI AUTO COMP INDUSTRIES is a reputed name in the field of Machines &amp; Equipments, known for delivering reliable, high-performance, and cost-effective industrial solutions. With a strong focus on engineering excellence and customer satisfaction, we cater to the evolving needs of manufacturing and industrial sectors across India.</strong></p><p><br></p><h4><strong><em>Our Product Range</em></strong></h4><p><strong>We offer a comprehensive range of Machines &amp; Industrial Equipment, including:</strong></p><p>Industrial Production Machines</p><p>Special Purpose Machines</p><p>Assembly &amp; Automation Equipment</p><p>Material Handling Machines</p><p><br></p><h4><strong><em>Why Choose Us</em></strong></h4><p>✔ Superior quality machines with robust construction</p><p>✔ Advanced technology and modern manufacturing practices</p><p>✔ Customized solutions as per industry needs</p><p><br></p><h4><strong><em>Quality Assurance</em></strong></h4><p><strong>Quality is the foundation of TIRUPATI AUTO COMP INDUSTRIES. Every machine and equipment undergoes strict quality checks at each stage of manufacturing.</strong></p><p><br></p><p><strong>At TIRUPATI AUTO COMP INDUSTRIES, we combine technology, quality, and reliability to deliver machines that perform beyond expectations. Our customer-centric approach and commitment to excellence make us a dependable partner for all industrial machinery requirements.</strong></p><p><br></p>","tirupati-auto-comp-industries-tal-haveli,-pimpri-chinchwad",,,,,,"20TH FLOOR, CITY SURVEY NO.6017, FLAT NO.2004, PIMPRI WAGHERE, TAL-HAVELI, PIMPRI-CHINCHWAD","TAL-HAVELI, PIMPRI-CHINCHWAD",Maharashtra,India,411017.0,
077E9EF7-BCF3-4CC8-9441-A20259E2741B,M/s. GOLDEN TIMBER CO.,CB75BB67-B63F-4592-BDB6-3D904DCA3F86,"<p><strong>M/s.&nbsp;GOLDEN&nbsp;TIMBER&nbsp;CO.&nbsp;stands&nbsp;as&nbsp;a&nbsp;symbol&nbsp;of&nbsp;quality,&nbsp;reliability,&nbsp;and&nbsp;excellence&nbsp;in&nbsp;wood&nbsp;and&nbsp;plywood&nbsp;solutions.&nbsp;With&nbsp;our&nbsp;comprehensive&nbsp;product&nbsp;range&nbsp;and&nbsp;dedication&nbsp;to&nbsp;customer&nbsp;satisfaction,&nbsp;we&nbsp;continue&nbsp;to&nbsp;support&nbsp;construction&nbsp;and&nbsp;interior&nbsp;projects&nbsp;with&nbsp;trusted&nbsp;materials.</strong></p>",ms-golden-timber-co-wood-plywood-veneer-laminates-bowbazar-kolkata,Premium Wood & Plywood Solutions Built on Quality and Trust,"Trusted supplier of wood, plywood, veneers, and laminates for construction, furniture, and interior projects.","M/s. GOLDEN TIMBER CO. is a reliable supplier of premium wood, plywood, veneers, and laminates. Serving builders, architects, interior designers, contractors, and furniture manufacturers, we provide durable, quality-assured materials that combine strength, aesthetics, and long-lasting performance.",To be a trusted leader in quality wood and interior material solutions.,Premium Quality Wood Products,"52/1a, BEPIN BEHARY GANGULY STREET, BOWBAZAR",KOLKATA ,West Bengal,India,700012.0,Bowbazar 
Wide Variety of Designs & Finishes,,,,,,,,,,,,,,,
Strong & Durable Materials,,,,,,,,,,,,,,,
Termite & Moisture Resistant Products,1,,,,,,,,,,,,,,
DE1C3D38-6E6E-43DE-9E52-A21608D708DD,OSCO ENGG.SERVICE,6009E681-B9B4-4C11-91C9-6E9C0519B9B3,"<h2><strong><em>OSCO ENGG. SERVICE</em></strong></h2><p><br></p><p><strong><em>OSCO ENGG. SERVICE</em></strong><em> is a reliable and professionally managed company engaged in the supply and servicing of </em><strong><em>Machines &amp; Equipments</em></strong><em> for various industrial applications. We are committed to delivering high-performance machinery solutions that enhance productivity, efficiency, and operational reliability.</em></p><p><br></p><h2><strong><em>Our Product &amp; Service Range</em></strong></h2><p><em>Industrial Machines</em></p><p><em>Heavy Duty Equipment</em></p><p><em>Workshop Machinery</em></p><p><em>Plant &amp; Processing Equipment</em></p><p><em>Installation &amp; Commissioning Services</em></p><p><br></p><h2><strong><em>Why Choose OSCO ENGG. SERVICE?</em></strong></h2><p><em>✔ High-Quality &amp; Robust Equipment</em></p><p><em> ✔ Technical Expertise &amp; Skilled Team</em></p><p><em> ✔ Reliable After-Sales Support</em></p><p><br></p><h2><strong><em>Quality Commitment</em></strong></h2><p><em>At OSCO ENGG. SERVICE, we ensure that every machine and equipment supplied meets industry standards for performance, safety, and durability. We conduct thorough inspections and provide professional service support to maintain optimal operational efficiency.</em></p><p><br></p><h2><strong><em>Our Vision</em></strong></h2><p><em>To be a trusted partner in industrial machinery solutions by delivering superior products, technical excellence, and dependable service.</em></p><p><br></p><h4><strong><em>OSCO ENGG. SERVICE – Powering Industries with Performance &amp; Precision.</em></strong></h4>",osco-engg.service-54-ganesh-chandra-avenue-kolkata-kolkata,,,,,,"54, GANESH CHANDRA AVENUE, KOLKATA",KOLKATA,West Bengal,India,700013.0,54 Ganesh Chandra Avenue Kolkata
62CE36EE-D505-4B31-963F-A346B6305F35,BIVASH INDUSTRIES,A881C0B5-DDED-403D-A5D2-BD0F2DBC3B7D,"<h2><strong><em>BIVASH INDUSTRIES</em></strong></h2><p><br></p><p><strong><em>BIVASH INDUSTRIES</em></strong><em> is a trusted manufacturer and supplier of high-performance </em><strong><em>Printing Machinery &amp; Equipment</em></strong><em>. We provide advanced and efficient printing solutions for commercial printing presses, packaging industries, publishing houses, and industrial applications.</em></p><p><br></p><h2><strong><em>Our Product Range</em></strong></h2><p><em>We offer a comprehensive range of printing machinery and related equipment, including:</em></p><p><strong><em>Offset Printing Machines</em></strong></p><p><strong><em>Flexographic Printing Machines</em></strong></p><p><strong><em>Screen Printing Machines</em></strong></p><p><strong><em>Label Printing Machines</em></strong></p><p><br></p><h2><strong><em>Why Choose BIVASH INDUSTRIES</em></strong></h2><p><em>✔ Advanced printing technology</em></p><p><em>✔ High-speed and efficient operations</em></p><p><em>✔ Precision-engineered machinery</em></p><p><em>✔ Low maintenance and energy-efficient models</em></p><p><br></p><h2><strong><em>Quality Assurance</em></strong></h2><p><em>At </em><strong><em>BIVASH INDUSTRIES</em></strong><em>, quality is maintained through:</em></p><p><em>Use of premium-grade components</em></p><p><em>Strict manufacturing and assembly standards</em></p><p><em>Performance testing before dispatch</em></p><p><br></p><p><strong><em>BIVASH INDUSTRIES</em></strong><em> stands as a dependable partner for high-quality </em><strong><em>Printing Machinery &amp; Equipment</em></strong><em>. With strong technical expertise and a commitment to excellence, we help businesses enhance productivity and achieve superior print results.</em></p><p><br></p><p><br></p><p><br></p><p><br></p><p><br></p><p><br></p><p><br></p><p><br></p>",bivash-industries-serampore,,,,,,"132/2/A, GHOSAL PARA, NABAGRAM, SERAMPORE",SERAMPORE,West Bengal,India,712203.0,
D16A3DBC-E83B-4B27-B2CA-A4F1891956E9,Dashore Groups Industory of mafia in india,87DF8D3F-F166-4C5B-B255-5B78B2033A1B,,dashore-groups-industory-of-mafia-in-india-laptops-pc-mainframes-computers-howrah,best bussiness ever in this field,very good bussiness and very best company in our company.,,We want to no.1 company in 2026,you are the best platform,"70, BELILIOUS ROAD, HOWRAH",HOWRAH,West Bengal,India,711101.0,
98873676-8661-45C6-98DC-A61A3AF92C28,KEDAR PRASAD & SONS,19437D1E-8B4E-4511-ADDA-2831844CCFD6,"<p><strong>KEDAR PRASAD &amp; SONS is a trusted name in the field of Wash Basins, Sanitaryware &amp; Fittings, offering stylish, durable, and high-quality bathroom solutions. With years of industry experience and a strong commitment to customer satisfaction, we have built a reputation for reliability, quality, and value.</strong></p><p><br></p><h4><strong>Services &amp; Products Offered:</strong></h4><ol><li data-list=""bullet""><span class=""ql-ui"" contenteditable=""false""></span><strong>Extensive Range:</strong> Deals in all types of Sanitary and Bathroom Fitting Accessories.</li><li data-list=""bullet""><span class=""ql-ui"" contenteditable=""false""></span><strong>Plumbing Essentials:</strong> Supplies High-quality PVC Pipes &amp; Fittings for robust plumbing systems.</li><li data-list=""bullet""><span class=""ql-ui"" contenteditable=""false""></span><strong>Authorized Distributor:</strong> Reliable source for industry-leading brands.</li></ol><p><br></p><p><strong>Key Brands We Distribute:</strong></p><ol><li data-list=""bullet""><span class=""ql-ui"" contenteditable=""false""></span><strong>Jaquar:</strong> Premium and luxury bathroom solutions.</li><li data-list=""bullet""><span class=""ql-ui"" contenteditable=""false""></span><strong>Sparsh Pearl:</strong> Innovative metal and engineering polymer bathroom products.</li><li data-list=""bullet""><span class=""ql-ui"" contenteditable=""false""></span><strong>Hindware:</strong> A wide variety of stylish and functional bathroom solutions.</li></ol><p><br></p><h4>Our Commitment: To provide a complete, reliable, and high-quality selection of products for all your construction and renovation needs.</h4><p><br></p><p><strong>KEDAR PRASAD &amp; SONS stands for quality, trust, and modern bathroom solutions. With a commitment to excellence and customer satisfaction, we continue to serve our clients with products that reflect style, durability, and value.</strong></p>",kedar-prasad-&-sons-bowbazar-kolkata,,,,,,"3, JADU NATH DEY ROAD, CHANDNI CHAWK",KOLKATA,West Bengal,India,700012.0,Bowbazar
C62C657E-5957-416D-92C4-A8DBBA73D8BF,M/S A.K.MULLICK ENTERPRISE,C1D3A25E-C396-42BF-A85C-A00029D6C1EA,"<h2><em>M/S A.K. MULLICK ENTERPRISE</em></h2><p><br></p><h3><em>Stained, Etched, Toughened &amp; Laminated Glass | Toughened Glass Specialist</em></h3><p><br></p><p><strong><em>M/S A.K. MULLICK ENTERPRISE</em></strong><em> is a trusted name in the glass industry, specializing in </em><strong><em>Stained, Etched, Toughened &amp; Laminated Glass</em></strong><em> solutions. We are committed to delivering high-quality, durable, and aesthetically appealing glass products for residential, commercial, and industrial applications.</em></p><p><br></p><h3><em>Strength, Safety &amp; Style in Every Glass</em></h3><p><br></p><h2><em>Our Product Range</em></h2><p><em>We offer a comprehensive range of glass products, including:</em></p><p><em>Toughened (Tempered) Glass</em></p><p><em>Laminated Safety Glass</em></p><p><em>Stained Decorative Glass</em></p><p><em>Etched Glass</em></p><p><br></p><h2><em>Why Choose Us</em></h2><p><em>✔ High-Quality Processed Glass</em></p><p><em> ✔ Advanced Toughening Technology</em></p><p><em> ✔ Precision Cutting &amp; Finishing</em></p><p><br></p><h2><em>Quality Assurance</em></h2><p><em>Quality and safety are our top priorities. We ensure:</em></p><p><em>High Impact Resistance</em></p><p><em>Heat &amp; Pressure Resistance (Toughened Glass)</em></p><p><em>Strong Interlayer Bonding (Laminated Glass)</em></p><p><br></p><h2><em>Our Vision</em></h2><p><em>To become a leading and trusted glass solution provider by offering innovative, safe, and aesthetically superior glass products for modern infrastructure.</em></p><p><br></p><p><em>M/S A.K. MULLICK ENTERPRISE stands for quality, safety, and elegance in the glass industry. We are dedicated to delivering strong, stylish, and reliable glass solutions that enhance spaces and ensure long-lasting performance.</em></p><p><br></p><h3><strong><em>""Clear Vision. Strong Protection.""</em></strong></h3><p><br></p><p><br></p>",m/s-a.k.mullick-enterprise-dharamtala-kolkata,,,,,,"CHOTO KOWGACHI, POLGUSTIA, JAGATBALLAVPUR",KOLKATA ,West Bengal,India,711414.0,Dharamtala
080A5374-12D7-469F-AF26-A954B04E52B2,CHANDRA CARPENTER'S,CB75BB67-B63F-4592-BDB6-3D904DCA3F86,"<p><strong>At&nbsp;CHANDRA&nbsp;CARPENTER&#39;S,&nbsp;we&nbsp;believe&nbsp;in&nbsp;quality&nbsp;craftsmanship,&nbsp;reliable&nbsp;materials,&nbsp;and&nbsp;customer&nbsp;satisfaction.&nbsp;Our&nbsp;commitment&nbsp;to&nbsp;excellence&nbsp;and&nbsp;wide&nbsp;product&nbsp;range&nbsp;make&nbsp;us&nbsp;a&nbsp;dependable&nbsp;partner&nbsp;for&nbsp;all&nbsp;wood,&nbsp;plywood,&nbsp;veneer,&nbsp;and&nbsp;laminate&nbsp;requirements.</strong></p>",chandra-carpenters-wood-plywood-veneer-laminates-kolkata,"Quality Wood Solutions Crafted for Strength, Style & Durability","Trusted supplier of wood, plywood, veneers, and laminates for residential, commercial, and interior projects.","CHANDRA CARPENTER'S is a trusted provider of wood, plywood, veneers, and laminates, offering quality materials for furniture, interiors, and construction projects. We combine reliable products, skilled craftsmanship, and extensive industry expertise to deliver durable and aesthetically appealing solutions.",To be a preferred provider of quality wood and interior material solutions.,Premium Quality Wood Materials,"70, POSTAL PARK, KOLKATA",KOLKATA,West Bengal,India,700070.0,
Wide Range of Designs & Finishes,,,,,,,,,,,,,,,
Durable & Long-Lasting Products,,,,,,,,,,,,,,,
Trusted Interior Material Supplier,1,,,,,,,,,,,,,,
029B936C-257A-4679-BC42-A96D4DA90AC4,DAW  AND BROTHERS,D9955ED9-7689-483C-8F80-7C23CA7E679D,"<p><strong>DAW AND BROTHERS is a well-established and reliable name in the field of Industrial Pipe &amp; Tube Fittings, catering to diverse industrial and commercial applications. With extensive industry experience and a commitment to quality, we provide dependable piping solutions that ensure safety, durability, and efficient performance.</strong></p><p><br></p><h4><strong><em>Our Product Range</em></strong></h4><p><strong>We offer a comprehensive range of industrial piping solutions, including:</strong></p><p>Industrial Pipe Fittings</p><p>Tube Fittings</p><p>Elbows, Tees &amp; Reducers</p><p>Couplings &amp; Connectors</p><p>Flanges</p><p><br></p><h4><strong><em>Why Choose Us</em></strong></h4><p>✔ High-quality, durable industrial fittings</p><p>✔ Precision engineering and reliable performance</p><p>✔ Wide product range for multiple applications</p><p><br></p><h4><strong><em>Our Vision</em></strong></h4><p><strong>To be a trusted supplier of Industrial Pipe &amp; Tube Fittings, delivering quality solutions that support industrial efficiency and growth.</strong></p><p><br></p><p><strong>DAW AND BROTHERS stands for reliability, quality, and industrial expertise. Our commitment to excellence and customer satisfaction makes us a preferred partner for industrial pipe and tube fitting requirements.</strong></p><p><br></p><p><br></p><p><br></p>",daw-and-brothers-burrabazar-kolkata,,,,,,"GROUND FLOOR, 14, RAJA WOODMUNT STREET, BURRABAZAR, KOLKATA",KOLKATA,West Bengal,India,700001.0,Burrabazar
F8ECF7F8-1D53-4ADB-B887-A970854E8285,SUN MARKETING,3F8F54E3-F1B4-43E2-8E6B-75DA0514ED2E,"<h2><strong><em>SUN MARKETING</em></strong></h2><p><br></p><p><strong><em>SUN MARKETING</em></strong><em> is a trusted supplier and distributor of premium </em><strong><em>LED, LCD, Smart TV and Home Theatre</em></strong><em> systems, delivering advanced entertainment solutions for homes, offices, and commercial spaces. We are committed to providing high-quality electronic products that combine the latest technology with superior performance and modern design.</em></p><p><br></p><h2><strong><em>Our Product Range</em></strong></h2><p><em>LED Televisions</em></p><p><em>LCD Televisions</em></p><p><em>Smart TVs</em></p><p><em>4K &amp; Ultra HD TVs</em></p><p><em>Home Theatre Systems</em></p><p><br></p><h2><strong><em>Why Choose SUN MARKETING?</em></strong></h2><p><em>✔ Latest Technology Products</em></p><p><em> ✔ Trusted Brands &amp; Quality Assurance</em></p><p><em> ✔ Competitive Pricing</em></p><p><em> ✔ Wide Range of Models &amp; Sizes</em></p><p><br></p><h2><strong><em>Quality Commitment</em></strong></h2><p><em>At SUN MARKETING, we ensure that every product supplied meets industry standards for performance, durability, and energy efficiency. We maintain strict quality checks and provide reliable after-sales support for complete peace of mind.</em></p><p><br></p><h2><strong><em>Our Vision</em></strong></h2><p><em>To become a preferred name in the electronics market by offering innovative entertainment solutions, superior service, and long-term customer relationships.</em></p><p><br></p><h3><strong><em>SUN MARKETING – Bringing Entertainment to Life.</em></strong></h3><p><br></p>",sun-marketing-kolkata-kolkata,,,,,,"557 ,, PASUPATI BHATTACHARJEE ROAD ,, KOLKATA , PACHIM PUTIARI ,",KOLKATA,West Bengal,India,700041.0,KOLKATA
C961BA2E-BA54-4435-A6CD-A9BD17F98614,COMPUTER TECHNOLOGY SERVICES,87DF8D3F-F166-4C5B-B255-5B78B2033A1B,"<p><strong>COMPUTER TECHNOLOGY SERVICES is a reliable and customer-focused provider of Laptops, PCs, Mainframes &amp; Computer Systems, offering complete IT hardware solutions for individuals, businesses, and institutions.</strong></p><p><strong> We specialize in supplying, upgrading, and supporting computer systems that ensure high performance, security, and efficiency. Our solutions are designed to help customers stay productive, connected, and technologically ahead.</strong></p><p><br></p><h4><strong><em>Our Product &amp; Service Range</em></strong></h4><p><strong>We offer a wide range of IT products and services, including:</strong></p><p>Laptops &amp; Desktop PCs</p><p>Mainframes &amp; Enterprise Computer Systems</p><p>Servers &amp; Workstations</p><p><br></p><h4><strong><em>Why Choose Us</em></strong></h4><p>✔ High-quality and genuine IT products</p><p>✔ Expert technical support and guidance</p><p>✔ Reliable performance and latest technology</p><p><br></p><h4><strong><em>Quality Assurance</em></strong></h4><p><strong>At COMPUTER TECHNOLOGY SERVICES, quality and reliability are our priorities. All systems and components are carefully tested and sourced from trusted brands to ensure:</strong></p><p>Optimal performance and stability</p><p>Data security and system safety</p><p><br></p><p><strong>COMPUTER TECHNOLOGY SERVICES stands for reliability, innovation, and technical excellence. With a focus on quality products and dependable support, we continue to be a preferred partner for all computer and IT hardware requirements.</strong></p>","computer-technology-services-opposite-of-behala-thana,-behala-,-kolkata-kolkata",,,,,,"246, DIAMOND HARBOUR ROAD,, BEHALA",KOLKATA,West Bengal,India,700060.0,"Opposite of Behala Thana, Behala , Kolkata "
D7536886-E7A2-4F03-82B9-AAF4E2089508,VAIBHAV LAXMI SANITARY HOUSE,19437D1E-8B4E-4511-ADDA-2831844CCFD6,"<p><strong>VAIBHAV LAXMI SANITARY HOUSE is a trusted destination for premium Wash Basins, Sanitaryware &amp; Fittings, offering a perfect blend of quality, style, and functionality. With a strong market presence and customer-first approach, we cater to residential, commercial, and institutional bathroom solution needs.</strong></p><p><br></p><h4><strong><em>Our Product Range</em></strong></h4><p><strong>We offer a comprehensive range of sanitary and bathroom products, including:</strong></p><p>Wash Basins</p><p>Sanitaryware</p><p>Bathroom Fittings &amp; Accessories</p><p>Taps &amp; Faucets</p><p><br></p><h4><strong><em>Why Choose Us</em></strong></h4><p>✔ Premium quality products with modern designs</p><p>✔ Durable materials and superior finish</p><p>✔ Wide variety to suit all styles and budgets</p><p><br></p><h4><strong><em>Quality Assurance</em></strong></h4><p><strong>At VAIBHAV LAXMI SANITARY HOUSE, quality is our top priority. All products are sourced from reputed manufacturers and checked to ensure:</strong></p><p><br></p><h4><strong><em>Our Vision</em></strong></h4><p><strong>To be a leading sanitaryware supplier, delivering stylish, reliable, and high-quality bathroom solutions.</strong></p><p><br></p><p><strong>VAIBHAV LAXMI SANITARY HOUSE stands for quality, trust, and modern bathroom solutions. Our commitment to excellence and customer satisfaction makes us a dependable partner for all sanitaryware and fitting requirements.</strong></p>",vaibhav-laxmi-sanitary-house-bowbazar-kolkata,,,,,,"33, JADUNATH DEY ROAD, BOWBAZAR",KOLKATA,West Bengal,India,700012.0,Bowbazar
E0274626-E18F-4E8D-818B-AC1D12F32BAF,THE SURFACE STUDIO,19437D1E-8B4E-4511-ADDA-2831844CCFD6,"<h2><strong><em>THE SURFACE STUDIO</em></strong></h2><p><br></p><p><strong><em>THE SURFACE STUDIO</em></strong><em> is a premium destination for </em><strong><em>Wash Basins, Sanitaryware &amp; Fittings</em></strong><em>, offering contemporary and elegant bathroom solutions. We specialize in combining aesthetics with functionality to create stylish and durable bathroom spaces for homes, hotels, commercial complexes, and architectural projects.</em></p><p><br></p><h2><strong><em>Our Product Range</em></strong></h2><p><em>We offer a wide collection of high-quality sanitaryware and fittings, including:</em></p><p><strong><em>Designer Wash Basins (Countertop, Wall Mounted, Pedestal)</em></strong></p><p><strong><em>Artistic &amp; Table Top Basins</em></strong></p><p><strong><em>Water Closets (Western &amp; Indian Toilets)</em></strong></p><p><strong><em>Urinals &amp; Cistern Systems</em></strong></p><p><br></p><h2><strong><em>Why Choose THE SURFACE STUDIO</em></strong></h2><p><em>✔ Trend-focused and designer collections</em></p><p><em>✔ Premium ceramic and high-grade materials</em></p><p><em>✔ Durable, scratch-resistant finishes</em></p><p><em>✔ Water-efficient and eco-friendly designs</em></p><p><br></p><h2><strong><em>Quality Assurance</em></strong></h2><p><em>Quality is the foundation of </em><strong><em>THE SURFACE STUDIO</em></strong><em>.</em></p><p><em>Use of superior ceramic and brass materials</em></p><p><em>Advanced glazing and finishing technology</em></p><p><br></p><p><strong><em>THE SURFACE STUDIO</em></strong><em> is committed to transforming bathrooms into elegant and functional spaces with premium </em><strong><em>Wash Basins, Sanitaryware &amp; Fittings</em></strong><em>. Whether for residential or commercial projects, we provide dependable products that combine beauty, durability, and performance.</em></p><p><br></p><p><br></p><p><br></p>",the-surface-studio-topsia-road-south-kolkata,,,,,,"86A, Topsia Road South, 86A, Topsia Road South Previously premises no. 864, 87 and 87/1, Kolkata",KOLKATA,West Bengal,India,700046.0,Topsia Road South
ECBBA67D-0B99-40C4-A8CF-AC6E70BB597C,TELE LINK,27516874-0E9F-4DE4-9F66-65D999A13EC3,"<h2><strong><em>TELE LINK</em></strong></h2><p><strong><em>Earphones, Speakers &amp; Audio Accessories</em></strong></p><p><br></p><p><strong><em>TELE LINK</em></strong><em> is a trusted supplier of high-quality </em><strong><em>Earphones, Speakers, and Audio Accessories</em></strong><em>, delivering advanced sound solutions designed for modern lifestyles. With a focus on performance, durability, and innovation, we provide audio products that offer immersive sound experiences for personal, professional, and entertainment use.</em></p><p><br></p><h2><strong><em>Product Range</em></strong></h2><p><em>We offer a wide range of products including:</em></p><p><em>Wired Earphones</em></p><p><em>Wireless Bluetooth Earbuds</em></p><p><em>Neckband Earphones</em></p><p><em>Portable Bluetooth Speakers</em></p><p><br></p><h2><strong><em>Why Choose Us</em></strong></h2><p><em>✔ Superior Sound Performance</em></p><p><em> ✔ Modern &amp; Trendy Designs</em></p><p><em> ✔ Durable &amp; Long-Lasting Products</em></p><p><em> ✔ Competitive Pricing</em></p><p><br></p><h2><strong><em>Quality Assurance</em></strong></h2><p><em>At </em><strong><em>TELE LINK</em></strong><em>, quality is a top priority. Our products undergo:</em></p><p><em>Sound clarity testing</em></p><p><em>Battery and charging performance checks</em></p><p><br></p><p><strong><em>TELE LINK</em></strong><em> continues to provide innovative and dependable audio solutions that enhance everyday listening experiences. With quality products and customer-focused service, we aim to be a preferred choice in the audio accessories market.</em></p><p><br></p><h3><em>Clear Sound. Smart Technology. Trusted Performance.</em></h3><p><br></p>","tele-link-tollygange-phari,-kolkata-kolkata",,,,,,"17, Upendra Krishna Mondal Lane, KOLKATA",KOLKATA,West Bengal,India,700033.0,"Tollygange Phari, kolkata"
624BF776-3A89-43F2-9DDE-ACA070A66C1A,Sumit Packaging,98EFBB3E-9BD8-4C2C-A925-FEAD5436F558,"<p><strong>Sumit Packaging is a trusted manufacturer and supplier of Paper, Carton, Corrugated &amp; Packaging Boxes, offering durable and cost-effective packaging solutions for diverse industries. With a strong focus on quality and customer satisfaction, we deliver packaging products that ensure safety, strength, and attractive presentation.</strong></p><p><br></p><h4><strong><em>Our Product Range</em></strong></h4><p><strong>We offer a wide range of packaging products, including:</strong></p><p>Corrugated Boxes</p><p>Carton Boxes</p><p>Paper Packaging Boxes</p><p>Printed &amp; Plain Packaging Boxes</p><p><br></p><h4><strong><em>Why Choose Us</em></strong></h4><p>✔ High-quality and sturdy packaging materials</p><p>✔ Custom sizes, designs, and printing options</p><p>✔ Cost-effective and eco-friendly solutions</p><p><br></p><h4><strong><em>Quality Assurance</em></strong></h4><p><strong>At Sumit Packaging, quality is our core strength. Every product undergoes strict quality checks to ensure:</strong></p><p>High strength and load-bearing capacity</p><p>Accurate dimensions and finishing</p><p><br></p><h4><strong><em>Our Vision</em></strong></h4><p><strong>To be a reliable packaging solutions provider, delivering innovative and sustainable packaging products to our customers.</strong></p><p><br></p><p><strong>Sumit Packaging stands for strength, reliability, and quality packaging. Our dedication to excellence and customer satisfaction makes us a preferred choice for all paper, carton, and corrugated packaging requirements.</strong></p>",sumit-packaging-karnal,,,,,,"47, Batra Rice Mill compound, Kambohpura, Karnal",KARNAL,Haryana,India,132001.0,
46965665-6392-4797-8CBB-ADCE1C8C4B7D,SA NETWORKS  SOLUTIONS,173E2E59-0BE0-4937-B2D3-6F76D064CA93,"<p><strong>SA NETWORKS SOLUTIONS is a reliable IT service provider specializing in Computer Hardware &amp; Network Support and Network Maintenance Services. With strong technical expertise and a customer-focused approach, we deliver efficient, secure, and scalable IT infrastructure solutions for businesses of all sizes.</strong></p><p><br></p><h4><strong><em>Our Services</em></strong></h4><p><strong>We offer a comprehensive range of IT and networking services, including:</strong></p><p>Computer Hardware Support &amp; Maintenance</p><p>Network Installation &amp; Configuration</p><p>Network Maintenance &amp; AMC Services</p><p><br></p><h4><strong><em>Why Choose Us</em></strong></h4><p>✔ Experienced and skilled technical team</p><p>✔ Reliable and prompt support services</p><p>✔ Secure and efficient network solutions</p><p><br></p><h4><strong><em>Quality Assurance</em></strong></h4><p><strong>At SA NETWORKS SOLUTIONS, quality and reliability are our priorities. Our service processes follow best industry practices to ensure:</strong></p><p>Stable and secure network performance</p><p>Minimal system downtime</p><p><br></p><h4><strong><em>Our Vision</em></strong></h4><p><strong>To be a trusted IT and networking solutions partner, enabling businesses with dependable and future-ready technology services.</strong></p><p><br></p><p><strong>SA NETWORKS SOLUTIONS stands for technical expertise, reliability, and responsive service. Our commitment to quality support and customer satisfaction makes us a preferred choice for computer hardware and network maintenance services.</strong></p>",sa-networks-solutions-delhi,,,,,,"1ST FLOOR, OFFICE NO-106, Vijay Block Laxmi Nagar, DELHI",DELHI,Delhi,India,110092.0,
7D432C50-0142-4C7F-99D0-AFD38D9D5C72,ASIAN FURNITURE,F7E0674A-E631-4B24-986B-30C9AD0DE753,"<h2><strong><em>ASIAN FURNITURE</em></strong></h2><p><br></p><p><strong><em>ASIAN FURNITURE</em></strong><em> is a trusted manufacturer and supplier of premium </em><strong><em>Office &amp; Commercial Furniture and Office Chairs</em></strong><em>, delivering smart, ergonomic, and durable workspace solutions. We specialize in creating furniture that enhances productivity, comfort, and modern office aesthetics.</em></p><p><br></p><h2><strong><em>Our Product Range</em></strong></h2><p><em>Executive Office Chairs</em></p><p><em>Ergonomic Chairs</em></p><p><em>Workstation Chairs</em></p><p><em>Conference &amp; Visitor Chairs</em></p><p><em>Office Tables &amp; Desks</em></p><p><br></p><h2><strong><em>Why Choose ASIAN FURNITURE?</em></strong></h2><p><em>✔ Ergonomic &amp; Comfortable Designs</em></p><p><em> ✔ High-Quality Raw Materials</em></p><p><em> ✔ Strong &amp; Durable Construction</em></p><p><em> ✔ Modern &amp; Professional Finishes</em></p><p><em> ✔ Customization Options Available</em></p><p><br></p><h2><strong><em>Quality Assurance</em></strong></h2><p><em>At ASIAN FURNITURE, every product undergoes strict quality checks to ensure structural strength, smooth finishing, and superior comfort. We use reliable hardware and premium upholstery materials to ensure durability and long-term usage.</em></p><p><br></p><h2><strong><em>Our Vision</em></strong></h2><p><em>To be a leading name in office and commercial furniture by providing innovative, ergonomic, and cost-effective workspace solutions.</em></p><p><br></p><h3><strong><em>ASIAN FURNITURE – Designing Workspaces for Success.</em></strong></h3>",asian-furniture-tiretta-kolkata,,,,,,"15, Tiretta, Matula Medical Store, Sunyat Sen Road, Kolkata",KOLKATA,West Bengal,India,700012.0,Tiretta
B8F274C7-5106-46DA-986D-B0016AD33F7A,MAHALAXMI MARBLE,DF1E923B-44B1-46C6-83CC-67FB8212BFF4,"<p><strong>MAHALAXMI MARBLE is a trusted name in Stone Tiles &amp; Floorings and Marble Tiles, offering timeless beauty, superior quality, and long-lasting stone solutions. With years of experience and a deep understanding of natural stone, we provide products that enhance the elegance and durability of residential and commercial spaces.</strong></p><p><br></p><h4><strong><em>Our Product Range</em></strong></h4><p><strong>We offer an extensive range of stone and flooring solutions, including:</strong></p><p>Marble Tiles</p><p>Stone Tiles</p><p>Floor &amp; Wall Tiles</p><p>Natural Stone Flooring</p><p><br></p><h4><strong><em>Why Choose Us</em></strong></h4><p>✔ Premium quality natural stone</p><p>✔ Wide variety of colors, textures, and finishes</p><p>✔ Durable, long-lasting, and low-maintenance products</p><p><br></p><h4><strong><em>Quality Assurance</em></strong></h4><p><strong>At MAHALAXMI MARBLE, quality is our hallmark. Each tile and stone product is carefully inspected to ensure:</strong></p><p>Resistance to wear and weathering</p><p>Long service life</p><p><br></p><h4><strong><em>Our Vision</em></strong></h4><p><strong>To be a preferred supplier of marble and stone flooring solutions, delivering products that blend natural beauty with lasting value.</strong></p><p><br></p><p><strong>MAHALAXMI MARBLE stands for elegance, quality, and trust. Our commitment to excellence and passion for natural stone make us a reliable partner for all stone tile and flooring requirements.</strong></p><p><br></p><p><br></p>",mahalaxmi-marble-kolkata,,,,,,"B/A/1, RAJARHAT ROAD, TALTALA",KOLKATA,West Bengal,India,700059.0,
C4A8295E-88C9-4181-AE99-B0360678701D,MILAN VIDEO,4B92F4B4-98B3-4CB7-B565-E39C24494B8D,<p><strong>&nbsp;MILAN&nbsp;VIDEO&nbsp;continues&nbsp;to&nbsp;support&nbsp;creative&nbsp;professionals&nbsp;with&nbsp;dependable&nbsp;Camera&nbsp;and&nbsp;Photography&nbsp;Equipment.&nbsp;We&nbsp;strive&nbsp;to&nbsp;deliver&nbsp;products&nbsp;that&nbsp;capture&nbsp;moments&nbsp;with&nbsp;clarity&nbsp;and&nbsp;perfection.</strong></p>,milan-video-camera-and-photography-equipment-kolkata-chadni-market-kolkata,Professional Camera & Photography Solutions for Creative Excellence,"Trusted supplier of cameras, lenses, tripods, and photography equipment for professionals and creators.","MILAN VIDEO is a reliable supplier of camera and photography equipment, offering DSLR cameras, mirrorless cameras, video cameras, lenses, tripods, and accessories. We provide quality products, expert guidance, and advanced imaging solutions to support photographers, videographers, studios, and content creators.",To be a preferred destination for professional imaging and photography solutions.,Latest Camera Technology,"1/1A, BIPLABI ANUKUL CHANDRA STREET, CHANDANI CHOWK",KOLKATA,West Bengal,India,700072.0,"KOLKATA, Chadni market "
Genuine & Trusted Products,,,,,,,,,,,,,,,
Professional Expert Guidance,,,,,,,,,,,,,,,
Competitive Pricing,1,,,,,,,,,,,,,,
79A6FCC6-01D7-4184-B7BE-B057298B16C3,RICH VENTURE TRADERS,FCA728E4-34E1-4D81-A209-C8E3EFF2E945,"<p><strong>RICH&nbsp;VENTURE&nbsp;TRADERS&nbsp;stands&nbsp;for&nbsp;reliability,&nbsp;safety,&nbsp;and&nbsp;quality&nbsp;solutions.&nbsp;Our&nbsp;commitment&nbsp;to&nbsp;excellence&nbsp;and&nbsp;customer&nbsp;satisfaction&nbsp;makes&nbsp;us&nbsp;a&nbsp;dependable&nbsp;choice&nbsp;for&nbsp;all&nbsp;safety&nbsp;equipment&nbsp;and&nbsp;system&nbsp;requirements.</strong></p>",rich-venture-traders-safety-equipment-devices-systems-barabajar-kolkata,"Reliable Safety Solutions for Protection, Compliance, and Workplace Security","Trusted supplier of PPE, industrial safety devices, and fire safety equipment for industrial, commercial, and institutional sectors.","RICH VENTURE TRADERS is a dependable supplier of safety equipment, devices, and systems. We provide PPE, industrial safety products, and fire safety solutions designed to protect people, property, and workplaces while meeting industry standards for safety, reliability, and performance.",To be a trusted provider of safety solutions for safer workplaces and communities.,Certified Quality Safety Products,"26, RAMLAL MUKHERJEE LANE, HOWARH",KOLKATA,West Bengal,India,711106.0,Barabajar 
Compliance with Safety Standards,,,,,,,,,,,,,,,
Wide Range of Safety Solutions,,,,,,,,,,,,,,,
Reliable Protection Systems,1,,,,,,,,,,,,,,
DB9925EE-1499-4A84-A009-B07ED0420805,MEGHDOOT MARBLES,DF1E923B-44B1-46C6-83CC-67FB8212BFF4,"<p><strong>MEGHDOOT MARBLES is a trusted name in Stone Tiles &amp; Floorings, specializing in high-quality Stone Tiles that combine natural beauty with durability. With years of experience in the stone industry, we offer elegant and long-lasting flooring solutions for residential, commercial, and architectural projects.</strong></p><p><br></p><h4><strong><em>Our Product Range</em></strong></h4><p><strong>We offer a wide range of stone and flooring solutions, including:</strong></p><p>Decorative &amp; Designer Stone</p><p>Indoor &amp; Outdoor Stone Solutions</p><p>Customized Stone Tile Requirements</p><p><br></p><h4><strong><em>Why Choose Us</em></strong></h4><p>✔ Premium quality natural stone</p><p>✔ Wide selection of colors, finishes, and textures</p><p>✔ Durable, weather-resistant, and long-lasting products</p><p><br></p><h4><strong><em>Quality Assurance</em></strong></h4><p><strong>At MEGHDOOT MARBLES, quality is our hallmark. Each stone tile is carefully inspected to ensure:</strong></p><p>Resistance to wear and environmental conditions</p><p>Consistent thickness and quality</p><p><br></p><h4><strong><em>Our Vision</em></strong></h4><p><strong>To be a preferred supplier of stone tile and flooring solutions, delivering products that reflect natural elegance and lasting value.</strong></p><p><br></p><p><strong>MEGHDOOT MARBLES stands for quality, craftsmanship, and trust. Our dedication to excellence and passion for natural stone make us a dependable partner for all stone tile and flooring requirements.</strong></p>",meghdoot-marbles-kolkata,,,,,,"8/1, ULTADANGA MAIN ROAD, ULTADANGA",KOLKATA ,West Bengal,India,700067.0,
076CE489-8AB7-4303-BC17-B12C8BBF9592,GUPTA BROTHERS,F7E0674A-E631-4B24-986B-30C9AD0DE753,"<p>Manufacturer&nbsp;of&nbsp;office&nbsp;furniture,Revolving&nbsp;Chair,&nbsp;Office&nbsp;table,&nbsp;Plastic&nbsp;Chair</p>",,,,,,,"31, BLACKBURN LANE, Kolkata",KOLKATA,West Bengal,India,700012.0,
,,,,,,,,,,,,,,,
pancard copy need to be uploaded,,,,,,,,,,,,,,,
,,,,,,,,,,,,,,,
by Laxmi,CHDPJ5082P,CMP1776957423182,/Uploads/Company/GUPTA_BROTHERS/c38eb55e-180e-4575-a79b-ed08c3c62a50.jpg,,,,,,,,,,,,
3DD4A60D-C799-4B60-9B91-B12F68707689,ASIAN MILL STORES,53F667AC-6B54-4D1A-B69A-B0684ED2A8B2,"<p><strong>ASIAN MILL STORES is a trusted supplier of Industrial, Transmission, Timing Belts &amp; V Belts, serving a wide range of industrial and manufacturing sectors. With years of industry experience and a commitment to quality and reliability, we provide power transmission solutions that ensure smooth, efficient, and uninterrupted operations.</strong></p><p><br></p><h4><strong><em>Our Product Range</em></strong></h4><p><strong>We offer a comprehensive range of power transmission products, including:</strong></p><p>Industrial Belts</p><p>Transmission Belts</p><p>Timing Belts</p><p>V Belts</p><p><br></p><h4><strong><em>Why Choose Us</em></strong></h4><p>✔ High-quality and durable belt products</p><p>✔ Reliable performance and long service life</p><p>✔ Wide range for various industrial applications</p><p><br></p><h4><strong><em>Quality Assurance</em></strong></h4><p><strong>At ASIAN MILL STORES, quality is our core strength. All belts are sourced from trusted manufacturers and checked to ensure:</strong></p><p>High tensile strength and flexibility</p><p>Resistance to heat, oil, and wear</p><p><br></p><h4><strong><em>Our Vision</em></strong></h4><p><strong>To be a reliable partner in industrial power transmission solutions, supporting efficient and productive industrial operations.</strong></p><p><br></p><p><strong>ASIAN MILL STORES stands for quality, performance, and reliability. Our commitment to excellence and customer satisfaction makes us a dependable choice for all industrial, transmission, timing, and V belt requirements.</strong></p><p><br></p>",asian-mill-stores-gupta-mansion-barabajar-kolkata,,,,,,"71D, N. S. ROAD, N S ROAD",KOLKATA,West Bengal,India,700001.0,Gupta Mansion Barabajar 
3C9AD5AB-0AE8-4DB4-A0A4-B1882B1FFEFC,Advoctix Media,00BF3EF8-DCA1-46B6-BF60-BB06BEBEB88B,"<p><strong>Advoctix&nbsp;Media&nbsp;stands&nbsp;as&nbsp;your&nbsp;trusted&nbsp;partner&nbsp;in&nbsp;real&nbsp;estate&nbsp;and&nbsp;commercial&nbsp;property&nbsp;rental&nbsp;solutions.&nbsp;Whether&nbsp;you&nbsp;are&nbsp;searching&nbsp;for&nbsp;the&nbsp;perfect&nbsp;office&nbsp;space,&nbsp;retail&nbsp;outlet,&nbsp;investment&nbsp;property,&nbsp;or&nbsp;dream&nbsp;home,&nbsp;we&nbsp;are&nbsp;here&nbsp;to&nbsp;guide&nbsp;you&nbsp;every&nbsp;step&nbsp;of&nbsp;the&nbsp;way.</strong></p><p></p><p></p><p></p><p></p>",advoctix-media-real-estate-agents-consultants-hambran-road-ludhiana,Your Trusted Partner for Residential & Commercial Real Estate Solutions,"Professional real estate consultancy specializing in residential, commercial, leasing, investment, and property advisory services.","Advoctix Media is a client-focused real estate consultancy offering residential and commercial property solutions. We assist clients with buying, selling, leasing, renting, and investing in properties, backed by market expertise, verified listings, transparent dealings, and personalized advisory services.",To simplify real estate decisions through trusted guidance and market expertise.,Strong Market Knowledge & Expertise,"KHASRA NO. 20//6/2-7/1-17-25-12/1-13-14, KHATA NO. 18/18, HAMBRAN  ROAD, VILLAGE JAINPUR, Ludhiana",LUDHIANA,Punjab,India,141011.0,HAMBRAN  ROAD
Verified Property Listings,,,,,,,,,,,,,,,
Transparent & Ethical Practices,,,,,,,,,,,,,,,
Wide Network of Owners & Investors,1,,,,,,,,,,,,,,
78D0F5A9-B193-4E46-95F4-B2792056A086,KGN HARDWARE & TOOLS,E4A94369-75BC-43C5-8593-52F4D77771F7,"<p><strong>KGN&nbsp;HARDWARE&nbsp;&amp;&nbsp;TOOLS&nbsp;stands&nbsp;for&nbsp;strength,&nbsp;reliability,&nbsp;and&nbsp;quality&nbsp;hardware&nbsp;solutions.&nbsp;Our&nbsp;commitment&nbsp;to&nbsp;excellence&nbsp;and&nbsp;customer&nbsp;satisfaction&nbsp;makes&nbsp;us&nbsp;a&nbsp;dependable&nbsp;partner&nbsp;for&nbsp;all&nbsp;bolt&nbsp;and&nbsp;fastening&nbsp;requirements.</strong></p>",kgn-hardware-tools-bolts-alloy-metal-and-high-strength-bolts-kolkata,High-Strength Fastening Solutions for Industrial & Construction Applications,"Trusted supplier of alloy bolts, high-strength bolts, metal bolts, and industrial fastening solutions.","KGN HARDWARE & TOOLS is a reliable supplier of alloy, metal, and high-strength bolts for industrial, engineering, infrastructure, and construction applications. We provide durable and precision-engineered fastening solutions designed to deliver superior strength, safety, and long-term performance under demanding conditions.",To be a trusted provider of quality fastening and hardware solutions.,Wide Range of Sizes & Specifications,"94, LENIN SARANI, CHANDNI",Kolkata,West Bengal,India,700013.0,
High-Quality Fastening Products,,,,,,,,,,,,,,,
Competitive Market Pricing,,,,,,,,,,,,,,,
Reliable Supply & Timely Delivery,1,,,,,,,,,,,,,,
7A9846F1-300C-4F13-989B-B3159BD41B16,GRAND GALAXY ENTERPRISE,1CE07F79-319E-4574-B1D9-D28CF77413FB,"<p><strong>GRAND GALAXY ENTERPRISE is a reliable manufacturer and supplier of Brackets, Hitches, Holders &amp; Hardware Fittings, serving industrial, commercial, and infrastructure applications. With a focus on quality engineering and consistent performance, we deliver durable hardware solutions that meet modern industry requirements.</strong></p><p><br></p><h4><strong><em>Our Product Range</em></strong></h4><p><strong>We offer a comprehensive range of hardware and fitting solutions, including:</strong></p><p>Brackets</p><p>Hitches</p><p>Holders</p><p>Hardware Fittings</p><p><br></p><h4><strong><em>Why Choose Us</em></strong></h4><p>✔ High-quality materials and robust construction</p><p>✔ Precision engineering and reliable performance</p><p>✔ Wide range of hardware fittings</p><p><br></p><h4><strong><em>Quality Assurance</em></strong></h4><p><strong>At GRAND GALAXY ENTERPRISE, quality is our foundation. Each product undergoes strict quality checks to ensure:</strong></p><p>Dimensional accuracy</p><p>High load-bearing capacity</p><p><br></p><h4><strong><em>Our Vision</em></strong></h4><p><strong>To be a trusted provider of hardware fittings and industrial components, delivering reliable solutions that support customer success.</strong></p><p><br></p><p><strong>GRAND GALAXY ENTERPRISE stands for strength, precision, and reliability. Our dedication to quality and customer satisfaction makes us a dependable choice for brackets, hitches, holders, and hardware fitting requirements.</strong></p><p><br></p><p><br></p>",grand-galaxy-enterprise-chandney-chowk-market-kolkata,,,,,,"1st floor, 154, LENIN SARANI, Kolkata",KOLKATA,West Bengal,India,700013.0,Chandney Chowk Market
FE531F40-04E4-46CA-A513-B42556EBFE20,AYMAN STEEL FURNITURE,F7E0674A-E631-4B24-986B-30C9AD0DE753,"<p><strong>AYMAN STEEL FURNITURE is a trusted manufacturer and supplier of Office &amp; Commercial Furniture, specializing in high-quality Office Chairs designed for comfort, durability, and modern workspaces. With a strong focus on quality craftsmanship and ergonomic design, we provide furniture solutions that enhance productivity and workplace aesthetics.</strong></p><p><br></p><h4><strong><em>Our Product Range</em></strong></h4><p><strong>We offer a wide range of office and commercial furniture, including:</strong></p><p>Office Chairs</p><p>Steel Office Furniture</p><p>Workstation Seating</p><p><br></p><h4><strong><em>Why Choose Us</em></strong></h4><p>✔ Strong steel construction with superior finish</p><p>✔ Ergonomic and comfortable designs</p><p>✔ Durable and low-maintenance products</p><p><br></p><h4><strong><em>Quality Assurance</em></strong></h4><p><strong>At AYMAN STEEL FURNITURE, quality is our priority. Each product is manufactured and inspected to ensure:</strong></p><p>Smooth finishing and safe usage</p><p>Consistent quality standards</p><p><br></p><h4><strong><em>Our Vision</em></strong></h4><p><strong>To be a preferred provider of office and commercial furniture, delivering reliable, stylish, and functional seating solutions.</strong></p><p><br></p><p><strong>AYMAN STEEL FURNITURE stands for quality, comfort, and durability. Our commitment to excellence and modern design makes us a dependable choice for office chairs and commercial furniture needs.</strong></p>",ayman-steel-furniture-kolkata,,,,,,"5 RABINDRA SARANI, KOLKATA-700001, 5 RABINDRA SARANI, Kolkata",KOLKATA,West Bengal,India,700001.0,
85DC155D-4D50-4E8A-81B0-B47F9B596336,Tirupati Meal Producers Private Ltd.,43F96091-AECE-427D-B941-058D209A8629,"<p><strong>Tirupati Meal Producers Private Ltd. is a trusted name in Cereals &amp; Food Grains, delivering high-quality, nutritious, and safe food products to meet the needs of households, retailers, and industrial buyers. With a commitment to quality and customer satisfaction, we have established ourselves as a reliable supplier in the food industry.</strong></p><p><br></p><h4><strong><em>Our Product Range</em></strong></h4><p><strong>We offer a wide range of food grains and cereals, including:</strong></p><p>Pulses</p><p>Maize &amp; Corn</p><p>Barley &amp; Oats</p><p>Customized Grain Supplies</p><p><br></p><h4><strong><em>Why Choose Us</em></strong></h4><p>✔ High-quality, fresh, and hygienic products</p><p>✔ Wide variety of cereals and food grains</p><p>✔ Sourced from trusted farms and suppliers</p><p><br></p><h4><strong><em>Quality Assurance</em></strong></h4><p><strong>At Tirupati Meal Producers Private Ltd., quality and safety are our top priorities. All products undergo rigorous checks to ensure:</strong></p><p>Proper storage and packaging</p><p>Compliance with food safety norms</p><p><br></p><h4><strong><em>Our Vision</em></strong></h4><p><strong>To be a leading supplier of cereals and food grains, providing safe, nutritious, and high-quality products that cater to households, retailers, and industries.</strong></p><p><br></p><p><strong>Tirupati Meal Producers Private Ltd. stands for trust, quality, and reliability. Our dedication to excellence and customer satisfaction makes us a preferred partner for all cereal and food grain requirements.</strong></p><p><br></p>",tirupati-meal-producers-private-ltd.-kurukshetra,,,,,,"KILA NO-16/17/24/25, Jhinwarheri, VILLAGE JHINWAREHRI, THANESAR, Kurukshetra",KURUKSHETRA,Haryana,India,136131.0,
0F54097B-F61B-4F88-9E09-B635B9D07099,"DOKANIA OVERSEAS PVT. LTD.,",DF1E923B-44B1-46C6-83CC-67FB8212BFF4,"<h2><strong><em>DOKANIA OVERSEAS PVT. LTD.</em></strong></h2><p><strong><em>Verified | Stone Tiles &amp; Floorings | Marble Tiles</em></strong></p><p><br></p><p><strong><em>DOKANIA OVERSEAS PVT. LTD.</em></strong><em> is a verified and trusted name in the field of </em><strong><em>Stone Tiles &amp; Floorings and Marble Tiles</em></strong><em>, offering high-quality natural stone solutions for residential, commercial, and architectural projects.</em></p><p><br></p><h2><strong><em>Our Product Range</em></strong></h2><p><em>We provide a wide selection of natural stone and marble products, including:</em></p><p><br></p><h3><em>🔹 Stone Tiles &amp; Floorings</em></h3><p><em>Natural Stone Floor Tiles</em></p><p><em>Granite Flooring Tiles</em></p><p><br></p><h3><em>🔹 Marble Tiles</em></h3><p><em>Indian Marble Tiles</em></p><p><em>Imported Marble Tiles</em></p><p><br></p><h2><strong><em>Why Choose Us</em></strong></h2><p>✔ <em>Verified &amp; Trusted Company</em></p><p><em> ✔ Premium Quality Natural Stones</em></p><p><em> ✔ Wide Variety of Designs &amp; Finishes</em></p><p><br></p><h2><strong><em>Quality Assurance</em></strong></h2><p><em>At </em><strong><em>DOKANIA OVERSEAS PVT. LTD.</em></strong><em>, quality is our foundation. We ensure:</em></p><p><em>Careful selection of premium stone blocks</em></p><p><em>Advanced cutting and polishing techniques</em></p><p><br></p><p><em>With dedication to craftsmanship and a passion for natural stone elegance, </em><strong><em>DOKANIA OVERSEAS PVT. LTD.</em></strong><em> continues to transform spaces with premium marble and stone flooring solutions that stand the test of time.</em></p><p><br></p><h3><strong><em>“Crafting Elegance in Every Stone.”</em></strong></h3><p><br></p><p><br></p>","dokania-overseas-pvt.-ltd.,-kolkata",,,,,,"3RD, 1B, RAJA SUBODH MULLICK SQUARE, WELINGTON",KOLKATA ,West Bengal,India,700013.0,
7D0A126D-2268-4805-BF92-B6C1D51BD355,K ELEVEN ENTERPRISE,27516874-0E9F-4DE4-9F66-65D999A13EC3,"<h2><strong><em>K ELEVEN ENTERPRISE</em></strong></h2><p><strong><em>Earphones, Speakers &amp; Audio Accessories</em></strong></p><p><br></p><p><strong><em>K ELEVEN ENTERPRISE</em></strong><em> is a growing and reliable supplier of high-quality </em><strong><em>Earphones, Speakers, and Audio Accessories</em></strong><em>, delivering superior sound experiences with style and performance. We focus on combining advanced audio technology with modern design to meet the needs of today’s music lovers, professionals, and tech enthusiasts.</em></p><p><br></p><h2><strong><em>Product Range</em></strong></h2><p><em>We offer a wide range of audio products including:</em></p><p><em>Wired Earphones</em></p><p><em>Wireless Bluetooth Earbuds</em></p><p><em>Neckband Earphones</em></p><p><em>Portable Bluetooth Speakers</em></p><p><br></p><h2><strong><em>Why Choose Us</em></strong></h2><p><em>✔ Superior Sound Quality</em></p><p><em> ✔ Modern &amp; Trendy Designs</em></p><p><em> ✔ Durable &amp; Reliable Products</em></p><p><em> ✔ Competitive Pricing</em></p><p><br></p><h2><strong><em>Quality Assurance</em></strong></h2><p><em>At </em><strong><em>K ELEVEN ENTERPRISE</em></strong><em>, quality is a top priority. Our products undergo:</em></p><p><em>Sound quality testing</em></p><p><em>Battery performance checks</em></p><p><em>Durability &amp; stress testing</em></p><p><br></p><p><strong><em>K ELEVEN ENTERPRISE</em></strong><em> is dedicated to delivering innovative and reliable audio solutions that combine performance, style, and affordability. We continue to grow by offering products that bring sound to life.</em></p><p><br></p><h4><em>Powerful Sound. Modern Style. Trusted Quality.</em></h4><p><br></p><h2><br></h2>",k-eleven-enterprise-kolkata-khidirpur-kolkata,,,,,,"77A, MANSATALA LANE, KOLKATA",KOLKATA,West Bengal,India,700023.0,Kolkata Khidirpur 
4AD38B61-A66B-4010-AB88-B6F5D33A014F,ALFA AQUA SOLUTION CHEM INDUSTRY,C37F91B3-1EB1-4569-90BD-C67A8ABF9720,"<p>Cooling&nbsp;Tower,&nbsp;Boiler&nbsp;Disciling,&nbsp;Oil&nbsp;Cooler,&nbsp;R.O.&nbsp;System,&nbsp;D.G.&nbsp;Set&nbsp;Disciling,&nbsp;Chiller,&nbsp;Air&nbsp;Washer,&nbsp;Air&nbsp;Ventilation,&nbsp;Ped&nbsp;Disciling,&nbsp;Pre&nbsp;Filter,&nbsp;Ducting&nbsp;Working,&nbsp;F.R.P.&nbsp;Rasine&nbsp;Service&nbsp;on&nbsp;Site</p>",alfa-aqua-solution-chem-industry-chemical-reactors-and-process-tanks-faridabad,Complete Water Treatment & Industrial Maintenance Solutions Under One Roof,"Specialists in cooling tower, boiler descaling, RO systems, chiller maintenance, ducting, and industrial water treatment services.","ALFA AQUA SOLUTION CHEM INDUSTRY provides comprehensive water treatment, descaling, and industrial maintenance solutions. We specialize in cooling towers, boilers, RO systems, chillers, DG sets, air ventilation systems, ducting work, filtration systems, and on-site FRP resin services, helping industries improve efficiency, performance, and equipment life.",To be a trusted leader in industrial water treatment and maintenance solutions.,Complete Water Treatment Solutions,"12/6, GURUKUL INDUSTRIAL AREA, ANANGPUR ROAD",Faridabad ,Haryana,India,121003.0,
Expert Descaling & Cleaning Services,,,,,,,,,,,,,,,
Industrial Maintenance Expertise,,,,,,,,,,,,,,,
On-Site Technical Support,1,,,,,,,,,,,,,,
BDA28527-3369-4EDB-8350-B76040AB95C8,AMBICA TILES PVT.LTD.,DF1E923B-44B1-46C6-83CC-67FB8212BFF4,"<h2><strong><em>AMBICA TILES PVT. LTD.</em></strong></h2><p><br></p><p><strong><em>AMBICA TILES PVT. LTD.</em></strong><em> is a reputed manufacturer and supplier of premium </em><strong><em>Stone Tiles &amp; Floorings</em></strong><em>, offering elegant, durable, and high-quality surface solutions for residential, commercial, and architectural projects. We are committed to delivering products that combine timeless aesthetics with superior strength and long-lasting performance.</em></p><p><br></p><h2><strong><em>Our Product Range</em></strong></h2><p><em>Marble Tiles &amp; Slabs</em></p><p><em>Granite Tiles &amp; Slabs</em></p><p><em>Natural Stone Flooring</em></p><p><em>Designer &amp; Decorative Tiles</em></p><p><em>Wall Cladding Stones</em></p><p><br></p><h2><strong><em>Why Choose AMBICA TILES PVT. LTD.?</em></strong></h2><p><em>✔ Premium Quality Stone Selection</em></p><p><em> ✔ Modern Designs &amp; Finishes</em></p><p><em> ✔ Accurate Cutting &amp; Polishing</em></p><p><em> ✔ Strong &amp; Durable Materials</em></p><p><br></p><h2><strong><em>Quality Assurance</em></strong></h2><p><em>At AMBICA TILES PVT. LTD., strict quality checks are conducted at every stage — from sourcing raw materials to finishing and packaging. Each product is inspected for strength, polish, dimensional accuracy, and durability to ensure complete customer satisfaction.</em></p><p><br></p><h2><strong><em>Our Vision</em></strong></h2><p><em>To be a leading name in the stone tiles and flooring industry by offering superior quality, innovative designs, and dependable service.</em></p><p><br></p><h3><strong><em>AMBICA TILES PVT. LTD. – Creating Surfaces that Inspire.</em></strong></h3>",ambica-tiles-pvt.ltd.-kolkata,,,,,,"11A, CANAL EAST ROAD, ULTADANGA",KOLKATA,West Bengal,India,700067.0,
C1187252-9F94-493F-9622-B7D2FB5AA034,SHAILENDRA KUMAR SAHU,20797CED-8283-4982-9D3C-FC7CE30E01C7,<p>Weight loss profits he product </p>,shailendra-kumar-sahu-kota,,,,,,"PLOT. NO B-159, INDRA NAGAR COLONY, Kota",KOTA,Rajasthan,India,324005.0,
7C2F9124-FB83-41FF-90C5-B7DC5DF7A600,ERRISH ENTERPRISES,ECD3ED91-4114-407D-91C6-A7619BED8048,"<h2><strong><em>ERRISH ENTERPRISES</em></strong></h2><p><strong><em>Textile &amp; Garment Dyers, Processors &amp; Printers</em></strong></p><p><br></p><p><strong><em>ERRISH ENTERPRISES</em></strong><em> is a trusted name in the textile industry, specializing in </em><strong><em>Textile &amp; Garment Dyeing, Processing, and Printing Services</em></strong><em>. With strong technical expertise and industry experience, we provide high-quality fabric finishing solutions that meet modern fashion and industrial standards.</em></p><p><br></p><h2><strong><em>Our Services &amp; Capabilities</em></strong></h2><h3><em>🔹 Dyeing Services</em></h3><p><em>Fabric Dyeing</em></p><p><em>Garment Dyeing</em></p><p><br></p><h3><em>🔹 Processing Services</em></h3><p><em>Pre-Treatment &amp; Finishing</em></p><p><em>Washing &amp; Softening</em></p><p><br></p><h3><em>🔹 Printing Services</em></h3><p><em>Screen Printing</em></p><p><em>Digital Printing</em></p><p><br></p><h2><strong><em>Why Choose Us</em></strong></h2><p><em>✔ Advanced Processing Techniques</em></p><p><em> ✔ Vibrant &amp; Long-Lasting Colors</em></p><p><em> ✔ Consistent Quality Output</em></p><p><br></p><h2><strong><em>Quality Assurance</em></strong></h2><p><em>At </em><strong><em>ERRISH ENTERPRISES</em></strong><em>, quality is maintained at every stage:</em></p><p><em>Use of premium dyes and chemicals</em></p><p><em>Strict color matching standards</em></p><p><br></p><p><em>With dedication to craftsmanship and modern textile technology, </em><strong><em>ERRISH ENTERPRISES</em></strong><em> continues to deliver high-quality dyeing, processing, and printing services that add value, style, and performance to every fabric and garment.</em></p><p><br></p><h3><strong><em>“Coloring Fabrics with Perfection.”</em></strong></h3><p><br></p><p><br></p><p><br></p>",errish-enterprises-new-delhi,,,,,,"X/3092, OLD NO. 1582, GALI NO. 4, RAGHUBARPURA NO-II, GANDHI NAGAR, DELHI",NEW DELHI,Delhi,India,110031.0,
6E74CA86-8EE3-4751-8A84-B8249EE2054D,NIRAJ COMMUNICATION,3F8F54E3-F1B4-43E2-8E6B-75DA0514ED2E,"<p><strong>NIRAJ COMMUNICATION is a trusted provider of LED, LCD, Smart TVs, and Home Theatre systems, offering cutting-edge technology and superior entertainment solutions. With a commitment to quality, innovation, and customer satisfaction, we deliver products that enhance the home and office viewing experience.</strong></p><p><br></p><h4><strong><em>Our Product Range</em></strong></h4><p><strong>We offer a wide range of modern electronic entertainment solutions, including:</strong></p><p>Home Theatre Systems</p><p>Audio &amp; Video Accessories</p><p>Customized AV Solutions</p><p><br></p><h4><strong><em>Why Choose Us</em></strong></h4><p>✔ High-quality and genuine electronic products</p><p>✔ Latest technology with advanced features</p><p>✔ Competitive pricing</p><p><br></p><h4><strong><em>Quality Assurance</em></strong></h4><p><strong>At NIRAJ COMMUNICATION, quality and performance are our top priorities. All products undergo strict checks to ensure:</strong></p><p>Superior display and sound quality</p><p>Durability and long operational life</p><p><br></p><h4><strong><em>Our Vision</em></strong></h4><p><strong>To be a leading provider of home and office entertainment solutions, delivering innovative, reliable, and high-quality electronic devices that enrich the viewing experience.</strong></p><p><br></p><p><strong>NIRAJ COMMUNICATION stands for technology, reliability, and excellence. Our commitment to quality products and customer satisfaction makes us a trusted partner for LED, LCD, Smart TVs, and Home Theatre systems.</strong></p>",niraj-communication-budjbudj-kolkata-kolkata,,,,,,"46, A.L DAW ROAD, BUDGE BUDGE",KOLKATA,West Bengal,India,700137.0,Budjbudj kolkata 
24DA052A-6A92-4759-BC37-B831D40C682F,STYLO WINDOR PRIVATE LIMITED,CA55CEED-D557-4059-83E9-3D01A01296DE,"<p><strong>STYLO&nbsp;WINDOR&nbsp;PRIVATE&nbsp;LIMITED&nbsp;stands&nbsp;for&nbsp;quality,&nbsp;durability,&nbsp;and&nbsp;modern&nbsp;design.&nbsp;Our&nbsp;commitment&nbsp;to&nbsp;excellence&nbsp;and&nbsp;customer&nbsp;satisfaction&nbsp;makes&nbsp;us&nbsp;a&nbsp;dependable&nbsp;partner&nbsp;for&nbsp;all&nbsp;door,&nbsp;window,&nbsp;panel,&nbsp;and&nbsp;shutter&nbsp;requirements.</strong></p>",stylo-windor-private-limited-door-window-frame-panel-shutters-hsiidc-karnal,Precision-Engineered Door & Window Solutions for Modern Spaces.,"Leading manufacturer of high-quality, durable, and aesthetic door and window systems for diverse architectural applications.","STYLO WINDOR PRIVATE LIMITED is a premier manufacturer specializing in precision-engineered door frames, window shutters, and customized structural panels. Combining years of industry expertise with modern manufacturing standards, we deliver robust and stylish solutions for residential, commercial, and industrial projects. As a key supplier we provide seamless B2B procurement, ensuring high-performance products that meet the highest standards of durability, accurate dimensions, and environmental resistance.","To be a leading provider of innovative, reliable, and aesthetically superior structural solutions that enhance global living and working environments.",Precision Engineering Experts,"241 C, HSIIDC, Sector 3A, Karnal",KARNAL,Haryana,India,132001.0,HSIIDC
Competitive B2B Pricing,,,,,,,,,,,,,,,
Timely Project Delivery,,,,,,,,,,,,,,,
Rigorous Quality Standards,1,,,,,,,,,,,,,,
5B9C4DF9-627D-424A-AE7D-B9C287402F11,MATARANI MARBLE,A97F06C1-35AE-4A5F-A397-907ABBA91FC2,"<p><strong>MATARANI MARBLE is a trusted name in Granite, Marble, Sandstone &amp; other natural stones, offering high-quality, durable, and aesthetically appealing stone products. With years of experience in the industry, we specialize in providing natural stone solutions that enhance the elegance and value of residential, commercial, and architectural projects.</strong></p><p><br></p><h4><strong><em>Our Product Range</em></strong></h4><p><strong>We offer a wide range of natural stone products, including:</strong></p><p>Stone Tiles &amp; Flooring</p><p>Decorative &amp; Designer Stones</p><p>Customized Stone Solutions</p><p><br></p><h4><strong><em>Why Choose Us</em></strong></h4><p>✔ Wide variety of colors, finishes, and textures</p><p>✔ Durable, long-lasting, and low-maintenance products</p><p>✔ Competitive pricing</p><p><br></p><h4><strong><em>Quality Assurance</em></strong></h4><p><strong>At MATARANI MARBLE, quality is our hallmark. Each stone product is carefully inspected to ensure:</strong></p><p>Natural strength and consistent finish</p><p>Resistance to wear, weathering, and environmental factors</p><p><br></p><h4><strong><em>Our Vision</em></strong></h4><p><strong>To be a leading supplier of natural stone products, delivering solutions that reflect elegance, durability, and timeless beauty.</strong></p><p><br></p><p><strong>MATARANI MARBLE stands for quality, reliability, and exquisite craftsmanship. Our dedication to excellence and passion for natural stones make us a dependable partner for all granite, marble, sandstone, and other stone requirements.</strong></p>",matarani-marble-gouranga-nagar-kolkata,,,,,,"24 PARGANAS, GOURANGA NAGAR, ASHWINI NAGAR, NEW TOWN POLICE CAMP, GOPALPUR, New Town",KOLKATA,West Bengal,India,700159.0,GOURANGA NAGAR
A7DBCFD7-A7A0-450E-A05C-BA7D74AE8163,RANGOLI,289238C3-864C-4161-8BCC-C244E501DA03,"<p><strong>RANGOLI is a trusted provider of Paints, Wall Putty &amp; Varnishes, offering high-quality solutions to enhance the beauty, protection, and durability of walls and surfaces. With a strong focus on innovation, performance, and customer satisfaction, we deliver products that combine aesthetics with long-lasting protection.</strong></p><p><br></p><h4><strong><em>Our Product Range</em></strong></h4><p><strong>We offer a wide range of surface finishing and protection solutions, including:</strong></p><p>Interior &amp; Exterior Paints</p><p>Wall Putty</p><p>Varnishes &amp; Wood Finishes</p><p>Decorative Coatings</p><p><br></p><h4><strong><em>Why Choose Us</em></strong></h4><p>✔ Timely supply and dependable service</p><p>✔ Customer-focused approach</p><p>✔ Wide variety of colors, finishes, and textures</p><p><br></p><h4><strong><em>Quality Assurance</em></strong></h4><p><strong>At RANGOLI, quality is our top priority. All products undergo stringent quality checks to ensure:</strong></p><p>Long-lasting protection against wear and environmental factors</p><p>Safe, non-toxic, and eco-friendly formulations</p><p><br></p><h4><strong><em>Our Vision</em></strong></h4><p><strong>To be a leading provider of paints, wall putty, and varnishes, delivering innovative, high-quality, and reliable surface protection and finishing solutions.</strong></p><p><br></p><p><strong>RANGOLI stands for quality, durability, and aesthetic excellence. Our dedication to superior products and customer satisfaction makes us a trusted partner for all paint, wall putty, and varnish needs.</strong></p><p><br></p><p><br></p>",rangoli-kolkata,,,,,,"H/B-7, P.O-ASWININAGAR, BAGUIATI",KOLKATA,West Bengal,India,700159.0,
B606E6F2-D820-491C-9F27-BF259B17CA5B,Z MARBLE,DF1E923B-44B1-46C6-83CC-67FB8212BFF4,"<p><strong>Z MARBLE is a trusted name in Stone Tiles &amp; Floorings, specializing in high-quality Stone Tile Floorings that combine natural elegance with lasting durability. With years of experience in the stone industry, we provide flooring solutions that enhance both residential and commercial spaces with style and strength.</strong></p><p><br></p><h4><strong><em>Our Product Range</em></strong></h4><p><strong>We offer a wide range of stone and flooring solutions, including:</strong></p><p>Natural Stone Flooring</p><p>Floor &amp; Wall Stone Tiles</p><p>Decorative &amp; Designer Stone Tiles</p><p><br></p><h4><strong><em>Why Choose Us</em></strong></h4><p>✔ Durable, low-maintenance, and long-lasting</p><p>✔ Competitive pricing</p><p>✔ Timely supply and dependable service</p><p><br></p><h4><strong><em>Quality Assurance</em></strong></h4><p><strong>At Z MARBLE, quality is our hallmark. Each stone tile is carefully inspected to ensure:</strong></p><p>Natural strength and consistent finish</p><p>Resistance to wear, moisture, and environmental factors</p><p><br></p><h4><strong><em>Our Vision</em></strong></h4><p><strong>To be a leading supplier of stone tiles and flooring solutions, delivering products that reflect elegance, durability, and timeless appeal.</strong></p><p><br></p><p><strong>Z MARBLE stands for quality, reliability, and exquisite craftsmanship. Our dedication to excellence and passion for natural stones make us a dependable partner for all stone tile and flooring requirements.</strong></p><p><br></p>",z-marble-kolkata,,,,,,"195/2, PARK STREET, PARK STREET",KOLKATA ,West Bengal,India,700017.0,
5265053A-9447-4072-8DA1-BF9A7C966041,MODERN COMM.AND BROADCAST SYSTEM,538894AE-3630-40AB-90A7-B993B4DA2BEB,"<p></p><p><strong>At&nbsp;MODERN&nbsp;COMM.&nbsp;AND&nbsp;BROADCAST&nbsp;SYSTEM,&nbsp;we&nbsp;strive&nbsp;to&nbsp;be&nbsp;your&nbsp;reliable&nbsp;partner&nbsp;in&nbsp;electric&nbsp;circuit&nbsp;components&nbsp;and&nbsp;broadcast&nbsp;solutions.&nbsp;Through&nbsp;innovation,&nbsp;integrity,&nbsp;and&nbsp;excellence,&nbsp;we&nbsp;aim&nbsp;to&nbsp;deliver&nbsp;products&nbsp;that&nbsp;power&nbsp;progress&nbsp;and&nbsp;build&nbsp;long-term&nbsp;business&nbsp;relationships.</strong></p><p></p><p></p><p></p><p></p>",modern-command-broadcast-system-electric-circuit-components-spares-gidc-elect-estate-gandhinagar,Reliable Electric Circuit Components & Broadcast System Solutions,"Trusted supplier of electrical circuit components, protection devices, and broadcast system solutions for industrial and commercial applications.","MODERN COMM. AND BROADCAST SYSTEM specializes in electric circuit components and broadcast system solutions. We supply electrical connectors, terminals, circuit breakers, protection devices, switches, relays, and related spares, delivering reliable, high-performance products for industrial, commercial, communication, and broadcasting applications.",To power progress through innovative and reliable electrical solutions.,High-Quality Electrical Components,"PLOT NO.B-134 TO 139 & WALK-WAY LA ADJOINING B-134 TO 139, GIDC ELECT ESTATE, SECTOR - 25, Gandhinagar",GANDHINAGAR,Gujarat,India,382016.0,GIDC ELECT ESTATE
Reliable & Tested Products,,,,,,,,,,,,,,,
Comprehensive Product Portfolio,,,,,,,,,,,,,,,
Competitive Pricing Structure,1,,,,,,,,,,,,,,
32B2B767-976E-4623-BCA2-C1627A5D8946,MAHESH EDIBLE OIL INDUSTRIES LTD.,43F96091-AECE-427D-B941-058D209A8629,<p><strong>MAHESH&nbsp;EDIBLE&nbsp;OIL&nbsp;INDUSTRIES&nbsp;LTD.&nbsp;continues&nbsp;to&nbsp;grow&nbsp;as&nbsp;a&nbsp;reliable&nbsp;partner&nbsp;in&nbsp;the&nbsp;Cereals&nbsp;&amp;&nbsp;Food&nbsp;Grains&nbsp;industry.&nbsp;We&nbsp;strive&nbsp;to&nbsp;provide&nbsp;excellence&nbsp;in&nbsp;every&nbsp;drop&nbsp;and&nbsp;every&nbsp;grain.</strong></p>,mahesh-edible-oil-industries-ltd-cereals-food-grains-kolkata,"Purity, Nutrition & Quality in Every Drop and Every Grain","Trusted manufacturer of edible oils and agro-based food products focused on purity, nutrition, and quality.","MAHESH EDIBLE OIL INDUSTRIES LTD. is a leading manufacturer and supplier of premium edible oils and agro-based food products. With advanced processing technology, strict quality standards, and hygienic packaging, we deliver nutritious, safe, and high-quality products for households, retailers, distributors, and commercial buyers.","To be a leading provider of pure, nutritious, and quality food products.",Premium Quality Raw Materials,"GROUND FLOOR, 67/44, CROSS ROAD NO. 8, POSTA, BARABAZAR",KOLKATA,West Bengal,India,700006.0,
Advanced Refining Technology,,,,,,,,,,,,,,,
Strict Quality Testing Standards,,,,,,,,,,,,,,,
Hygienic Processing & Packaging,1,,,,,,,,,,,,,,
8345B68E-9174-4C01-AB33-C1CD6CDDAD9B,PAYNE ENTERPRISES,198E5C0A-0D0E-4E64-81A6-300EFBC81B54,"<p><strong>PAYNE&nbsp;ENTERPRISES&nbsp;stands&nbsp;as&nbsp;a&nbsp;dependable&nbsp;partner&nbsp;for&nbsp;Steel&nbsp;Bars,&nbsp;Rods,&nbsp;Plates&nbsp;&amp;&nbsp;Sheets,&nbsp;especially&nbsp;Stainless&nbsp;Steel&nbsp;Round&nbsp;Bars.&nbsp;We&nbsp;are&nbsp;dedicated&nbsp;to&nbsp;supporting&nbsp;industrial&nbsp;growth&nbsp;with&nbsp;reliable&nbsp;steel&nbsp;solutions.</strong></p>",payne-enterprises-steel-bars-rods-plates-sheets-kolkata,"Premium Steel Solutions with Strength, Precision & Reliability","Trusted supplier of stainless steel round bars, steel rods, plates, sheets, and industrial steel products.","PAYNE ENTERPRISES is a reliable supplier of stainless steel round bars, steel rods, plates, and sheets for construction, fabrication, manufacturing, and engineering industries. We deliver high-quality steel products known for durability, dimensional accuracy, corrosion resistance, and dependable performance.",To be a preferred supplier of quality steel products for industrial growth.,Premium Quality Steel Products,"21, NIRMAL CHANDRA STREET, BOWBAZAR",KOLKATA ,West Bengal,India,700012.0,
Corrosion-Resistant Materials,,,,,,,,,,,,,,,
Precision Dimensions & Finishing,,,,,,,,,,,,,,,
Competitive Market Pricing,1,,,,,,,,,,,,,,
F7AE6CB4-87DF-4195-8A38-C29169B1C406,RITAM ENTERPRISE,EF692173-01C9-4819-8808-D8452858AA8D,"<h2><strong>RITAM ENTERPRISE</strong></h2><p><strong><em>Switches &amp; Switch Boxes</em></strong></p><h2><br></h2><p><strong><em>RITAM ENTERPRISE</em></strong><em> is a trusted supplier of high-quality </em><strong><em>Switches and Switch Boxes</em></strong><em>, delivering safe, durable, and reliable electrical solutions for residential, commercial, and industrial applications. With a commitment to excellence and innovation, we provide products that combine safety, performance, and modern design.</em></p><p><br></p><h2><strong><em>Product Range</em></strong></h2><p><em>We offer a comprehensive range including:</em></p><p><em>Modular Switches</em></p><p><em>Standard Electrical Switches</em></p><p><em>Switch Boxes (Plastic &amp; Metal)</em></p><p><em>Concealed &amp; Surface Boxes</em></p><p><br></p><h2><strong><em>Why Choose Us</em></strong></h2><p><em>✔ Premium Quality Materials</em></p><p><em> ✔ Strict Safety Standards</em></p><p><em> ✔ Durable &amp; Long-Lasting Products</em></p><p><em> ✔ Competitive Pricing</em></p><p><br></p><h2><strong><em>Quality Assurance</em></strong></h2><p><em>At RITAM ENTERPRISE, quality is our foundation. Our products undergo:</em></p><p><em>Electrical conductivity testing</em></p><p><em>Insulation resistance checks</em></p><p><em>Flame-retardant testing</em></p><p><br></p><p><strong><em>RITAM ENTERPRISE</em></strong><em> stands as a dependable partner for electrical switching solutions. With a strong focus on safety, durability, and innovation, we continue to power spaces with confidence and reliability.</em></p><p><br></p><h3><em>Safe Connections. Reliable Performance. Trusted Quality.</em></h3><p><br></p>",ritam-enterprise-kolkata,,,,,,"38/1/A/10, MANICKTALA MAIN ROAD, KOLKATA",KOLKATA,West Bengal,India,700054.0,
BCC38860-B5FE-42D7-B84A-C32944907209,NAVIN ELECTRIC & REFRIGERATION CO,45ACF3DF-5A1E-47A4-B67F-410BD0ED4465,"<p><strong>NAVIN ELECTRIC &amp; REFRIGERATION CO is a trusted supplier of Electric Components, Fittings &amp; Spares, offering high-quality products and reliable solutions for electrical and refrigeration applications. With years of industry experience, we focus on delivering components that ensure efficiency, safety, and long-lasting performance.</strong></p><p><br></p><h4><strong><em>Our Product Range</em></strong></h4><p><strong>We offer a comprehensive range of products, including:</strong></p><p>Electric Components</p><p>Fittings &amp; Accessories</p><p>Refrigeration Spares</p><p>Switches, Sockets &amp; Connectors</p><p><br></p><h4><strong><em>Why Choose Us</em></strong></h4><p>✔ Wide variety for multiple applications</p><p>✔ Competitive pricing</p><p>✔ Timely supply and dependable service</p><p><br></p><h4><strong><em>Quality Assurance</em></strong></h4><p><strong>At NAVIN ELECTRIC &amp; REFRIGERATION CO, quality is our top priority. All products are sourced from trusted manufacturers and inspected to ensure:</strong></p><p>Reliable and safe performance</p><p>Long operational life</p><p>Compliance with industry standards</p><p><br></p><h4><strong><em>Our Vision</em></strong></h4><p><strong>To be a trusted provider of electric components, fittings, and refrigeration spares, delivering reliable, high-quality products that support efficient electrical and refrigeration systems.</strong></p><p><br></p><p><strong>NAVIN ELECTRIC &amp; REFRIGERATION CO stands for reliability, quality, and technical expertise. Our dedication to superior products and customer satisfaction makes us a dependable partner for all electrical and refrigeration component needs.</strong></p>",navin-electric-&-refrigeration-co-chadni-chawk-market.-kolkata-kolkata,,,,,,"GROUND FLOOR, 4, CHANDNI CHOWK STREET, KOLKATA",KOLKATA,West Bengal,India,700072.0,Chadni Chawk Market. Kolkata
CFF9EAFC-09BC-4EB2-A857-C3CF1A7F9283,M/s PG PRINTER,F8D1C0D0-1697-41D5-809D-291CA3E51CBF,"<h2><em>M/s PG PRINTER</em></h2><h3><em>Printing, Binding &amp; Lamination Services</em></h3><p><br></p><p><strong><em>M/s PG PRINTER</em></strong><em> is a reliable and customer-focused service provider specializing in </em><strong><em>Printing, Binding &amp; Lamination Services</em></strong><em>. With modern printing technology and skilled professionals, we deliver high-quality print solutions tailored to meet the needs of individuals, businesses, institutions, and corporate clients.</em></p><p><br></p><h3><em>Quality Printing with Perfect Finishing</em></h3><p><br></p><h2><em>Our Services</em></h2><p><em>We offer a comprehensive range of services, including:</em></p><p><em>Digital Printing</em></p><p><em>Offset Printing</em></p><p><em>Color &amp; Black-and-White Printing</em></p><p><br></p><h2><em>Why Choose Us</em></h2><p><em>✔ High-Quality Printing Output</em></p><p><em> ✔ Advanced Printing Technology</em></p><p><em> ✔ Affordable &amp; Competitive Pricing</em></p><p><br></p><h2><em>Quality Assurance</em></h2><p><em>Quality is the foundation of M/s PG PRINTER. We ensure:</em></p><p><em>Clear &amp; Sharp Prints</em></p><p><em>Accurate Color Matching</em></p><p><br></p><h2><em>Our Vision</em></h2><p><em>To become a leading printing service provider known for quality, reliability, and innovative printing solutions.</em></p><p><br></p><p><em>M/s PG PRINTER is committed to delivering superior printing, binding, and lamination services that enhance the presentation and durability of your documents. We strive to provide excellence in every print, ensuring long-term customer relationships.</em></p><p><br></p><h3><strong><em>""Quality Printing, Lasting Impression.""</em></strong></h3><p><br></p><p><br></p>",m/s-pg-printer-new-delhi,,,,,,"N-71, VIJAY VIHAR, UTTAM NAGAR, New Delhi",NEW DELHI,Delhi,India,110059.0,
B496B428-B4EF-4864-B2E7-C3E92227CD86,KETON COMPONENTS,A136D8D5-EE80-40B0-8019-AB7C494E0D81,"<p><strong>KETON COMPONENTS is a trusted supplier of Resistors &amp; Other Passive Devices, providing high-quality electronic components for industrial, commercial, and electronics manufacturing applications. With a focus on precision, reliability, and customer satisfaction, we deliver components that ensure optimal performance in electronic circuits and systems.</strong></p><p><br></p><h4><strong><em>Our Product Range</em></strong></h4><p><strong>We offer a comprehensive range of passive electronic components, including:</strong></p><p>Carbon Film Resistors</p><p>Metal Film Resistors</p><p>Wire wound Resistors</p><p>Ceramic &amp; Polyester Capacitors</p><p><br></p><h4><strong><em>Why Choose Us</em></strong></h4><p>✔ Timely supply and dependable service</p><p>✔ Technical guidance and support</p><p>✔ Customer-focused approach</p><p><br></p><h4><strong><em>Quality Assurance</em></strong></h4><p><strong>At KETON COMPONENTS, quality is our top priority. All products are carefully inspected to ensure:</strong></p><p>Accurate resistance and tolerance values</p><p>Long operational life and stability</p><p><br></p><h4><strong><em>Our Vision</em></strong></h4><p><strong>To be a leading supplier of passive electronic components, delivering reliable, precise, and high-quality products to support electronics manufacturing and innovation.</strong></p><p><br></p><p><strong>KETON COMPONENTS stands for precision, reliability, and quality. Our commitment to superior products and customer satisfaction makes us a trusted partner for all resistors and passive device requirements.</strong></p>",keton-components-old-lajpat-rai-market-new-delhi,,,,,,"Second Floor, Shop No. 713, Old Lajpat Rai Market, Lal Qila Metro Station, Chandni Chowk, New Delhi",NEW DELHI,Delhi,India,110006.0,Old Lajpat Rai Market
D85BEEF9-B88B-4B14-B435-C40D3F4E83F9,P T INFOTECH,173E2E59-0BE0-4937-B2D3-6F76D064CA93,"<p><strong>P&nbsp;T&nbsp;INFOTECH&nbsp;stands&nbsp;for&nbsp;reliability,&nbsp;technical&nbsp;expertise,&nbsp;and&nbsp;excellent&nbsp;service.&nbsp;Our&nbsp;commitment&nbsp;to&nbsp;quality&nbsp;and&nbsp;customer&nbsp;satisfaction&nbsp;makes&nbsp;us&nbsp;a&nbsp;dependable&nbsp;partner&nbsp;for&nbsp;all&nbsp;computer&nbsp;hardware&nbsp;and&nbsp;network&nbsp;support&nbsp;needs.</strong></p>",p-t-infotech-computer-hardware-network-support-chandni-market-chedi-plaza-kolkata-kolkata,Reliable Computer Hardware & Network Support for Seamless IT Operations,"Trusted provider of computer hardware, networking solutions, IT support, and maintenance services for businesses and institutions.","P T INFOTECH delivers professional computer hardware and network support services for businesses, institutions, and individuals. We specialize in hardware supply, network installation, configuration, maintenance, and troubleshooting, ensuring secure, efficient, and uninterrupted IT operations through reliable technical expertise and support.","To empower organizations with reliable, secure, and efficient IT solutions.",Experienced Technical Team,"1, MARCUS SQUARE, BURRABAZAR",KOLKATA ,West Bengal,India,700007.0,"Chandni market , Chedi Plaza , Kolkata"
Reliable IT Infrastructure Solutions,,,,,,,,,,,,,,,
Fast Service & Support Response,,,,,,,,,,,,,,,
Secure Network Implementations,1,,,,,,,,,,,,,,
204A50C5-EAC1-4B4D-9FC9-C4106AC25D0A,TAHURA ENTERPRISE,27516874-0E9F-4DE4-9F66-65D999A13EC3,"<p><strong>TAHURA&nbsp;ENTERPRISE&nbsp;stands&nbsp;as&nbsp;a&nbsp;dependable&nbsp;partner&nbsp;for&nbsp;premium&nbsp;audio&nbsp;solutions&nbsp;and&nbsp;mobile&nbsp;accessories.&nbsp;With&nbsp;a&nbsp;focus&nbsp;on&nbsp;innovation,&nbsp;affordability,&nbsp;and&nbsp;customer&nbsp;satisfaction,&nbsp;we&nbsp;are&nbsp;dedicated&nbsp;to&nbsp;delivering&nbsp;products&nbsp;that&nbsp;redefine&nbsp;everyday&nbsp;listening&nbsp;experiences.</strong></p><p></p><p></p>",tahura-enterprise-earphones-speakers-and-accessories-khidirpur-kolkata,Premium Audio & Mobile Accessories for Every Lifestyle,"Trusted supplier of earphones, speakers, Bluetooth audio devices, and mobile accessories with quality, style, and affordability.","TAHURA ENTERPRISE specializes in earphones, speakers, and mobile accessories, offering high-quality audio products with modern designs and reliable performance. From wired earphones and wireless earbuds to Bluetooth speakers and mobile accessories, we deliver value-driven solutions for today's digital lifestyle",To enhance everyday audio experiences through innovative and affordable technology.,High-Quality Audio Performance,"3rd Floor, 10, Khidirpur, Arham Guest House, Mansatala Row, Kolkata",KOLKATA,West Bengal,India,700023.0,Khidirpur
Affordable & Competitive Pricing,,,,,,,,,,,,,,,
Trendy and Modern Designs,,,,,,,,,,,,,,,
Strict Quality Testing Standards,1,,,,,,,,,,,,,,
B8E087CC-5A64-4D9A-979E-C4DCD8AC2990,SHAM ELECTRICALS,23A29DFE-A5DF-422C-9585-C44883233EB1,"<h2><strong><em>SHAM ELECTRICALS</em></strong></h2><h3><em>Pumps, Submersible, Pumping Machines &amp; Spares</em></h3><p><br></p><p><strong><em>SHAM ELECTRICALS</em></strong><em> is a trusted supplier and dealer of high-performance </em><strong><em>Pumps, Submersible Pumps, Pumping Machines &amp; Spare Parts</em></strong><em>. We provide reliable and efficient water pumping solutions for residential, agricultural, commercial, and industrial applications.</em></p><p><br></p><h3><em>Reliable Pumping Solutions for Every Need</em></h3><p><br></p><h2><em>Our Product Range</em></h2><p><em>We deal in a comprehensive range of:</em></p><p><em>Submersible Pumps</em></p><p><em>Monoblock Pumps</em></p><p><em>Centrifugal Pumps</em></p><p><em>Borewell Pumps</em></p><p><br></p><h2><em>Why Choose Us</em></h2><p><em>✔ High-Performance &amp; Energy-Efficient Pumps</em></p><p><em> ✔ Durable &amp; Reliable Products</em></p><p><em> ✔ Genuine Spare Parts Availability</em></p><p><br></p><h2><em>Quality Assurance</em></h2><p><em>Quality and performance are our priorities. We ensure:</em></p><p><em>High-Grade Material Construction</em></p><p><em>Corrosion &amp; Rust Resistance</em></p><p><em>Efficient Water Flow &amp; Pressure</em></p><p><br></p><h2><em>Our Vision</em></h2><p><em>To become a leading and trusted provider of pumping solutions by delivering efficient, durable, and cost-effective water management systems.</em></p><p><br></p><p><em>SHAM ELECTRICALS is dedicated to powering water solutions with reliability and efficiency. Our commitment to quality products and strong customer relationships makes us a dependable partner for all pumping requirements.</em></p><p><br></p><p><br></p><p><br></p>",sham-electricals-karnal,,,,,,"OPP BHARDWAJ HOTEL, MANGAL COLONY, GOGADIPUR ROAD, KARNAL",KARNAL,Haryana,India,132001.0,
002BBB99-ECC3-4E65-B9DE-C66B26D3EF0B,Testing Emp,2AED794E-38D2-4012-A942-E47B9BE6542B,"<h2><strong><em>Testing Emp</em></strong></h2><p><strong><em> Journals, Newspaper &amp; Magazine Publishers | Publishing House</em></strong></p><p><br></p><p><strong><em>Testing Emp</em></strong><em> is a dedicated publishing house engaged in the publication of </em><strong><em>Journals, Newspapers, and Magazines</em></strong><em>, delivering credible, informative, and engaging content to a diverse readership. We aim to provide high-quality editorial standards combined with timely and accurate information dissemination.</em></p><p><br></p><h2><strong><em>Our Publishing Segments</em></strong></h2><p><em>We specialize in:</em></p><p><em>Academic &amp; Research Journals</em></p><p><em>Business &amp; Industry Magazines</em></p><p><em>Daily &amp; Weekly Newspapers</em></p><p><br></p><h2><strong><em>Why Choose Us</em></strong></h2><p><em>✔ Quality-Focused Content Development</em></p><p><em> ✔ Strong Editorial &amp; Review Process</em></p><p><em> ✔ Wide Distribution Network</em></p><p><em> ✔ Reader-Centric Approach</em></p><p><br></p><h2><strong><em>Our Vision</em></strong></h2><p><em>To become a trusted and respected name in the publishing industry by delivering informative, insightful, and impactful publications.</em></p><p><br></p><p><em>With a commitment to knowledge dissemination and content excellence, </em><strong><em>Testing Emp</em></strong><em> strives to build credibility and trust in the field of </em><strong><em>Journals, Newspapers, and Magazine Publishing</em></strong><em>.</em></p><p><br></p><h3><strong><em>Informing Minds. Inspiring Thought. Delivering Knowledge.</em></strong></h3>",testing-emp-hambran-road-ludhiana,,,,,,"KHASRA NO. 20//6/2-7/1-17-25-12/1-13-14, KHATA NO. 18/18, HAMBRAN  ROAD, VILLAGE JAINPUR, Ludhiana",LUDHIANA,Punjab,India,141011.0,HAMBRAN  ROAD
9BB8BD36-FF85-4E2C-B7F9-C7926FEEEAA7,Vatican Life Sciences(P) Ltd.,2CDD880E-4B05-4FBB-A998-32243F874655,"<p><strong>Vatican&nbsp;Life&nbsp;Sciences&nbsp;(P)&nbsp;Ltd.&nbsp;is&nbsp;a&nbsp;quality-driven&nbsp;nutraceutical&nbsp;company&nbsp;committed&nbsp;to&nbsp;enhancing&nbsp;health&nbsp;and&nbsp;wellness&nbsp;through&nbsp;scientifically&nbsp;formulated&nbsp;dietary&nbsp;supplements.&nbsp;With&nbsp;a&nbsp;strong&nbsp;focus&nbsp;on&nbsp;innovation,&nbsp;safety,&nbsp;and&nbsp;efficacy,&nbsp;we&nbsp;deliver&nbsp;reliable&nbsp;nutritional&nbsp;solutions&nbsp;that&nbsp;support&nbsp;modern&nbsp;lifestyles&nbsp;and&nbsp;preventive&nbsp;healthcare.</strong></p>",vatican-life-sciencesp-ltd-nutraceuticals-dietary-supplements-karnal-industrial-area-karnal,"Science-Backed Nutraceuticals for Better Health, Wellness & Vitality","Trusted nutraceutical company offering dietary supplements, wellness products, and nutritional health solutions.","Vatican Life Sciences (P) Ltd. is a quality-driven nutraceutical company specializing in scientifically formulated dietary supplements and wellness products. We offer innovative nutritional solutions designed to support immunity, vitality, fitness, and overall well-being through safe, effective, and quality-focused formulations.",To be a trusted leader in nutraceutical innovation and preventive healthcare.,Scientifically Developed Formulations,"372, Karnal Industrial Area, Sector 3 Ext, karnal",KARNAL,Haryana,India,132001.0,Karnal Industrial Area
Premium Quality Ingredients,,,,,,,,,,,,,,,
Stringent Quality Standards,,,,,,,,,,,,,,,
Innovative Nutritional Solutions,1,,,,,,,,,,,,,,
CED4DCFE-5380-4A5E-BC31-C9B4C2433540,WILSON MARBLES & GRANITES PRIVATE LIMITED,A97F06C1-35AE-4A5F-A397-907ABBA91FC2,"<p><strong>WILSON MARBLES &amp; GRANITES PRIVATE LIMITED is a trusted name in Granite, Marble, Sandstone &amp; other natural stones, delivering high-quality, durable, and aesthetically appealing products for residential, commercial, and architectural projects. With years of experience in the stone industry, we specialize in providing natural stone solutions that blend elegance, strength, and precision craftsmanship.</strong></p><p><br></p><h4><strong><em>Our Product Range</em></strong></h4><p><strong>We offer a wide range of natural stone products, including:</strong></p><p>Stone Tiles &amp; Flooring</p><p>Decorative &amp; Designer Stones</p><p>Customized Stone Solutions</p><p><br></p><h4><strong><em>Why Choose Us</em></strong></h4><p>✔ Durable, low-maintenance, and long-lasting products</p><p>✔ Competitive pricing</p><p>✔ Reliable supply and timely delivery</p><p><br></p><h4><strong><em>Quality Assurance</em></strong></h4><p><strong>At WILSON MARBLES &amp; GRANITES PRIVATE LIMITED, quality is our hallmark. Each stone product is carefully inspected to ensure:</strong></p><p>Natural strength and consistent finish</p><p>Resistance to wear, weathering, and environmental conditions</p><p><br></p><h4><strong><em>Our Vision</em></strong></h4><p><strong>To be a leading supplier of natural stone products, providing solutions that reflect elegance, durability, and timeless beauty.</strong></p><p><br></p><p><strong>WILSON MARBLES &amp; GRANITES PRIVATE LIMITED stands for quality, reliability, and exquisite craftsmanship. Our dedication to excellence and passion for natural stones make us a dependable partner for all granite, marble, sandstone, and other stone requirements.</strong></p><p><br></p>",wilson-marbles-&-granites-private-limited-kolkata,,,,,,"9, ARMENIAN STREET, BURRABAZAR",KOLKATA,West Bengal,India,700001.0,
1B40FB3E-8BD7-44DD-B508-CA560926CE05,CITIZEN MARBLE,DF1E923B-44B1-46C6-83CC-67FB8212BFF4,"<h2><strong><em>CITIZEN MARBLE</em></strong></h2><p><strong><em>Stone Tiles &amp; Floorings | Premium Stone Tiles</em></strong></p><p><br></p><p><strong><em>CITIZEN MARBLE</em></strong><em> is a trusted name in the field of </em><strong><em>Stone Tiles and Flooring Solutions</em></strong><em>, offering premium-quality natural stone products that combine durability, elegance, and timeless appeal. With extensive industry experience and a strong commitment to customer satisfaction, we cater to residential, commercial, and architectural projects.</em></p><p><br></p><h2><strong><em>Product Range</em></strong></h2><p><em>We offer a wide variety of stone flooring products including:</em></p><p><em>Marble Stone Tiles</em></p><p><em>Granite Tiles</em></p><p><em>Sandstone Tiles</em></p><p><em>Kota Stone Tiles</em></p><p><br></p><h2><strong><em>Why Choose Us</em></strong></h2><p><em>✔ Premium Quality Natural Stones</em></p><p><em> ✔ Wide Variety of Designs &amp; Finishes</em></p><p><em> ✔ Durable &amp; Long-Lasting Materials</em></p><p><em> ✔ Competitive Pricing</em></p><p><br></p><h2><strong><em>Quality Assurance</em></strong></h2><p><em>At </em><strong><em>CITIZEN MARBLE</em></strong><em>, quality is our foundation. Our products undergo:</em></p><p><em>Strict raw material inspection</em></p><p><em>Strength and durability testing</em></p><p><br></p><p><strong><em>CITIZEN MARBLE</em></strong><em> continues to provide elegant and durable stone flooring solutions that enhance spaces with natural beauty. With a focus on quality, reliability, and customer satisfaction, we remain a preferred choice in the stone industry.</em></p><p><br></p><h3><em>Natural Elegance. Lasting Strength. Trusted Quality.</em></h3>",citizen-marble-kolkata,,,,,,"150, ULTADANGA MAIN ROAD, ULTADANGA",KOLKATA ,West Bengal,India,700067.0,
69399018-BD21-4577-B348-CBE046C3F6B1,AKSHAY ENGINEERING,00306CCA-2DE3-4FDA-866D-178EDD222D50,<p>LUMINAIRES&nbsp;AND&nbsp;LIGHTING&nbsp;FITTINGS&nbsp;INCLUDING&nbsp;SEARCHLIGHTS&nbsp;AND&nbsp;SPOTLIGHTS&nbsp;AND&nbsp;PARTS</p>,akshay-engineering-led-lights-bulb-rechargeable-indoor-lights-lighting-accessories-indore,"Advanced Lighting Solutions with Precision, Performance & Reliability","Manufacturer and supplier of luminaires, lighting fittings, searchlights, spotlights, and lighting components for diverse applications.","AKSHAY ENGINEERING specializes in the manufacturing and supply of luminaires, lighting fittings, searchlights, spotlights, and related components. We provide high-performance lighting solutions designed for industrial, commercial, outdoor, and specialized applications, ensuring durability, efficiency, and superior illumination.",To illuminate spaces with innovative and reliable lighting solutions.,High-Performance Lighting Products,"42, CHHOTA BANGARDA ROAD, Chota Bangarda Main Road, Indore",INDORE,Madhya Pradesh,India,452007.0,
Precision-Engineered Solutions,,,,,,,,,,,,,,,
Durable & Reliable Components,,,,,,,,,,,,,,,
Wide Range of Lighting Systems,1,,,,,,,,,,,,,,
D7EA9EB1-2FD2-4971-AFA3-CC16B2484BA3,DAS ENTERPRISE,EF76ABD1-ED58-4997-9895-A2A9A50D3C17,<p><strong>DAS&nbsp;ENTERPRISE&nbsp;—&nbsp;redefining&nbsp;relaxation&nbsp;and&nbsp;luxury.</strong></p><p></p><p></p><p></p><p></p><p></p><p></p>,das-enterprise-bath-tubs-jacuzzi-hot-tubs-kolkata,Redefining Relaxation and Luxury with Premium Bathroom Wellness Solutions,"Specialized supplier of bath tubs, jacuzzis, hot tubs, and wellness solutions for residential, hospitality, and commercial spaces","DAS ENTERPRISE is a trusted supplier of premium bath tubs, jacuzzis, hot tubs, and hydrotherapy solutions. Serving residential, hospitality, and commercial projects, we offer elegant designs, advanced features, and durable products that enhance comfort, relaxation, and wellness.",To be a leading provider of luxury bathroom wellness and relaxation solutions.,Premium Bathroom Wellness Products,"15/2A, DUM DUM ROAD, KOLKATA",KOLKATA,West Bengal,India,700030.0,
Modern & Elegant Designs,,,,,,,,,,,,,,,
Durable & Reliable Performance,,,,,,,,,,,,,,,
Advanced Hydrotherapy Solutions,1,,,,,,,,,,,,,,
E0F5D052-1F83-4F5A-A6AC-CC617FBE69E4,Revive Pharma,2CDD880E-4B05-4FBB-A998-32243F874655,,revive-pharma-nutraceuticals-dietary-supplements-karnal,Reviving Health. Redefining Wellness.,"Revive Pharma is a trusted manufacturer of premium nutraceuticals, herbal & dietary supplements. Backed by scientific innovation and uncompromising quality, we craft formulations that nurture health and elevate well-being for every age group.","At Revive Pharma, we believe true wellness begins with trust — in what you consume, who makes it, and how it's made. As a leading manufacturer of nutraceuticals, herbal formulations, and dietary supplements, we are committed to bridging the gap between modern science and nature's timeless wisdom.",,,"sec-3, HSIIDC, Karnal",KARNAL,Haryana,India,132001.0,
"Every product in our portfolio is the result of meticulous research, premium-grade raw materials, and rigorous quality control. Manufactured in GMP-certified facilities under stringent safety protocols, our range supports immunity, vitality, metabolic health, women's wellness, pediatric nutrition, joint care, and overall well-being.",,,,,,,,,,,,,,,
"We proudly serve PCD Franchise partners, distributors, and third-party manufacturing clients across India — offering competitive pricing, attractive packaging, complete promotional support, and 100% product availability. With Revive Pharma, you don't just get a supplier — you gain a partner committed to your growth and your customers' health.","To become India's most trusted name in nutraceuticals and herbal wellness — empowering healthier lives through pure, science-backed formulations that blend nature's wisdom with modern innovation.",,,,,,,,,,,,,,
,,,,,,,,,,,,,,,
Our Mission:,,,,,,,,,,,,,,,
"To deliver world-class nutraceutical and herbal solutions that are pure, potent, and accessible — while building lasting partnerships rooted in quality, transparency, and trust.","Revive Pharma stands for trust, quality, and growth. With GMP-certified manufacturing, 100+ products, best-in-class pricing, attractive packaging, and end-to-end PCD & third-party support — we don't just supply products, we build partnerships.",,,,,,,,,,,,,,
59453AA7-1215-40B8-B783-CCBE33EE16D8,CHETNA ELECTRIC COMPANY,3E4B2931-C64C-4697-BABF-CBAEA5522A6B,<p>Dealers&nbsp;&amp;&nbsp;Stokists</p>,chetna-electric-company-electrical-electronic-relays-contactors-and-parts-kalbhadevi,Empowering Excellence: Your Trusted Partner in Premium Electrical Solutions,"A premier dealer and stockist of high-quality electrical goods, committed to providing reliable, safe, and innovative solutions for residential, commercial, and industrial infrastructure.","CHETNA ELECTRIC COMPANY is a leading name in the distribution and supply of comprehensive electrical products. With a strong focus on quality and performance, we serve as a vital link between top-tier manufacturers and professional contractors, retailers, and end-users. As a dedicated partner we offer an extensive inventory—ranging from industrial-grade switchgear and wiring to advanced lighting and power distribution systems—ensuring our clients receive durable, compliant, and cost-effective electrical solutions for every project scale.","To be the benchmark for excellence in electrical supply chain management, driving industry growth through superior product availability, technical expertise, and unwavering commitment to customer safety.",Authorized Stockist: Genuine products from top brands.,"1ST FLOOR, 165, LOHAR CHAWL, K.M.SHARMA MARG, KALBHADEVI",KALBHADEVI,Maharashtra,India,400002.0,
Ready Inventory: Scalable supply for immediate project needs.,,,,,,,,,,,,,,,
Expert Support: Technical guidance for electrical specifications.,,,,,,,,,,,,,,,
"Quality Assured: Safety-tested, reliable hardware.",1,,,,,,,,,,,,,,
2A46A0A3-E514-4C7A-B16D-CCE73472A426,HASSANALLY & SONS,6009E681-B9B4-4C11-91C9-6E9C0519B9B3,"<p><strong>HASSANALLY&nbsp;&amp;&nbsp;SONS&nbsp;stands&nbsp;for&nbsp;reliability,&nbsp;quality,&nbsp;and&nbsp;advanced&nbsp;technology.&nbsp;Our&nbsp;commitment&nbsp;to&nbsp;excellence&nbsp;and&nbsp;customer&nbsp;satisfaction&nbsp;makes&nbsp;us&nbsp;a&nbsp;dependable&nbsp;partner&nbsp;for&nbsp;all&nbsp;machinery&nbsp;and&nbsp;equipment&nbsp;needs.</strong></p>",hassanally-sons-machines-equipments-barabajar-kolkata-kolkata,Reliable Machines & Equipment for Industrial Growth and Productivity,"Trusted supplier of industrial machines, commercial equipment, and specialized manufacturing machinery solutions.","HASSANALLY & SONS is a trusted supplier of industrial and commercial machines and equipment, delivering reliable, durable, and high-performance solutions. We provide advanced machinery for manufacturing, processing, and industrial operations, helping businesses improve productivity, efficiency, and operational performance.",To be a leading provider of reliable and efficient machinery solutions.,High-Quality Machinery Solutions,"52, N S ROAD, KOLKATA",KOLKATA,West Bengal,India,700001.0,"Barabajar , Kolkata"
Advanced Technology Equipment,,,,,,,,,,,,,,,
Durable & Reliable Performance,,,,,,,,,,,,,,,
Wide Product Portfolio,1,,,,,,,,,,,,,,
E9E89F3F-8B2B-4FBE-B118-D0015D702BE0,A.C.LOCKS CO,8F1854CC-A913-4765-92EA-F58FF5AB4F44,"<p><strong>A.C.LOCKS&nbsp;CO&nbsp;stands&nbsp;for&nbsp;safety,&nbsp;reliability,&nbsp;and&nbsp;quality&nbsp;craftsmanship.&nbsp;Our&nbsp;dedication&nbsp;to&nbsp;excellence&nbsp;and&nbsp;customer&nbsp;satisfaction&nbsp;makes&nbsp;us&nbsp;a&nbsp;trusted&nbsp;partner&nbsp;for&nbsp;all&nbsp;locking&nbsp;and&nbsp;security&nbsp;requirements.</strong></p><p></p><p></p><h3></h3>",aclocks-co-door-lock-electronic-lock-latches-barabajar-opposite-of-nandaram-market-complex-kolkata,Securing Your Future with Precision-Engineered Locking Solutions.,"A trusted leader in premium security hardware, providing durable door locks, advanced electronic systems, and industrial-grade latches.","A.C.LOCKS CO is a premier supplier specializing in high-performance locking mechanisms for residential, commercial, and industrial infrastructure. With a deep commitment to security and technological convenience, we offer a diverse catalog ranging from traditional mechanical latches to state-of-the-art digital and electronic security systems. As a key partner we provide precision-engineered solutions designed for durability, smooth operation, and maximum safety, ensuring reliability for every architectural requirement.","To lead the security hardware industry by delivering innovative, dependable, and high-quality locking solutions that protect homes, businesses, and industrial assets globally.",Superior Security & Durability,"12no., khengraputty street, kolkata",KOLKATA,West Bengal,India,700007.0,"Barabajar, Opposite of Nandaram Market complex."
Precision-Engineered Performance,,,,,,,,,,,,,,,
Diverse Residential & Industrial Range,,,,,,,,,,,,,,,
Advanced Digital Locking Technology,1,,,,,,,,,,,,,,
F0721303-3B38-4622-AC35-D0D506F9B272,SENZEN ENERGY PRIVATE LIMITED,7BFDB957-9655-4C86-9FB6-CEC104E9D013,"<p><strong>MD-Message</strong></p><p><strong>Dear Valued Customers, Partners, and Stakeholders,</strong></p><p><strong>I am honored to address you as the Founder of SenZen Energy Private Limited. Since our incorporation in June 2023, we have embarked on a journey to become a leading force in India's electronics white goods sector. Our commitment to excellence and innovation drives us to provide high-quality products that enhance the daily lives of our customers.</strong></p><p><br></p><p><strong> We began our operations with the production of room air conditioners, focusing on delivering comfort and energy efficiency. Our roadmap includes expanding into a comprehensive range of household electronic appliances, including refrigerators, washing machines, televisions, geysers, microwave ovens, mixer grinders, and more. This diversification reflects our dedication to meeting the evolving needs of modern Indian households.</strong></p><p><strong> The Indian white goods industry is experiencing significant growth, propelled by increasing consumer demand and supportive government initiatives like the Production-Linked Incentive (PLI) scheme. At SenZen, we aim to contribute to this momentum by integrating advanced technologies, ensuring energy efficiency, and incorporating smart connectivity features into our products.</strong></p><p><strong> The of the state-of-the-art manufacturing facility of our OEM partner in Bhiwandi and Dehradun which we leverage for production of Room Air Conditioners and other household electronic goods, is a testament to our commitment to quality and innovation. We adhere to stringent quality control measures and prioritize sustainability in our operations, aligning with global environmental standards.</strong></p><p><br></p><p><strong> Thank you for your continued trust and support. Together, let's build a future where technology and innovation enhance the quality of life for all.</strong></p><p><strong>Warm regards</strong></p>","senzen-energy-private-limited-tagore-park-kasba,-kolkata-kolkata",,,,,,"G6, Tagore Park, 816, Naskarhat Road, Kolkata",KOLKATA,West Bengal,India,700039.0,"Tagore Park Kasba, Kolkata"
EEDB378F-43E8-4118-8D33-D51CB2ADD143,M/S SALUJA TELECOM,1578F70E-B915-4C1B-976C-59641A0944D2,"<p><strong>Distributor&nbsp;of&nbsp;Samsung&nbsp;,realme&nbsp;mobile&nbsp;phones&nbsp;&amp;&nbsp;the&nbsp;accessories.</strong></p>",ms-saluja-telecom-mobile-phone-accessories-dhanbad,Trusted Distributor of Smartphones & Mobile Accessories from Leading Brands,"Authorized distributor of Samsung, realme smartphones and quality mobile accessories for retail and business customers.","M/S SALUJA TELECOM is a trusted distributor of Samsung and realme mobile phones, along with a wide range of mobile accessories. We provide genuine products, competitive pricing, and reliable supply solutions, helping customers stay connected with the latest mobile technology and accessories.",To be a preferred distributor of smartphones and mobile technology solutions.,Genuine Mobile Products,"Ground Floor, NA, Katras Road Bank More, Dhanbad",DHANBAD,Jharkhand,India,826001.0,
Trusted Brand Distribution,,,,,,,,,,,,,,,
Latest Smartphone Models,,,,,,,,,,,,,,,
Wide Range of Accessories,1,,,,,,,,,,,,,,
4DB54BB7-ECEF-405F-AB5E-D571F60E396C,GHATGE KARKERA POWER INDUSTRIES,0EFE0376-7990-4DFD-9036-22A92699BC5E,"<p><br></p><p>Meet the ingenious group of Ghatge Karkera Power Industries who are building the benchmark of quality in power generation.</p><p><strong>Ghatge Karkera Power Industries </strong>is powering India since more than 3 decades. Given with a special ‘personal touch’, Ghatge Karkera Power Industries is successfully serving its clients with unmatched services. One of the true differentiator of the company has always been its shrewd world class services and innovative ideas.</p><p>With a robust technical design and planning process, Ghatge Karkera Power Industries is India’s leading <strong>Manufacturer, Assembler and Supplier of Ashok Leyland Powered Silent Diesel Generating Sets. PERKINS powered Diesel generating Sets in the HHP Range</strong> We aim to outgrow and outperform in the field of power generation.</p><p>We take pride in mentioning our association with Ashok Leyland. With the support of Ashok Leyland we have successfully accomplished milestones of achievements. Ghatge Karkera Power Industries is the authorized <strong>O.E.A's (Original Equipment Assemblers) of M/s. Ashok Leyland Ltd. for Diesel Generating Sets.</strong> Our D.G sets are manufactured exactly on the basis of Industry Manufacturer’s Standards in our highly equipped factory at Goa. We offer D.G Sets from 10 KVA to 2250 KVA and market the same.</p><p>With Dealers and Distributors in all over <strong>Maharashtra, Goa, Karnataka, Gujarat and Madhya Pradesh</strong> we are close by and ready to deliver our services on <strong>ALL INDIA BASIS</strong> by providing the entire range of <strong>‘DG Sets inline with LEYPOWER Design’</strong>which are approved by <strong>ARAI, Pune as per CPCB Norms.</strong></p><p>Ghatge Karkera have well equipped <strong>10 Sales &amp; Service Branches</strong> all across Maharashra, Goa, Karanataka, Gujarat and Madhya Pradesh with a dealer network to deliver eminent quality products and services to all the market segments across the Country. </p>",ghatge-karkera-power-industries-shristhal-canacona,,,,,,"Plot Nos 7 8 and 9, NH-17, Shristhal Canacona",SHRISTHAL CANACONA,Goa,India,403702.0,
B491585A-FF9D-4881-A1C2-D65A3F910479,JAI KISSAN PUMPS,23A29DFE-A5DF-422C-9585-C44883233EB1,"<h1><strong><em><u>JAI KISSAN PUMPS</u></em></strong></h1><p><strong><em>Pumps, Submersible, Pumping Machines &amp; Spares</em></strong></p><p><br></p><p>JAI KISSAN PUMPS is a reliable and growing name in the field of water pumping solutions. We specialize in manufacturing and supplying high-performance <strong>Pumps, Submersible Pumps, Pumping Machines, and Pump Spares </strong>designed to deliver efficiency, durability, and long service life.</p><p><br></p><h3><strong><em><u>Our Product Range</u></em></strong></h3><p><strong>We offer a comprehensive range of products, including:</strong></p><p><strong>✔ Submersible Pumps (Borewell &amp; Openwell)</strong></p><p><strong>✔ Monoblock Pumps</strong></p><p><strong>✔ Centrifugal Pumps</strong></p><p><strong>✔ Agricultural Water Pumps</strong></p><p><br></p><h3><strong><em><u>Why Choose Us</u></em></strong></h3><p><strong>✔ Robust and durable pump designs</strong></p><p><strong> ✔ Energy-efficient performance</strong></p><p><strong> ✔ Competitive pricing</strong></p><p><strong> ✔ Timely delivery</strong></p><p><br></p><h3><strong><em><u>Quality Assurance</u></em></strong></h3><p><strong>At JAI KISSAN PUMPS, quality is the foundation of our operations. We ensure:</strong></p><p><strong>High-grade raw materials</strong></p><p><strong>Corrosion-resistant components</strong></p><p><strong>Precision engineering</strong></p><p><br></p><p><strong>Committed to powering agriculture and water systems with efficiency, JAI KISSAN PUMPS continues to provide dependable pumping solutions that customers can trust. We strive to combine innovation, quality, and service excellence in every product we deliver.</strong></p><p><br></p><h3><strong><em>JAI KISSAN PUMPS – Powering Water Solutions with Reliability.</em></strong></h3><p><br></p>",jai-kissan-pumps-karnal,,,,,,"Khewat No-373, Bada gaon, KARNAL",KARNAL,Haryana,India,132001.0,
945E7C5B-EB55-4823-8E94-D6D4CBC79677,S K & BROTHERS,D9955ED9-7689-483C-8F80-7C23CA7E679D,"<p><strong>Founded with a vision to deliver excellence in industrial solutions, S K &amp; BROTHERS has established itself as a trusted name in Industrial Pipe &amp; Tube Fittings. With years of expertise and a commitment to quality, we provide durable, reliable, and high-performance fittings that cater to diverse industrial requirements.</strong></p><p><br></p><h4><strong><em>Our Product Range</em></strong></h4><p><strong> We specialize in a comprehensive range of industrial pipe and tube fittings, including:</strong></p><p>Flanges, Couplings, and Elbows</p><p>Valves and Adaptors</p><p>Custom Fittings for Specialized Applications</p><p><br></p><h4><strong><em>Why Choose Us</em></strong></h4><p><strong><u>Expertise &amp; Experience</u>:</strong> Years of industry experience allow us to understand and meet complex requirements.</p><p><strong><u>Quality Assurance:</u></strong><u> </u>All products undergo rigorous quality checks to guarantee unmatched reliability.</p><p><strong><u>Customer-Centric Approach:</u></strong> We prioritize client satisfaction and offer tailored solutions to meet specific project needs.</p><p><br></p><h4><strong><em>Our Commitment to Quality</em></strong></h4><p><strong> At S K &amp; BROTHERS, quality is not just a benchmark—it is a promise. We source premium raw materials, employ advanced manufacturing techniques, and adhere to global standards to deliver fittings that stand the test of time.</strong></p><p><br></p><p><strong>With a focus on innovation, quality, and customer satisfaction, S K &amp; BROTHERS continues to be the preferred partner for industrial pipe and tube fittings. Whether it’s standard or customized solutions, we deliver excellence that your projects can rely on.</strong></p><p><br></p>","s-k-&-brothers-barabajar-,-kolkata-kolkata",,,,,,"2, RAJA WOODMUNT STREET, KOLKATA",KOLKATA,West Bengal,India,700001.0,"Barabajar , Kolkata "
F719578F-4ABC-4322-89C3-D723619D82A5,VehicleCare Solutions,B653F49B-1D41-46A9-AEFD-DBF9D2315FE3,"<p>We specialize in high-quality, durable covers for cars and bikes designed to provide ultimate protection against dust, rain, UV rays, and scratches. Whether you park indoors or outdoors, our covers ensure your vehicle stays in showroom condition. Engineered with weather-resistant fabric and a perfect fit, we help you preserve the value and shine of your ride.</p>",vehiclecare-solutions-hanuman-mazdoor-camp-new-delhi,,,,,,"JHUGGI NO 37, HANUMAN MAZDOOR CAMP, R K PURAM POLICE STATION, R K PURAM, New Delhi",NEW DELHI,Delhi,India,110022.0,HANUMAN MAZDOOR CAMP
487B7428-F0CC-4E33-9EB7-D8BAE9710E8B,VRUNDAA,8C79509D-2EFE-4782-AE79-519F36D406DB,"<p><strong>VRUNDAA is a leading provider of food processing plants and machinery, dedicated to delivering high-quality, efficient, and innovative solutions for the food industry. With a focus on modern technology and precision engineering, we help businesses streamline operations, improve productivity, and maintain the highest standards of food quality.</strong></p><p><br></p><h4><strong><em>Our Product Range</em></strong></h4><p><strong> We offer a wide range of equipment designed to meet diverse food processing needs, including:</strong></p><p><strong><u>Vegetable Cutting &amp; Chopping Machines</u></strong> – for precise, uniform cuts with minimal waste</p><p><strong><u>Industrial Food Processing Plants</u></strong><u> </u>– customized solutions for large-scale production</p><p>Ancillary equipment for efficient handling and processing</p><p><br></p><p><strong><em>Why Choose VRUNDAA</em></strong></p><p><strong><u>Advanced Technology:</u></strong> Our machinery incorporates the latest technology for superior performance and longevity.</p><p><strong><u>Reliable &amp; Durable</u>:</strong> Built with high-grade materials, our products ensure consistent results even under intensive use.</p><p><strong><u>Customized Solutions</u>:</strong> Tailored machinery to fit your unique processing requirements.</p><p><br></p><h4><strong><em>Quality Assurance</em></strong></h4><p><strong> At VRUNDAA, quality is at the heart of everything we do. Each machine is meticulously tested and designed to meet strict safety and performance standards, ensuring efficiency, hygiene, and reliability in food processing.</strong></p><p><br></p><p><strong>With a commitment to innovation, quality, and customer satisfaction, VRUNDAA stands as a trusted partner for food processing solutions. From small-scale operations to large industrial plants, we provide machinery that empowers businesses to achieve excellence in food production.</strong></p><p><br></p>",vrundaa-kolkata,,,,,,"., 20A, BRABOURNE ROAD, .",KOLKATA,West Bengal,India,700001.0,
BDF1A0EF-1C46-451B-904A-D9F4BB0B176E,SP GRAND SOLUTIONS PRIVATE LIMITED,BFEA1E23-613E-4954-9221-AFCC06CAE598,"<p><strong>SP GRAND SOLUTIONS PRIVATE LIMITED is a premier provider of BPO, ITES, and data management services, committed to delivering accurate, timely, and efficient solutions for businesses across industries. With a focus on technology-driven processes and client-centric services, we help organizations streamline operations, improve productivity, and make data work smarter.</strong></p><h3><br></h3><h4><strong><em>Our Services</em></strong></h4><p><strong> We specialize in a wide range of business and IT-enabled services, including:</strong></p><p><strong><u>Data Entry &amp; Data Processing</u></strong> – accurate, secure, and efficient handling of your data</p><p><strong><u>Business Process Outsourcing (BPO</u>)</strong> – end-to-end solutions to optimize your workflow</p><p><strong><u>IT Enabled Services (ITES)</u></strong> – tailored services that leverage technology for operational excellence</p><p><br></p><h4><strong><em>Why Choose Us</em></strong></h4><p><strong><u>Accuracy &amp; Reliability</u>:</strong> Our skilled team ensures precise and error-free data handling.</p><p><strong><u>Advanced Technology:</u></strong> Leveraging modern tools and platforms for seamless service delivery.</p><p><strong><u>Client-Centric Approach</u>:</strong> Customized solutions designed to meet your unique business needs.</p><p><br></p><h4><strong><em>Our Commitment to Quality</em></strong></h4><p><strong> At SP GRAND SOLUTIONS PRIVATE LIMITED, quality and confidentiality are our top priorities. We adhere to global standards and best practices to deliver reliable, scalable, and secure services that help our clients achieve their business goals.</strong></p><p><br></p><p><strong>With a strong focus on innovation, quality, and client satisfaction, SP GRAND SOLUTIONS PRIVATE LIMITED is your trusted partner for BPO, ITES, and data solutions. We empower businesses to focus on growth while we handle their critical operations with precision and efficiency.</strong></p><p><br></p>",sp-grand-solutions-private-limited-new-uttam-nagar-new-delhi,,,,,,"THIRD FLOOR, WZ-152 B/4 BLOCL- L, New Uttam Nagar, BAL UDHYAN ROAD, New Delhi",NEW DELHI,Delhi,India,110059.0,New Uttam Nagar
0F2F932D-EEB9-40A8-87A2-DA5573C6B06F,RAJ MARBLES,DF1E923B-44B1-46C6-83CC-67FB8212BFF4,"<h2><strong><em>RAJ MARBLES</em></strong></h2><p><br></p><p><strong><em>RAJ MARBLES</em></strong><em> is a reputed name in the field of </em><strong><em>Stone Tiles &amp; Floorings</em></strong><em>, offering premium quality natural and engineered stone solutions for residential, commercial, and architectural projects. We are committed to delivering elegance, durability, and timeless beauty through our wide range of stone products.</em></p><p><br></p><p><em>With a deep understanding of market trends and customer preferences, RAJ MARBLES provides flooring and wall solutions that enhance the aesthetics and value of any space. Our products are carefully selected and processed to ensure superior finish, strength, and long-lasting performance.</em></p><p><br></p><h2><strong><em>Our Product Range</em></strong></h2><p><em>Marble Slabs &amp; Tiles</em></p><p><em>Granite Slabs &amp; Tiles</em></p><p><em>Natural Stone Flooring</em></p><p><em>Vitrified &amp; Designer Tiles</em></p><p><br></p><p><br></p><h2><strong><em>Why Choose RAJ MARBLES?</em></strong></h2><p><em>✔ Premium Quality Stone Selection</em></p><p><em> ✔ Wide Variety of Designs &amp; Finishes</em></p><p><em> ✔ Accurate Cutting &amp; Polishing</em></p><p><br></p><h2><strong><em>Quality Assurance</em></strong></h2><p><em>At RAJ MARBLES, we follow strict quality checks at every stage — from sourcing raw materials to final finishing and delivery. Each slab and tile is inspected for strength, texture, polish, and dimensional accuracy to ensure complete customer satisfaction.</em></p><p><br></p><h2><strong><em>Our Vision</em></strong></h2><p><em>To become a trusted and preferred supplier of stone tiles and flooring solutions by offering unmatched quality, variety, and service excellence.</em></p><p><br></p><h3><strong><em>RAJ MARBLES – Crafting Floors that Reflect Luxury &amp; Strength.</em></strong></h3>",raj-marbles-kolkata,,,,,,"143, BIDHAN NAGAR ROAD, ULTADANGA",KOLKATA ,West Bengal,India,700067.0,
36676256-F9A0-4821-9870-DAA6DA9CD484,INDIA TOOLS AND HARDWARE,23A29DFE-A5DF-422C-9585-C44883233EB1,"<p><strong>INDIA TOOLS AND HARDWARE is a verified and trusted supplier of Pumps, Submersible Pumps, Pumping Machines, and Spares, serving a wide range of industrial, commercial, agricultural, and domestic needs. With a focus on quality, reliability, and customer satisfaction, we have earned a solid reputation in the tools and hardware market.</strong></p><p><br></p><h4><strong><em>Our Product Range</em></strong></h4><p>Submersible Pumps</p><p>Water Pumps</p><p>Monoblock Pumps</p><p>Pumping Machines</p><p><br></p><h4><strong><em>Why Choose Us</em></strong></h4><p>✔ Verified and reliable supplier</p><p>✔ High-quality and genuine products</p><p>✔ Competitive market pricing</p><p><br></p><h4><strong><em>Quality Assurance</em></strong></h4><p><strong>Quality is the foundation of INDIA TOOLS AND HARDWARE. All products are carefully inspected to ensure durability, performance efficiency, and long service life. We associate only with trusted brands to guarantee dependable solutions for our customers.</strong></p><p><br></p><p><strong>With consistent quality, professional service, and a commitment to excellence, INDIA TOOLS AND HARDWARE continues to be a preferred destination for pumps and hardware solutions. We aim to grow alongside our customers by delivering products that perform and service that builds trust.</strong></p><p><br></p><p><br></p><h3><br></h3>",india-tools-and-hardware-strand-road-kolkata-kolkata,,,,,,"30, STRAND ROAD, KOLKATA- 700001.",KOLKATA,West Bengal,India,700039.0,Strand Road kolkata
581A3885-D9AE-4B04-B14E-DADB2670F5B0,Altar Health Care (P) Ltd.,F038AABD-FC99-434D-A005-A38F6014D663,"<p><strong>Altar Health Care (P) Ltd. is a reputed pharmaceutical company engaged in the marketing and distribution of Common Disease Medicines, committed to improving everyday healthcare accessibility. We focus on delivering safe, effective, and affordable medicines that meet the needs of patients, pharmacies, hospitals, and healthcare professionals.</strong></p><p><br></p><h4><strong><em>Our Product Range</em></strong></h4><p>Medicines for Common Diseases</p><p>General Healthcare Medicines</p><p>Tablets, Capsules &amp; Syrups</p><p>Antibiotics &amp; Analgesics</p><p><br></p><h4><strong><em>Why Choose Altar Health Care (P) Ltd.</em></strong></h4><p>✔ Assured quality and safety standards</p><p>✔ Reliable and timely supply</p><p>✔ Competitive pricing</p><p>✔ Ethical and transparent operations</p><p><br></p><h4><strong><em>Quality Assurance</em></strong></h4><p><strong>Quality is central to all operations at Altar Health Care (P) Ltd. Each product is sourced from WHO-GMP compliant manufacturers and undergoes strict quality checks to ensure safety, efficacy, and consistency before reaching the market.</strong></p><p><br></p><p><strong>Driven by responsibility and trust, Altar Health Care (P) Ltd. continues to grow as a dependable name in the pharmaceutical sector. We are dedicated to supporting healthcare needs with products that make a real difference in everyday life.</strong></p><p><br></p><p><br></p>",altar-health-care-(p)-ltd.-karnal,,,,,,"FIRST FLOOR FRONT HALL, 86, SECTOR-3, KARNAL",KARNAL,Haryana,India,132001.0,
CB8E0D27-155B-4DEB-9616-DB68B3C04511,Codalien Technologies Private Limited,3EA3C242-59F5-495B-BDAF-1BFEC2F89F83,"<p><strong>Codalien&nbsp;Technologies&nbsp;Private&nbsp;Limited&nbsp;is&nbsp;a&nbsp;technology-driven&nbsp;company&nbsp;specializing&nbsp;in&nbsp;VFD,&nbsp;PLC,&nbsp;HMI&nbsp;&amp;&nbsp;Control&nbsp;Equipments,&nbsp;delivering&nbsp;advanced&nbsp;industrial&nbsp;automation&nbsp;and&nbsp;control&nbsp;solutions.&nbsp;We&nbsp;are&nbsp;committed&nbsp;to&nbsp;enhancing&nbsp;operational&nbsp;efficiency,&nbsp;precision,&nbsp;and&nbsp;productivity&nbsp;across&nbsp;various&nbsp;industrial&nbsp;sectors&nbsp;through&nbsp;innovative&nbsp;automation&nbsp;technologies.</strong></p><p></p><h4></h4>",codalien-technologies-private-limited-vfd-plc-hmi-control-equipments-new-delhi,Smart Industrial Automation Solutions for Efficient Control & Performance,"Specialists in VFD, PLC, HMI, control panels, and industrial automation solutions for enhanced productivity.","Codalien Technologies Private Limited is a technology-driven company providing VFD, PLC, HMI, and industrial control solutions. We deliver advanced automation systems that improve operational efficiency, process control, energy management, and productivity across manufacturing, engineering, and industrial sectors.",To be a leading provider of innovative industrial automation technologies.,Advanced Automation Solutions,"4/2, KALKAJI EXTENSION, SOUTH DELHI",NEW DELHI,Delhi,India,110019.0,
Energy-Efficient Systems,,,,,,,,,,,,,,,
Customized Control Panels,,,,,,,,,,,,,,,
Expert Engineering Support,1,,,,,,,,,,,,,,
E2BFBD7E-F970-47A2-9B98-DBB1D480900B,JALARAM INDUSTRIAL & AGRICULTURE SUPPLIERS,A97FCD21-7E74-4718-BE98-FF2F74FA3BA2,"<p><strong>JALARAM&nbsp;INDUSTRIAL&nbsp;&amp;&nbsp;AGRICULTURE&nbsp;SUPPLIERS&nbsp;stands&nbsp;as&nbsp;a&nbsp;reliable&nbsp;partner&nbsp;for&nbsp;Lifting&nbsp;Hooks,&nbsp;Chains&nbsp;&amp;&nbsp;Clamps.&nbsp;We&nbsp;continue&nbsp;to&nbsp;supply&nbsp;durable&nbsp;solutions&nbsp;that&nbsp;meet&nbsp;the&nbsp;evolving&nbsp;demands&nbsp;of&nbsp;industrial&nbsp;and&nbsp;agricultural&nbsp;sectors.</strong></p><p></p><p></p>",jalaram-industrial-agriculture-suppliers-lifting-hooks-chains-clamps-barabajar-kolkata-kolkata,High-Strength Lifting Solutions for Safe & Efficient Material Handling,"Trusted supplier of lifting hooks, industrial chains, alloy chains, and lifting clamps for industrial and agricultural applications.","JALARAM INDUSTRIAL & AGRICULTURE SUPPLIERS is a reliable supplier of lifting hooks, industrial chains, alloy steel chains, and lifting clamps. We provide high-strength, safety-tested lifting and material handling solutions designed for industrial, agricultural, construction, warehousing, and engineering applications.",To be a trusted leader in safe and reliable lifting equipment solutions.,High Tensile Strength Products,"40, STRAND ROAD, BURRABAZAR",Kolkata,West Bengal,India,700001.0,"Barabajar , Kolkata "
Safety-Tested Equipment,,,,,,,,,,,,,,,
Corrosion-Resistant Materials,,,,,,,,,,,,,,,
Heavy-Duty Performance,1,,,,,,,,,,,,,,
6BDC12D9-B2B5-4DCE-8E0A-DC00C9F3881B,NEW RAM MOTOR,B653F49B-1D41-46A9-AEFD-DBF9D2315FE3,"<h2><strong><em><u>NEW RAM MOTOR</u></em></strong></h2><p><strong><em>Automobile Interiors &amp; Accessories | Car Interior Accessories</em></strong></p><p><br></p><p><strong><em>NEW RAM MOTOR</em></strong><em> is a trusted supplier of premium-quality </em><strong><em>Automobile Interiors &amp; Car Interior Accessories</em></strong><em>, offering stylish, durable, and performance-enhancing products for all types of vehicles. We focus on enhancing comfort, safety, and aesthetics to upgrade your driving experience.</em></p><p><br></p><h2><strong><em>Our Product Range</em></strong></h2><p><em>We offer a wide variety of car interior products, including:</em></p><p><em>Car Seat Covers</em></p><p><em>Floor Mats &amp; Car Carpets</em></p><p><em>Steering Wheel Covers</em></p><p><em>Car Dashboards &amp; Decorative Accessories</em></p><p><br></p><p><br></p><h2><strong><em>Why Choose NEW RAM MOTOR</em></strong></h2><p><em>✔ Wide Range of Latest Accessories</em></p><p><em> ✔ Quality-Assured Products</em></p><p><em> ✔ Competitive Market Prices</em></p><p><br></p><h2><strong><em>Our Vision</em></strong></h2><p><em>To become a leading destination for innovative and high-quality car interior solutions that combine comfort, style, and reliability.</em></p><p><br></p><p><em>At </em><strong><em>NEW RAM MOTOR</em></strong><em>, we aim to transform your vehicle’s interior with premium accessories that deliver both elegance and performance.</em></p><p><br></p><h3><strong><em>Drive in Comfort. Style with Confidence.</em></strong></h3><h3><br></h3><h3><br></h3>",new-ram-motor-kolkata,,,,,,"0, 0, ABDUL HAMID STREET, ABDUL HAMID STREET",KOLKATA,West Bengal,India,700069.0,
8F3A1AF3-9246-4D2C-9202-DDD0B2E05DFF,B. K. PLYWOOD,CB75BB67-B63F-4592-BDB6-3D904DCA3F86,"<h2><em>B. K. PLYWOOD</em></h2><h3><em>Wood, Plywood, Veneer &amp; Laminates</em></h3><p><br></p><p><strong><em>B. K. PLYWOOD</em></strong><em> is a trusted name in the field of </em><strong><em>Wood, Plywood, Veneer &amp; Laminates</em></strong><em>, offering premium quality materials for residential, commercial, and industrial applications. With a strong commitment to quality and customer satisfaction, we provide durable and aesthetically appealing products that meet modern construction and interior requirements.</em></p><p><br></p><h3><em>Strength in Every Layer, Elegance in Every Finish</em></h3><p><br></p><h2><em>Our Product Range</em></h2><p><em>We offer a wide range of products, including:</em></p><p><em>Commercial Plywood</em></p><p><em>Marine Plywood</em></p><p><em>Decorative Veneers</em></p><p><em>Laminates (Glossy &amp; Matte)</em></p><p><br></p><h2><em>Why Choose Us</em></h2><p><em>✔ Premium Quality Products</em></p><p><em> ✔ Termite &amp; Moisture Resistant Materials</em></p><p><em> ✔ Wide Variety of Designs &amp; Finishes</em></p><p><em> ✔ Competitive Pricing</em></p><p><br></p><h2><em>Quality Assurance</em></h2><p><em>Quality is the backbone of B. K. PLYWOOD. We ensure:</em></p><p><em>High Strength &amp; Durability</em></p><p><em>Proper Thickness &amp; Finishing</em></p><p><br></p><h2><em>Our Vision</em></h2><p><em>To become a leading and trusted supplier of wood and plywood products by delivering reliable, innovative, and high-quality solutions for modern construction and interior design.</em></p><p><br></p><p><em>B. K. PLYWOOD is committed to providing strong, durable, and stylish wood solutions that enhance the beauty and longevity of every project. We strive to deliver excellence in every sheet and panel we supply.</em></p><p><br></p><p><br></p><p><br></p>",b.-k.-plywood-kolkata,,,,,,"1 NO., RAMKRISHNA SARANI RANIA NORTH, KOLKATA",KOLKATA,West Bengal,India,700154.0,
7477DE84-EDD1-4C52-A086-DF0117674517,J P SHYAM & SON,E36BD63F-2D6D-4684-9C9B-C5631AF20C0D,"<p><strong>J&nbsp;P&nbsp;SHYAM&nbsp;&amp;&nbsp;SON&nbsp;stands&nbsp;for&nbsp;strength,&nbsp;reliability,&nbsp;and&nbsp;excellence&nbsp;in&nbsp;door&nbsp;and&nbsp;window&nbsp;fittings.&nbsp;With&nbsp;our&nbsp;wide&nbsp;product&nbsp;range&nbsp;and&nbsp;dedication&nbsp;to&nbsp;quality,&nbsp;we&nbsp;continue&nbsp;to&nbsp;serve&nbsp;builders,&nbsp;contractors,&nbsp;and&nbsp;homeowners&nbsp;with&nbsp;dependable&nbsp;hardware&nbsp;solutions.</strong></p><p></p>",j-p-shyam-son-door-window-hinges-fittings-barabazar,Premium Door & Window Hardware Built for Strength and Reliability,"Trusted supplier of door hinges, window hinges, stainless steel hinges, brass hinges, and hardware fittings.","J P SHYAM & SON is a trusted supplier of premium door and window hardware solutions. We specialize in door hinges, window hinges, stainless steel hinges, brass hinges, and fittings designed for durability, smooth operation, corrosion resistance, and long-lasting performance in residential, commercial, and industrial applications.",To be a leading provider of reliable and high-quality hardware fitting solutions.,Premium Quality Hardware Products,"GROUND FLOOR, 16/22 RAMSEBAK MULLICK LANE, BARABAZAR",BARABAZAR,West Bengal,India,700007.0,
Strong & Durable Materials,,,,,,,,,,,,,,,
Rust & Corrosion Resistant,,,,,,,,,,,,,,,
Precision Manufacturing Standards,1,,,,,,,,,,,,,,
FC93358A-3AB7-4409-B7DD-E02DA5CC4B2A,TILECO'S,19437D1E-8B4E-4511-ADDA-2831844CCFD6,"<p><strong>TILECO&#39;S&nbsp;stands&nbsp;for&nbsp;elegance,&nbsp;durability,&nbsp;and&nbsp;excellence&nbsp;in&nbsp;sanitaryware&nbsp;solutions.&nbsp;With&nbsp;our&nbsp;wide&nbsp;range&nbsp;of&nbsp;wash&nbsp;basins&nbsp;and&nbsp;sanitary&nbsp;fittings,&nbsp;we&nbsp;continue&nbsp;to&nbsp;enhance&nbsp;modern&nbsp;spaces&nbsp;with&nbsp;products&nbsp;that&nbsp;deliver&nbsp;comfort,&nbsp;style,&nbsp;and&nbsp;reliability.</strong></p><p></p><p></p>",tilecos-wash-basins-sanitaryware-fittings-kolkata,Premium Sanitaryware & Wash Basin Solutions for Modern Bathrooms,"Trusted supplier of designer wash basins, ceramic sanitaryware, and premium sanitary fittings for modern spaces.","TILECO'S is a reliable supplier of premium wash basins, sanitaryware, and sanitary fittings for residential and commercial projects. We offer stylish, durable, and water-efficient bathroom solutions that blend modern aesthetics with functionality, helping create elegant and comfortable spaces.",To enhance modern living with innovative and premium bathroom solutions.,Premium Quality Sanitary Products,"2/1, OLD COURT HOUSE CORNER, RADZA BAZAR",KOLKATA,West Bengal,India,700001.0,
Modern & Elegant Designs,,,,,,,,,,,,,,,
Durable & Long-Lasting Materials,,,,,,,,,,,,,,,
Water-Efficient Solutions,1,,,,,,,,,,,,,,
31D78B14-5B9E-403A-B8D8-E0B72BE47EFE,Car Beats,B653F49B-1D41-46A9-AEFD-DBF9D2315FE3,<p>Car&nbsp;Accessories&nbsp;and&nbsp;Interiors</p>,car-beats-automobile-interiors-accessories-matkuria-dhanbad,Single Stop Destination for all Car Interiors and Accessories,,,,,"C/O KIRAN CAR ACCESSORIES, Matkuria, NEAR HUNDAI SHOWROOM, KATRAS ROAD, Dhanbad",DHANBAD,Jharkhand,India,826001.0,Matkuria
C5243C16-4440-45C3-949A-E157BB7174B1,ZENSHIP SUPPLY CHAIN SOLUTIONS PRIVATE LIMITED,97BDA7FC-298D-4786-AEB9-A35917383E1E,"<h2><strong><em>ZENSHIP SUPPLY CHAIN SOLUTIONS PRIVATE LIMITED</em></strong></h2><p><br></p><p><strong>ZENSHIP SUPPLY CHAIN SOLUTIONS PRIVATE LIMITED</strong> is a dynamic and reliable service provider in the field of <strong>Transport Agents &amp; Bulk Carriers, Logistics Services</strong>. We specialize in delivering efficient, cost-effective, and time-bound logistics solutions tailored to meet the diverse needs of businesses across industries.</p><p><br></p><h2><strong><em>Our Service Range</em></strong></h2><p>Bulk Cargo Transportation</p><p>Full Truck Load (FTL) Services</p><p>Part Load Services</p><p><br></p><h2><strong><em>Why Choose ZENSHIP SUPPLY CHAIN SOLUTIONS PRIVATE LIMITED?</em></strong></h2><p>✔ Strong Transport Network</p><p> ✔ Timely &amp; Safe Deliveries</p><p> ✔ Real-Time Coordination &amp; Tracking</p><p> ✔ Experienced Logistics Team</p><p> </p><h2><strong><em>Quality &amp; Operational Excellence</em></strong></h2><p>We follow structured logistics planning and strict operational standards to ensure goods are transported safely and delivered on time. Our team continuously monitors shipments, maintains compliance standards, and ensures seamless coordination from pickup to final delivery.</p><p><br></p><h2><strong><em>Our Vision</em></strong></h2><p>To be a trusted logistics partner by providing reliable, technology-driven, and scalable supply chain solutions that support business growth.</p><p><br></p><h3><strong>ZENSHIP SUPPLY CHAIN SOLUTIONS PRIVATE LIMITED – Delivering Trust, Moving Growth.</strong></h3>",zenship-supply-chain-solutions-private-limited-bentinck-street-kolkata,,,,,,"GR FLOOR, 38 BENTINCK STREET, BENTINCK STREET, ESPLANADE, 38 BENTINCK STREET, Kolkata",KOLKATA,West Bengal,India,700069.0,BENTINCK STREET
E8237F22-085C-4380-86CE-E1E312C254ED,J.P.TIMBER & CO.,A7CC36F8-5411-40C1-A8EA-5EC8B1CA123F,"<h2><strong><em>J.P. TIMBER &amp; CO.</em></strong></h2><p><strong><em>Bamboo, Wooden &amp; Cane Furniture</em></strong></p><p><br></p><p><strong><em>J.P. TIMBER &amp; CO.</em></strong><em> is a trusted manufacturer and supplier of premium-quality </em><strong><em>Bamboo, Wooden, and Cane Furniture</em></strong><em>, offering elegant and durable solutions for residential, commercial, and hospitality spaces. With years of industry experience and a passion for craftsmanship, we bring together natural materials and modern designs to create furniture that enhances comfort and style.</em></p><p><br></p><h2><strong><em>Product Range</em></strong></h2><p><em>We offer a diverse range of furniture solutions, including:</em></p><p><em>Bamboo Chairs &amp; Dining Sets</em></p><p><em>Wooden Sofas &amp; Bed Sets</em></p><p><em>Cane Lounge Chairs &amp; Rocking Chairs</em></p><p><em>Wooden Tables &amp; Coffee Tables</em></p><p><br></p><h2><strong><em>Why Choose Us</em></strong></h2><p><em>✔ Premium Quality Timber &amp; Materials</em></p><p><em> ✔ Skilled Craftsmanship</em></p><p><em> ✔ Durable &amp; Long-Lasting Products</em></p><p><em> ✔ Elegant &amp; Modern Designs</em></p><p><br></p><h2><strong><em>Quality Assurance</em></strong></h2><p><em>At </em><strong><em>J.P. TIMBER &amp; CO.</em></strong><em>, quality is at the core of our operations. Our products undergo:</em></p><p><em>Careful raw material inspection</em></p><p><em>Strength and stability testing</em></p><p><br></p><p><strong><em>J.P. TIMBER &amp; CO.</em></strong><em> continues to create furniture that reflects craftsmanship, durability, and timeless appeal. With a focus on quality and innovation, we provide furniture solutions that bring comfort and elegance to every space.</em></p><p><br></p><h3><em>Natural Strength. Timeless Craftsmanship. Trusted Quality.</em></h3>",j.p.timber-&-co.-kolkata,,,,,,"157B, LENIN SARANI, CHANDANI CHOWK",KOLKATA,West Bengal,India,700072.0,
366AAA23-5FC0-4DE3-81A0-E238BC915332,KABRA MARBLES PVT LTD,DF1E923B-44B1-46C6-83CC-67FB8212BFF4,"<h2><strong><em>KABRA MARBLES PVT LTD</em></strong></h2><p><strong><em>Stone Tiles &amp; Floorings | Marble Tiles</em></strong></p><p><br></p><p><strong><em>KABRA MARBLES PVT LTD</em></strong><em> is a reputed manufacturer and supplier of high-quality </em><strong><em>Stone Tiles, Floorings, and Marble Tiles</em></strong><em>, delivering elegance, durability, and superior craftsmanship. We specialize in premium marble solutions that enhance the beauty and value of residential, commercial, and luxury projects.</em></p><p><br></p><h2><strong><em>Our Product Range</em></strong></h2><p><em>We provide a wide selection of:</em></p><p><em>Natural Marble Tiles</em></p><p><em>Polished Marble Flooring</em></p><p><em>Designer Marble Tiles</em></p><h2><strong><em>Product Features</em></strong></h2><p><em>✔ Premium Quality Natural Stone</em></p><p><em> ✔ Elegant &amp; Luxurious Finish</em></p><p><em> ✔ High Strength &amp; Durability</em></p><p><br></p><h2><strong><em>Why Choose KABRA MARBLES PVT LTD</em></strong></h2><p><em>✔ Superior Grade Marble Selection</em></p><p><em> ✔ Advanced Cutting &amp; Polishing Technology</em></p><p><em> ✔ Competitive Pricing</em></p><p><em> ✔ Bulk Supply Capability</em></p><p><br></p><h2><strong><em>Our Vision</em></strong></h2><p><em>To be a leading name in the marble and stone industry by delivering premium flooring solutions that reflect luxury, durability, and excellence.</em></p><h2><br></h2><p><em>At </em><strong><em>KABRA MARBLES PVT LTD</em></strong><em>, we bring timeless elegance and unmatched durability through our premium </em><strong><em>Marble &amp; Stone Tile Solutions</em></strong><em>.</em></p><p><br></p><h3><strong><em>Natural Beauty. Lasting Strength. Trusted Quality.</em></strong></h3><p><br></p><p><br></p>",kabra-marbles-pvt-ltd-kolkata,,,,,,"32A, TOLLYGUNGE CIRCUR ROAD, KOLKATA",KOLKATA,West Bengal,India,700053.0,
03BD3ABD-8359-4B34-BB4F-E255BE32FAC3,MAHAVIR TIMES,1578F70E-B915-4C1B-976C-59641A0944D2,"<h2><strong><em>MAHAVIR TIMES</em></strong></h2><p><strong><em>Mobile Phone &amp; Accessories</em></strong></p><p><strong>MAHAVIR TIMES</strong> is a trusted retailer and supplier of premium-quality <strong>Mobile Phones and Accessories</strong>, offering the latest technology and reliable products to meet modern communication needs. With a strong focus on customer satisfaction and product authenticity, we provide smartphones and accessories that combine performance, innovation, and value.</p><p><br></p><h2><strong><em>Product Range</em></strong></h2><p><em>We provide a comprehensive range including:</em></p><p><em>Latest Smartphones</em></p><p><em>Feature Phones</em></p><p><em>Mobile Chargers &amp; Fast Chargers</em></p><p><em>USB Cables &amp; Adapters</em></p><p><em>Wireless &amp; Wired Earphones</em></p><p><br></p><h2><strong><em>Why Choose Us</em></strong></h2><p><em>✔ Genuine &amp; Branded Products</em></p><p><em> ✔ Latest Models Available</em></p><p><em> ✔ Competitive Pricing</em></p><p><em> ✔ Wide Product Selection</em></p><p><br></p><h2><strong><em>Quality Assurance</em></strong></h2><p><em>At </em><strong><em>MAHAVIR TIMES</em></strong><em>, quality and authenticity are our priorities. We ensure:</em></p><p><em>Genuine product sourcing</em></p><p><em>Proper functionality testing</em></p><p><br></p><p><strong><em>MAHAVIR TIMES</em></strong><em> continues to serve customers with trusted mobile phones and accessories that keep them connected to the world. With quality products and dedicated service, we aim to be a preferred destination for mobile technology solutions.</em></p><p><br></p><h3><em>Smart Technology. Trusted Service. Connected Life.</em></h3><p><br></p><p><br></p>","mahavir-times-kolkata-,-martin-brun-building,-lalbazar-kolkata",,,,,,"GROUND FLOOR, MAHAVIR TIMES,SHOP NO-12, 1 R N MUKHERJEE ROAD, LALBAZAR",KOLKATA,West Bengal,India,700001.0,"Kolkata , Martin Brun Building,   LALBAZAR "
5F90E69F-10F2-43F1-AF2D-E2BD294FB491,Shukti Food & Pharma Co.,5C91E5CF-78B5-43DD-9865-94FB90929862,"<h2><strong><em>Shukti Food &amp; Pharma Co.</em></strong></h2><p><br></p><p><strong><em>Shukti Food &amp; Pharma Co. is a trusted manufacturer and supplier of premium Ayurvedic, Herbal Cosmetics, Soap &amp; Skincare products, committed to promoting natural wellness and beauty. We combine traditional Ayurvedic knowledge with modern processing techniques to create safe, effective, and high-quality herbal formulations.</em></strong></p><p><br></p><h2><strong><em>Our Product Range</em></strong></h2><p><em>Ayurvedic Skincare Products</em></p><p><em>Herbal Soaps</em></p><p><em>Face Creams &amp; Lotions</em></p><p><em>Herbal Face Wash</em></p><p><em>Natural Oils</em></p><p><br></p><h2><em>Why Choose Shukti Food &amp; Pharma Co.?</em></h2><p><em>✔ Natural &amp; Herbal Ingredients</em></p><p><em> ✔ Ayurvedic-Based Formulations</em></p><p><em> ✔ Skin-Friendly &amp; Safe Products</em></p><p><em> ✔ Quality-Tested Manufacturing</em></p><p><br></p><h2><strong><em>Quality Commitment</em></strong></h2><p><em>At Shukti Food &amp; Pharma Co., strict quality standards are maintained at every stage — from raw material selection to production and packaging. Our products are crafted to ensure effectiveness, safety, and customer satisfaction.</em></p><p><br></p><h2><strong><em>Our Vision</em></strong></h2><p><em>To become a leading name in the herbal and Ayurvedic product industry by offering pure, reliable, and result-oriented natural care solutions.</em></p><p><br></p><h3><strong><em>Shukti Food &amp; Pharma Co. – Nature’s Touch for Healthy Skin &amp; Wellness.</em></strong></h3>",shukti-food-&-pharma-co.-karnal,,,,,,"Gaushala Road, Near Gaushala, Karnal",KARNAL,Haryana,India,132001.0,
49030A81-4C0B-4615-9DC3-E2CAC8A1000F,M.P.K. Agro Industry,3B298197-1800-472B-B994-0072789B2A4B,"<h2><strong><em>M.P.K. AGRO INDUSTRY</em></strong></h2><p><strong><em>Tractor, Tractor Parts &amp; Assemblies</em></strong></p><p><br></p><p><strong><em>M.P.K. AGRO INDUSTRY</em></strong><em> is a trusted manufacturer and supplier of </em><strong><em>Tractors, Tractor Parts, and Assemblies</em></strong><em>, dedicated to supporting the agricultural sector with durable, efficient, and high-performance machinery solutions.</em></p><p><br></p><h2><strong><em>Our Product Range</em></strong></h2><h3>🔹<em> Tractors</em></h3><p><em>Agricultural Tractors</em></p><p><em>Compact Tractors</em></p><p><em>Utility Tractors</em></p><p><br></p><h3>🔹<em> Tractor Parts</em></h3><p><em>Engine Components</em></p><p><em>Clutch Plates &amp; Assemblies</em></p><p><br></p><h3>🔹 <em>Tractor Assemblies</em></h3><p><em>Engine Assembly</em></p><p><em>Transmission Assembly</em></p><p><br></p><h2><strong><em>Why Choose Us</em></strong></h2><p><em>✔ High-Performance &amp; Durable Products</em></p><p><em> ✔ Precision Engineering</em></p><p><em> ✔ Reliable After-Sales Support</em></p><p><br></p><h2><strong><em>Quality Assurance</em></strong></h2><p><em>At </em><strong><em>M.P.K. AGRO INDUSTRY</em></strong><em>, quality is at the core of everything we do. We ensure:</em></p><p><em>Use of high-grade raw materials</em></p><p><em>Advanced manufacturing processes</em></p><p><br></p><p><em>With dedication to excellence and a passion for supporting agriculture, </em><strong><em>M.P.K. AGRO INDUSTRY</em></strong><em> continues to provide dependable tractors and parts that drive productivity and growth in the farming community.</em></p><p><br></p><p><br></p><p><br></p><p><br></p><p><br></p><p><br></p><p><br></p>",m.p.k.-agro-industry-karnal,,,,,,"Plot No 291, Sector-3 and 3A, HSIIDC, Industrial Area",KARNAL,Haryana,India,132001.0,
DEC0B44E-FCF9-441D-8AA3-E379724001D0,Rnaura Business,7802DD40-5BD8-4CCE-97BC-4254B2B560DF,"<p></p><p><strong>Rnaura&nbsp;Business&nbsp;is&nbsp;your&nbsp;trusted&nbsp;partner&nbsp;for&nbsp;comprehensive&nbsp;BPO&nbsp;solutions&nbsp;that&nbsp;enhance&nbsp;efficiency,&nbsp;reduce&nbsp;operational&nbsp;burden,&nbsp;and&nbsp;support&nbsp;business&nbsp;growth.&nbsp;</strong></p>",rnaura-business-bpo-services-hambran-road-ludhiana,Scalable BPO Solutions: Streamline Operations & Boost Growth,"Rnaura Business provides high-impact BPO solutions, driving operational efficiency and cost-reduction for growing organizations worldwide.","Rnaura Business is a premium outsourcing partner specializing in BPO, back-office operations, and virtual assistance. We integrate skilled human expertise with robust process frameworks to help businesses scale efficiently. As a verified service provider, we offer scalable, AI-ready operational support, allowing clients to focus on their core competencies while we optimize their business performance.","To be the global benchmark for scalable, quality-driven BPO excellence.",Scalable BPO Solutions for Rapid Business Growth,"KHASRA NO. 20//6/2-7/1-17-25-12/1-13-14, KHATA NO. 18/18, HAMBRAN  ROAD, VILLAGE JAINPUR, Ludhiana",LUDHIANA,Punjab,India,141011.0,HAMBRAN  ROAD
Expert Professionals Tailored to Your Specific Needs,,,,,,,,,,,,,,,
Cost-Effective Operations & Process Optimization,,,,,,,,,,,,,,,
Rigorous Quality Assurance & Performance Monitoring,1,,,,,,,,,,,,,,
5DEDBB85-1A08-46A3-B08B-E40040F5CE28,FABLAS IMPEX PRIVATE LIMITED,85413347-9AEF-418E-B729-202B546602AC,<p>House&nbsp;hold&nbsp;Cleaning&nbsp;items</p>,fablas-impex-private-limited-new-delhi,,,,,,"2151/3D, NEW PATEL NAGAR, New Delhi",NEW DELHI,Delhi,India,110008.0,
7652014C-AD68-4AFF-B567-E4E5CDBA0704,S & Z COMMUNICATION,1578F70E-B915-4C1B-976C-59641A0944D2,"<p><strong>Deals in All Kind of Mobile Brands, Smart Phones &amp; Feature Phones &amp;Mobile Accerasires </strong></p>",s-&-z-communication-khidirpur-kolkata,,,,,,"SHOP NO-30, 78/3A,, MANASHATALA LANE, KHIDDERPORE",KOLKATA,West Bengal,India,700023.0,Khidirpur
813ECEB6-2B0C-478C-8F72-E5AEBD6F5E1B,HARDWARE CONCERN,D057A3B1-F8BF-4829-B81C-03814FD308DE,"<h2><em>HARDWARE CONCERN</em></h2><h4><strong><em>Wire Mesh, Gratings, Sheets &amp; Screen</em></strong></h4><p><br></p><p><strong><em>HARDWARE CONCERN</em></strong><em> is a reliable supplier and distributor of premium-quality </em><strong><em>Wire Mesh, Industrial Gratings, Metal Sheets, and Screens</em></strong><em>. We cater to construction, infrastructure, manufacturing, agriculture, and industrial sectors with durable and precision-engineered metal products.</em></p><p><br></p><h2><strong><em>Product Range</em></strong></h2><p><em>We offer a comprehensive range including:</em></p><p><em>Welded Wire Mesh</em></p><p><em>Chain Link Mesh</em></p><p><em>Expanded Metal Mesh</em></p><p><em>Perforated Sheets</em></p><p><em>Mild Steel &amp; Stainless Steel Sheets</em></p><p><br></p><h2><strong><em>Why Choose Us</em></strong></h2><p><em>✔ Premium Quality Materials</em></p><p><em> ✔ Custom Sizes &amp; Specifications Available</em></p><p><em> ✔ Competitive Pricing</em></p><p><em> ✔ Bulk Supply Capability</em></p><p><br></p><h2><strong><em>Quality Assurance</em></strong></h2><p><em>At </em><strong><em>HARDWARE CONCERN</em></strong><em>, every product undergoes strict quality checks to ensure strength, durability, and compliance with industry standards. We focus on delivering reliable and high-performance hardware solutions.</em></p><p><br></p><p><em>With a focus on durability, precision, and reliability, </em><strong><em>HARDWARE CONCERN</em></strong><em> stands as a trusted name in </em><strong><em>Wire Mesh, Gratings, Sheets &amp; Screens</em></strong><em>. We strive to deliver products that provide safety, strength, and long-lasting performance.</em></p><p><br></p><h3><strong><em>Strong Structure. Secure Solutions. Superior Quality.</em></strong></h3>",hardware-concern-chadni-chawk-market.-kolkata-kolkata,,,,,,"6A, CHANDNI CHAWK MARKET, 3RD GATE, CHANDNI CHAWK",KOLKATA,West Bengal,India,700072.0,Chadni Chawk Market. Kolkata
63A40DEB-883A-401C-9A9E-E79345099ACB,SHREE SHYAM STUDIO,9A5CF68D-299F-4D60-B948-273BD6B693CD,"<h2><strong><em>SHREE SHYAM STUDIO</em></strong></h2><p><strong><em>Studios | Film &amp; Media Production Services | Multimedia Solutions</em></strong></p><p><br></p><p><strong><em>SHREE SHYAM STUDIO</em></strong><em> is a creative and professionally driven studio offering comprehensive </em><strong><em>Film Production, Media Services, and Multimedia Solutions</em></strong><em>. With a passion for storytelling and a commitment to visual excellence, we transform ideas into impactful visual experiences.</em></p><p><br></p><h2><strong><em>Our Service Range</em></strong></h2><p><em>We offer a wide range of professional services including:</em></p><p><em>Film &amp; Short Film Production</em></p><p><em>Corporate Videos</em></p><p><em>Advertising &amp; Promotional Videos</em></p><p><em>Wedding &amp; Event Videography</em></p><p><em>Photography Services</em></p><p><br></p><h2><strong><em>Why Choose Us</em></strong></h2><p><em>✔ Creative &amp; Experienced Team</em></p><p><em> ✔ Modern Equipment &amp; Technology</em></p><p><em> ✔ High-Quality Production Standards</em></p><p><em> ✔ Customized Solutions</em></p><p><br></p><h2><strong><em>Quality Assurance</em></strong></h2><p><em>At </em><strong><em>SHREE SHYAM STUDIO</em></strong><em>, quality is our identity. We ensure:</em></p><p><em>Professional-grade equipment usage</em></p><p><em>Detailed editing and post-production</em></p><p><em>Creative supervision at every stage</em></p><p><br></p><p><strong><em>SHREE SHYAM STUDIO</em></strong><em> continues to deliver innovative film and multimedia solutions that inspire, engage, and connect. With creativity at our core and quality as our promise, we help brands and individuals tell their stories effectively.</em></p><p><br></p><h3><em>Capturing Moments. Creating Stories. Delivering Excellence.</em></h3><p><br></p><p><br></p>",shree-shyam-studio-bansur,,,,,,"0, Rasnali, Bansur",BANSUR,Rajasthan,India,301402.0,
2136D043-9557-41CD-9B0A-E7ADB9C1C91B,COMPUTECH SERVICES,87DF8D3F-F166-4C5B-B255-5B78B2033A1B,"<h2><strong><em>COMPUTECH SERVICES</em></strong></h2><p><strong><em>Laptops, PC, Mainframes &amp; Computers</em></strong></p><p><br></p><p><strong><em>COMPUTECH SERVICES</em></strong><em> is a trusted provider of high-performance </em><strong><em>Laptops, PCs, Mainframes, and Computer Systems</em></strong><em>, delivering reliable and advanced IT solutions for businesses, institutions, and individual users. We focus on quality products, modern technology, and dependable service support.</em></p><p><br></p><h2><strong><em>Our Product Range</em></strong></h2><p><em>We offer a wide range of computing products including:</em></p><p><em>Laptops (Business &amp; Personal Use)</em></p><p><em>Desktop PC s</em></p><p><em>Workstations</em></p><p><em>Mainframe Systems</em></p><p><br></p><h2><strong><em>Why Choose COMPUTECH SERVICES</em></strong></h2><p><em>✔ Genuine &amp; Quality-Assured Products</em></p><p><em> ✔ Competitive Pricing</em></p><p><em> ✔ Customized IT Solutions</em></p><p><em> ✔ Prompt Delivery</em></p><p><em> ✔ Technical Support &amp; Assistance</em></p><p><br></p><h2><strong><em>Our Vision</em></strong></h2><p><em>To become a leading name in computing solutions by providing reliable technology products that empower businesses and individuals.</em></p><p><br></p><p><em>At </em><strong><em>COMPUTECH SERVICES</em></strong><em>, we deliver advanced and dependable </em><strong><em>Laptops, PCs, Mainframes &amp; Computer Systems</em></strong><em> designed for performance, productivity, and long-term reliability.</em></p><p><br></p><h3><strong><em>Smart Technology. Reliable Performance. Trusted Service.</em></strong></h3>",computech-services-manton-super-market.-kolkata,,,,,,"GROUND, STALL NO. 42, D. H. ROAD, BEHALA",KOLKATA,West Bengal,India,700034.0,Manton Super Market.
6B79B3E0-3183-4F08-84AE-E813E71F9125,Bansal Aluminiums,C7318CA0-80B2-4A7B-A709-10CD4CEBF5BC,"<h2><strong><em>BANSAL ALUMINIUMS</em></strong></h2><p><br></p><p><strong><em>BANSAL ALUMINIUMS</em></strong><em> is a trusted name in the field of </em><strong><em>Industrial &amp; Metal Fabrication</em></strong><em>, delivering high-quality aluminium and metal fabrication solutions for diverse industrial, commercial, and infrastructure projects. We are committed to precision engineering, durable construction, and superior finishing in every project we undertake.</em></p><p><br></p><h2><strong><em>Our Product &amp; Service Range</em></strong></h2><p><em>Aluminium Fabrication Works</em></p><p><em>Industrial Metal Structures</em></p><p><em>Custom Metal Components</em></p><p><em>Aluminium Doors &amp; Windows</em></p><p><em>Partitions &amp; Structural Frames</em></p><p><br></p><h2><strong><em>Why Choose BANSAL ALUMINIUMS?</em></strong></h2><p><em>✔ Precision Engineering &amp; Quality Workmanship</em></p><p><em> ✔ High-Grade Raw Materials</em></p><p><em> ✔ Customized Fabrication Solutions</em></p><p><em> ✔ Modern Tools &amp; Techniques</em></p><p><br></p><h2><strong><em>Quality Assurance</em></strong></h2><p><em>At BANSAL ALUMINIUMS, strict quality control measures are followed at every stage — from design and material selection to fabrication and finishing. We ensure structural strength, accurate dimensions, and durable performance in all our projects.</em></p><p><br></p><h2><strong><em>Our Vision</em></strong></h2><p><em>To be a leading provider of reliable and innovative metal fabrication solutions by maintaining excellence in quality, service, and customer satisfaction.</em></p><p><br></p><h3><strong><em>BANSAL ALUMINIUMS – Strength in Structure, Precision in Fabrication.</em></strong></h3>",bansal-aluminiums-karnal,,,,,,"SHOP NO. 18/610, CHAR CHAMAN, KARNAL",KARNAL,Haryana,India,132001.0,
8C19180C-FEFC-45AA-8A8A-E8E5851C4A9B,Bluedart Courier Point (SR Enterprises),97BDA7FC-298D-4786-AEB9-A35917383E1E,"<p><strong>Bluedart&nbsp;Courier&nbsp;Point&nbsp;(SR&nbsp;Enterprises)&nbsp;—&nbsp;delivering&nbsp;trust,&nbsp;speed,&nbsp;and&nbsp;reliability.</strong></p><p></p><p></p><p></p>",bluedart-courier-point-sr-enterprises-transport-agents-bulk-carriers-near-pnb-and-jaweb-habib-parlour-mohisgote-kolkata,"Delivering Trust, Speed, and Reliability.",An authorized courier service point providing comprehensive domestic and international logistics solutions backed by the Blue Dart network.,"SR Enterprises operates as an authorized Bluedart Courier Point, offering fast, secure, and professional logistics services for individuals and businesses. Leveraging Blue Dart’s extensive infrastructure—India’s leading express air and integrated transportation network—we provide seamless, end-to-end delivery for documents and parcels. Our commitment is to offer transparent, hassle-free shipping solutions with advanced tracking and time-definite delivery standards, connecting you to over 55,000 locations across India and 220+ countries worldwide.","To be the local gateway to global logistics, ensuring every shipment is handled with excellence, speed, and uncompromising reliability.",Authorized Blue Dart Network: Access to India's most trusted express logistics brand.,"Ground, Debu Mondal, Mohisgote , Krishnapur, Kolkata New Town",KOLKATA ,West Bengal,India,700102.0,"Near PNB and Jaweb Habib parlour, Mohisgote"
Global Reach: Seamless domestic and international delivery capabilities.,,,,,,,,,,,,,,,
Real-Time Tracking: Advanced digital tracking for total shipment visibility.,,,,,,,,,,,,,,,
Diverse Service Range: From urgent documents to bulk commercial parcels.,1,,,,,,,,,,,,,,
FE6F25C0-93A3-4C3A-85A1-E950EF2164ED,SUBHNEN BOARD & VENEER,CB75BB67-B63F-4592-BDB6-3D904DCA3F86,"<h2><strong>SUBHNEN BOARD &amp; VENEER</strong></h2><p><strong><em>Wood, Plywood, Veneer &amp; Laminates</em></strong></p><p><br></p><p><em>SUBHNEN BOARD &amp; VENEER is a trusted supplier of quality wood products, offering a comprehensive range of plywood, veneers, laminates, and allied materials for furniture and interior applications. The company serves homeowners, carpenters, contractors, architects, and interior designers by providing durable and aesthetically appealing products that meet modern construction and design needs.</em></p><p><br></p><p><em>Commercial, waterproof, and marine-grade plywood options</em></p><p><em>Decorative veneers with natural and engineered finishes</em></p><p><em>Laminates available in multiple colors, patterns, and textures</em></p><p><em>Strong, moisture-resistant, and long-lasting materials</em></p><p><em>Suitable for furniture, interiors, and construction use</em></p><p><em>Consistent quality with reliable supply</em></p><p><br></p><h2><strong><em>Why Choose SUBHNEN BOARD &amp; VENEER</em></strong></h2><p><em>Quality-Assured Products</em></p><p><em> Wide Variety of Designs &amp; Grades</em></p><p><em>  Competitive Pricing</em></p><p><em> Bulk Supply Capability</em></p><p><br></p><p><em>At </em><strong><em>SUBHNEN BOARD &amp; VENEER</em></strong><em>, we deliver strong, stylish, and reliable </em><strong><em>Wood &amp; Panel Solutions</em></strong><em> that enhance interiors with lasting quality and beauty.</em></p><p><br></p><h3><strong><em>Strong Foundations. Elegant Finishes. Trusted Quality.</em></strong></h3><h2><br></h2>",subhnen-board-&-veneer-kolkata,,,,,,"96B, CHITTRANJAN AVENUE, KOLKATA",KOLKATA,West Bengal,India,700012.0,
98BDF207-05B9-4ADE-A1F2-E98FBED6DC7F,Tushar Dashore Industory of cigaratte,A1D61549-9BF4-4C99-B53D-CF150B183519,,tushar-dashore-industory-of-cigaratte-sensors-transducers-urban-estate-karnal,Tushar Dashore Industory ,Our comany is the best pad company ever,my bussiness is my bussiness non of your bussiness,Our vision is to finish all the cigaratte in 2026,you are the best platform,"Ground Floor, 214P, Sector 16, URBAN ESTATE, KARNAL (RURAL), Karnal",KARNAL,Haryana,India,132001.0,URBAN ESTATE
EF5D7384-77C6-4F86-9F01-EB3BF59F7FC1,TIRUPATI AGRO MACHINERY,3B298197-1800-472B-B994-0072789B2A4B,"<p><strong>Tirupati&nbsp;Agro&nbsp;Machinery&nbsp;stands&nbsp;for&nbsp;strength,&nbsp;precision,&nbsp;and&nbsp;trust&nbsp;in&nbsp;agricultural&nbsp;machinery.&nbsp;With&nbsp;a&nbsp;comprehensive&nbsp;product&nbsp;range,&nbsp;uncompromising&nbsp;quality&nbsp;standards,&nbsp;and&nbsp;a&nbsp;customer‑focused&nbsp;mindset,&nbsp;we&nbsp;strive&nbsp;to&nbsp;be&nbsp;a&nbsp;dependable&nbsp;partner&nbsp;in&nbsp;agricultural&nbsp;growth&nbsp;and&nbsp;mechanization.</strong></p><p></p><p></p><p></p>",tirupati-agro-machinery-tractor-tractor-parts-assemblies-kolkata-barabajar-model-house-kolkata,Powering Agriculture with Reliable Tractors & Precision Components,"Trusted manufacturer and supplier of tractors, tractor parts, assemblies, and agricultural machinery solutions","Tirupati Agro Machinery is a trusted manufacturer of tractors, tractor parts, and assemblies. We provide durable, high-performance agricultural machinery designed for efficiency, reliability, and long service life. Our solutions support modern farming with quality-engineered components and dependable performance.",To drive agricultural growth through innovative and reliable machinery solutions.,Reliable & Durable Machinery,"40 Stand Road , Barabajar, Kolkata",KOLKATA,West Bengal,India,700001.0,Kolkata barabajar Model House.
Precision-Engineered Components,,,,,,,,,,,,,,,
Complete Tractor Solutions,,,,,,,,,,,,,,,
High Performance in Farming Operations,1,,,,,,,,,,,,,,
28B0E11A-196B-43ED-9FA2-EB5E0C9740F0,BALAJI DECOR,CB75BB67-B63F-4592-BDB6-3D904DCA3F86,"<h2><strong><em>BALAJI DECOR</em></strong></h2><p><strong><em>Wood, Plywood, Veneer &amp; Laminates | Premium Plywood Solutions</em></strong></p><p><br></p><p><strong><em>BALAJI DECOR</em></strong><em> is a trusted name in the field of </em><strong><em>Wood, Plywood, Veneer, and Laminates</em></strong><em>, offering high-quality products that combine strength, durability, and aesthetic appeal. With a commitment to excellence and customer satisfaction, we cater to residential, commercial, and interior design projects with premium-grade plywood and decorative solutions.</em></p><p><br></p><h2><strong><em>Product Range</em></strong></h2><p><em>We offer a wide variety of products including:</em></p><p><em>Commercial Plywood</em></p><p><em>Marine Plywood</em></p><p><em>Waterproof Plywood</em></p><p><em>Decorative Veneers</em></p><p><br></p><h2><strong><em>Why Choose Us</em></strong></h2><p><em>✔ Premium Quality Materials</em></p><p><em> ✔ Wide Range of Designs &amp; Finishes</em></p><p><em> ✔ Competitive Pricing</em></p><p><em> ✔ Reliable Supply &amp; Timely Delivery</em></p><p><br></p><h2><strong><em>Quality Assurance</em></strong></h2><p><em>Quality is our priority at BALAJI DECOR. Our plywood and decorative materials undergo:</em></p><p><em>Strength and bonding tests</em></p><p><em>Moisture resistance checks</em></p><p><em>Surface finish inspection</em></p><p><br></p><p><strong><em>BALAJI DECOR</em></strong><em> stands as a dependable partner for all wood and plywood needs. With a perfect blend of strength, style, and reliability, we continue to support quality construction and interior solutions.</em></p><p><br></p><h4><em>Building Strength. Enhancing Spaces. Delivering Excellence.</em></h4><p><br></p>",balaji-decor-near-nazrul-tirtha-metro-kolkata,,,,,,A51 New town Near tank no 03,KOLKATA ,West Bengal,India,700156.0,Near nazrul tirtha metro
F58A4C32-FFC0-4C9D-AEA6-EBC9431D5875,SHREE SHYAM RAGHAV,19437D1E-8B4E-4511-ADDA-2831844CCFD6,"<p><strong>Shree&nbsp;Shyam&nbsp;Raghav&nbsp;authorized&nbsp;Dealer&nbsp;of&nbsp;LUXURY&nbsp;FAUCETS.&nbsp;Deals&nbsp;in&nbsp;Sink&nbsp;,&nbsp;Cysteine,&nbsp;UPVC/CPVC&nbsp;Fittings&nbsp;,&nbsp;PVC&nbsp;&nbsp;Nails&nbsp;Clamp&nbsp;&amp;&nbsp;Polo&nbsp;Bibcock.&nbsp;Deals&nbsp;in&nbsp;Brands&nbsp;like&nbsp;&nbsp;ESSCO,&nbsp;JAQUAR,&nbsp;MARC,HM&nbsp;VALVES.....&nbsp;ETC...</strong></p>",shree-shyam-raghav-wash-basins-sanitaryware-fittings-barabajar-kolkata-burra-bazar,,,,,,"GR.FLOOR, 39, STRAND ROAD, BURRA BAZAR",BURRA BAZAR,West Bengal,India,700001.0,"Barabajar , Kolkata "
0DCB2979-BC38-4D5F-BC48-EC2EC0116E5A,SHREE SHYAM PLY & LAMINATES,CB75BB67-B63F-4592-BDB6-3D904DCA3F86,"<h2><strong><em>SHREE SHYAM PLY &amp; LAMINATES</em></strong></h2><h3><strong><em>Wood, Plywood, Veneer &amp; Laminates</em></strong></h3><p><br></p><p><strong><em>SHREE SHYAM PLY &amp; LAMINATES</em></strong><em> is a trusted supplier and distributor of premium-quality </em><strong><em>Wood, Plywood, Veneer, and Laminates</em></strong><em>, catering to residential, commercial, and interior design projects. With strong industry experience and a commitment to excellence, we provide durable and stylish surface solutions that enhance the beauty and strength of every space.</em></p><p><br></p><h2><strong><em>Our Product Range</em></strong></h2><h3><em>🔹 Wood Products</em></h3><p><em>Hardwood &amp; Softwood Timber</em></p><p><em>Teak Wood</em></p><p><br></p><h3><em>🔹 Plywood</em></h3><p><em>Commercial Plywood</em></p><p><em>Marine Plywood</em></p><p><br></p><h3><em>🔹 Veneer</em></h3><p><em>Natural Veneers</em></p><p><em>Engineered Veneers</em></p><p><br></p><h3><em>🔹 Laminates</em></h3><p><em>High-Pressure Laminates (HPL)</em></p><p><em>Decorative Laminates</em></p><p><br></p><h2><strong><em>Why Choose Us</em></strong></h2><p><em>✔ Premium Quality Materials</em></p><p><em> ✔ Wide Range of Designs &amp; Finishes</em></p><p><em> ✔ Termite &amp; Moisture Resistant Options</em></p><p><br></p><h2><strong><em>Quality Assurance</em></strong></h2><p><em>At </em><strong><em>SHREE SHYAM PLY &amp; LAMINATES</em></strong><em>, quality is our top priority. We ensure:</em></p><p><em>Sourcing from reputed manufacturers</em></p><p><em>Strict quality inspection</em></p><p><br></p><p><em>With dedication to craftsmanship and quality standards, </em><strong><em>SHREE SHYAM PLY &amp; LAMINATES</em></strong><em> continues to provide dependable wood and surface solutions that transform interiors with strength and style.</em></p><p><br></p><p><br></p>",shree-shyam-ply-&-laminates-tangra-kolkata,,,,,,"1ST FLOOR,, 11/C 1ST FLOOR, Tangra, Safety Creations, Paymental Garden Lane, Kolkata",KOLKATA,West Bengal,India,700015.0,Tangra
80493001-8542-440C-B606-ECEEFF1A8548,Religin Care,1005C1EA-FC72-4615-9622-A677C710C7EF,"<p><strong>Religin&nbsp;Care&nbsp;stands&nbsp;for&nbsp;reliability,&nbsp;safety,&nbsp;and&nbsp;compassion&nbsp;in&nbsp;healthcare&nbsp;solutions.&nbsp;With&nbsp;our&nbsp;broad&nbsp;product&nbsp;range&nbsp;and&nbsp;commitment&nbsp;to&nbsp;excellence,&nbsp;we&nbsp;continue&nbsp;to&nbsp;support&nbsp;medical&nbsp;professionals&nbsp;and&nbsp;individuals&nbsp;with&nbsp;dependable&nbsp;healthcare&nbsp;products&nbsp;and&nbsp;aids.</strong></p><p></p><p></p><p></p><h3></h3>",religin-care-healthcare-products-aids-karnal,"Trusted Healthcare Products for Better Living, Comfort & Care","Supplier of healthcare products, orthopedic supports, mobility aids, and medical disposables for hospitals, clinics, and individuals.","Religin Care is a trusted provider of healthcare products and medical aids designed to improve comfort, mobility, and well-being. We offer personal healthcare products, orthopedic supports, mobility aids, and medical disposables that meet quality, safety, and performance standards for healthcare and personal use.",To enhance quality of life through reliable and accessible healthcare solutions.,Quality-Tested Healthcare Products,"Khewat No 14, Khatoni No 17 Part, Vill Smalkha Tehsil Gharounda Distt. Karnal, Smalkha",KARNAL,Haryana,India,132037.0,
Safe & Hygienic Materials,,,,,,,,,,,,,,,
Comfortable User-Friendly Designs,,,,,,,,,,,,,,,
Reliable Medical Support Solutions,1,,,,,,,,,,,,,,
610A5C9A-59AC-4FCA-993F-ED60FDA7691F,BACHHAWAT MERCANTILES PRIVATE LIMITED,AFD5E5D5-659D-4DDD-9468-A14A043186C8,"<h2><strong><em>BACHHAWAT MERCANTILES PRIVATE LIMITED</em></strong></h2><p><br></p><p><strong><em>BACHHAWAT MERCANTILES PRIVATE LIMITED</em></strong><em> is a trusted supplier and distributor of premium </em><strong><em>Office Automation Products &amp; Devices</em></strong><em>, offering advanced technology solutions to enhance workplace efficiency and productivity. We specialize in providing reliable office equipment from leading brands, including </em><strong><em>Canon</em></strong><em>, ensuring high performance and long-term value for businesses of all sizes.</em></p><p><br></p><h2><strong><em>Our Product Range</em></strong></h2><p><em>Multifunction Printers</em></p><p><em>Photocopier Machines</em></p><p><em>Laser &amp; Inkjet Printers</em></p><p><em>Scanners</em></p><p><em>Document Management Solutions</em></p><p><br></p><h2><strong><em>Why Choose BACHHAWAT MERCANTILES PRIVATE LIMITED?</em></strong></h2><p><em>✔ Authorized &amp; Trusted Brand Products</em></p><p><em> ✔ Advanced Office Technology Solutions</em></p><p><em> ✔ Competitive Pricing</em></p><p><em> ✔ Reliable After-Sales Support</em></p><p><br></p><h2><strong><em>Quality &amp; Service Commitment</em></strong></h2><p><em>We ensure that every product supplied meets industry standards for performance, durability, and efficiency. Our team provides professional guidance, installation support, and dependable after-sales service to maintain smooth office operations.</em></p><p><br></p><h2><strong><em>Our Vision</em></strong></h2><p><em>To be a preferred partner in office automation by delivering innovative technology solutions, dependable service, and long-term business value.</em></p><p><br></p><h3><strong><em>BACHHAWAT MERCANTILES PRIVATE LIMITED – Powering Productivity with Smart Office Solutions.</em></strong></h3>","bachhawat-mercantiles-private-limited-kolkata,-1-no-chadni-chowk-street.-kol-700072-kolkata",,,,,,"175A, MOTI LAL NEHRU ROAD, GARIAHAT, 1 no Chadni Chowk Street , Kolkata- 700072",KOLKATA,West Bengal,India,700029.0,"KOLKATA, 1 no Chadni Chowk Street. Kol- 700072"
4CC07307-2FD5-452A-AD22-EE323E07B8C5,JAY GURU FURNITURE,2F6E0D32-45AA-4F6B-841D-3D01D9267412,<h4><strong>JAY&nbsp;GURU&nbsp;FURNITURE&nbsp;—&nbsp;comfort&nbsp;and&nbsp;style&nbsp;for&nbsp;your&nbsp;living&nbsp;space.</strong></h4><p></p>,jay-guru-furniture-living-room-furniture-kolkata,Comfort and Style for Your Living Space.,"A premier furniture brand specializing in stylish, durable, and expertly crafted living room furniture designed to enhance modern home aesthetics.","JAY GURU FURNITURE is a dedicated provider of high-quality living room furnishings, blending traditional craftsmanship with contemporary design sensibilities. From plush sofas to functional center tables and TV units, our collection is engineered for both comfort and longevity. As an active partner we are committed to delivering premium-grade home furniture that meets the highest standards of durability and aesthetic appeal, ensuring every piece becomes a centerpiece of your living space.","To transform modern homes into sanctuaries of comfort and style by providing timeless, durable, and accessible furniture solutions.",Elegant & Timeless Design,Ghosh para kestopur,KOLKATA ,West Bengal,India,700012.0,
Superior Material Durability,,,,,,,,,,,,,,,
Fine Craftsmanship Standards,,,,,,,,,,,,,,,
Competitive Market Pricing,1,,,,,,,,,,,,,,
DAF8E469-6B13-4093-BE25-EE899D2C68F2,H R ENTERPRISE,A59A10DF-CA85-4165-8BC8-035E79153FB2,<p><strong>Dealer of Aluminum channels &amp; Acp sheets. All False Ceiling material</strong></p>,h-r-enterprise-thakurpukur-kolkata,,,,,,"SANTI APARTMENT, GROUND FLOOR, Thakurpukur, 30/1A, BHATTACHARJEE PARA ROAD, Kolkata",KOLKATA,West Bengal,India,700063.0,Thakurpukur
B8836F98-422E-4E4E-A9CF-EEB806B19964,D.S. ENTERPRISE,8F1854CC-A913-4765-92EA-F58FF5AB4F44,"<h2><strong><em>D.S. ENTERPRISE</em></strong></h2><p><strong><em>Door Lock, Electronic Lock &amp; Latches</em></strong></p><p><br></p><p><strong><em>D.S. ENTERPRISE</em></strong><em> is a trusted supplier and distributor of high-quality </em><strong><em>Door Locks, Electronic Locks, and Latches</em></strong><em>, offering reliable security solutions for residential, commercial, and industrial applications.</em></p><p><em>With a focus on safety, innovation, and durability, we provide modern locking systems that ensure protection, convenience, and peace of mind. Our products combine strong build quality with advanced technology to meet today’s security standards.</em></p><p><br></p><h2><strong><em>Our Product Range</em></strong></h2><h3>🔹 <em>Door Locks</em></h3><p><em>Mortise Locks</em></p><p><em>Cylindrical Locks</em></p><p><br></p><h3>🔹 <em>Electronic Locks</em></h3><p><em>Digital Door Locks</em></p><p><em>Biometric Fingerprint Locks</em></p><p><br></p><h3>🔹 <em>Latches</em></h3><p><em>Door Latches</em></p><p><em>Magnetic Latches</em></p><p><br></p><h2><strong><em>Why Choose Us</em></strong></h2><p><em>✔ Strong &amp; Durable Products</em></p><p><em> ✔ Advanced Security Technology</em></p><p><em> ✔ Modern &amp; Stylish Designs</em></p><p><br></p><h2><strong><em>Quality Assurance</em></strong></h2><p><em>At </em><strong><em>D.S. ENTERPRISE</em></strong><em>, quality and security are our priorities. We ensure:</em></p><p><em>Use of high-grade metal and components</em></p><p><em>Advanced manufacturing standards</em></p><p><br></p><h2><strong><em>Our Vision</em></strong></h2><p><em>To become a leading name in the security solutions industry by delivering innovative, dependable, and high-performance locking systems.</em></p><p><br></p><p><br></p><p><br></p><p><br></p><p><br></p>",d.s.-enterprise-chandney-chowk-market-kolkata,,,,,,"167/5, Lenin Sarani , Chandney Chowk Market, 3rd Gate, Shop no -4",KOLKATA ,West Bengal,India,700072.0,Chandney Chowk Market
CA788667-C129-4295-A265-EF2F6FAEE9C2,M/S AKASH ENTERPRISES,3610790C-CA31-40EC-B2FE-60E4EDDF2516,"<p><strong>Dealer&nbsp;&amp;&nbsp;distributor&nbsp;of&nbsp;enamelled&nbsp;copper&nbsp;winded&nbsp;wire,copper&nbsp;ropes,cooper&nbsp;strips&nbsp;,copper&nbsp;flats,submersible&nbsp;winding&nbsp;wire,enamelled&nbsp;Aluminium&nbsp;winding&nbsp;wire.</strong></p>",ms-akash-enterprises-electric-fittings-components-dhanbad,Premium Copper & Winding Wire Solutions for Electrical Excellence,"Dealer and distributor of enamelled copper wires, copper strips, copper flats, copper ropes, and winding wire solutions.","M/S AKASH ENTERPRISES is a trusted dealer and distributor of enamelled copper winding wires, copper ropes, copper strips, copper flats, submersible winding wires, and enamelled aluminium winding wires. We provide high-quality electrical conductors and winding materials for transformers, motors, pumps, generators, and industrial electrical applications.",To be a trusted supplier of quality copper and winding wire solutions.,Premium Quality Copper Products,"NA, NA, SHASTRI NAGAR EAST, DHOWATAND",Dhanbad ,Jharkhand,India,826001.0,
Reliable Electrical Conductivity,,,,,,,,,,,,,,,
Wide Product Range Available,,,,,,,,,,,,,,,
Industrial-Grade Materials,1,,,,,,,,,,,,,,
17C02AB4-CAB9-4CC6-9450-EF3A933DD2C2,BALAJI TRADERS,19437D1E-8B4E-4511-ADDA-2831844CCFD6,"<h2><strong><em>BALAJI TRADERS</em></strong></h2><p><strong><em>Wash Basins, Sanitaryware &amp; Fittings | Sanitary Ware</em></strong></p><p><br></p><p><strong><em>BALAJI TRADERS</em></strong><em> is a trusted supplier and distributor of premium-quality </em><strong><em>Wash Basins, Sanitaryware, Sanitary Ware, and Bathroom Fittings</em></strong><em>. We provide modern, durable, and stylish bathroom solutions for residential, commercial, and institutional projects.</em></p><p><br></p><h2><strong><em>Why Choose Us</em></strong></h2><p><em>✔ Premium Quality Products</em></p><p><em> ✔ Modern &amp; Elegant Designs</em></p><p><em> ✔ Water-Efficient Solutions</em></p><p><em> ✔ Durable &amp; Long-Lasting Finish</em></p><p><br></p><h2><strong><em>Quality Assurance</em></strong></h2><p><em>At </em><strong><em>BALAJI TRADERS</em></strong><em>, quality is our priority. We ensure:</em></p><p><em>High-grade ceramic and metal materials</em></p><p><em>Smooth finishing and precise fittings</em></p><p><em>Leak-proof and performance-tested products</em></p><p><br></p><h2><strong><em>Our Vision</em></strong></h2><p><em>To become a leading and trusted supplier of sanitaryware and bathroom fittings by delivering quality, innovation, and superior customer service.</em></p><p><br></p><p><em>With dedication to excellence and customer satisfaction, </em><strong><em>BALAJI TRADERS</em></strong><em> continues to provide reliable and stylish sanitary solutions that enhance comfort and elegance in every space.</em></p><p><br></p>",balaji-traders-kolkata,,,,,,"2ND FLOOR, F, 304/E/2, BAGMARI ROAD, BAGMARI",KOLKATA ,West Bengal,India,700054.0,
92530E89-1D9C-4D79-90FF-EF77CCCC8072,SHREE BALAJI,F7E0674A-E631-4B24-986B-30C9AD0DE753,"<h2><em>SHREE BALAJI</em></h2><h3><em>Office &amp; Commercial Furniture</em></h3><p><br></p><p><strong><em>SHREE BALAJI</em></strong><em> is a trusted manufacturer and supplier of premium </em><strong><em>Office &amp; Commercial Furniture</em></strong><em> designed to enhance productivity, comfort, and workplace aesthetics. We specialize in creating functional, durable, and modern furniture solutions for offices, institutions, corporate spaces, retail outlets, and commercial establishments.</em></p><p><br></p><h3><em>Smart Furniture for Smart Workspaces</em></h3><h3><br></h3><h2><em>Our Product Range</em></h2><p><em>We offer a comprehensive range of furniture solutions, including:</em></p><p><em>Office Tables &amp; Workstations</em></p><p><em>Executive &amp; Manager Tables</em></p><p><em>Conference Tables</em></p><p><br></p><h2><em>Why Choose Us</em></h2><p><em>✔ Premium Quality Materials</em></p><p><em> ✔ Modern &amp; Ergonomic Designs</em></p><p><em> ✔ Customization Available</em></p><p><br></p><h2><em>Quality Assurance</em></h2><p><em>At SHREE BALAJI, quality is our priority. We ensure:</em></p><p><em>Strong &amp; Sturdy Construction</em></p><p><em>Smooth Finishing &amp; Polishing</em></p><p><br></p><h2><em>Our Vision</em></h2><p><em>To become a leading and trusted brand in office and commercial furniture by delivering innovative, durable, and cost-effective workspace solutions.</em></p><p><br></p><p><em>SHREE BALAJI is committed to transforming workspaces with high-quality, stylish, and functional furniture. We aim to provide products that enhance productivity, comfort, and professionalism in every commercial environment.</em></p><p><br></p><h3><strong><em>""Designing Workspaces for Success.""</em></strong></h3><p><br></p><p><br></p>",shree-balaji-kolkata,,,,,,"0, P-44, RABINDRA SARANI, KOLKATA",KOLKATA,West Bengal,India,700001.0,
71515302-7F82-453F-A6D6-EFFE54D12CFC,LILANAND TILES CO,D0AF964D-936F-4297-8A4D-59B3F128E4AB,"<p><strong>LILANAND&nbsp;TILES&nbsp;CO&nbsp;is&nbsp;committed&nbsp;to&nbsp;enhancing&nbsp;spaces&nbsp;with&nbsp;beautiful,&nbsp;durable,&nbsp;and&nbsp;affordable&nbsp;tile&nbsp;solutions.&nbsp;With&nbsp;a&nbsp;strong&nbsp;product&nbsp;range&nbsp;and&nbsp;dedication&nbsp;to&nbsp;quality,&nbsp;we&nbsp;continue&nbsp;to&nbsp;serve&nbsp;our&nbsp;customers&nbsp;with&nbsp;trust&nbsp;and&nbsp;excellence.</strong></p>",lilanand-tiles-co-vitrifiedceramic-floor-wall-tiles-topsia-kolkata,Premium Vitrified & Ceramic Tiles for Elegant and Durable Spaces,"Trusted supplier of vitrified and ceramic tiles offering stylish, durable, and high-quality flooring and wall solutions.","LILANAND TILES CO is a verified supplier of premium vitrified and ceramic tiles for residential, commercial, and industrial projects. We offer modern designs, superior finishes, and durable tile solutions that combine aesthetics, functionality, and long-lasting performance for floors and walls.",To be a preferred destination for innovative and quality tile solutions.,Verified & Trusted Tile Supplier,"532/8, 328 DUMDUM PARK, SOUTH DUMDUM PARK",KOLKATA ,West Bengal,India,700055.0,Topsia 
Premium Quality Tile Collection,,,,,,,,,,,,,,,
Modern & Trendy Designs,,,,,,,,,,,,,,,
Wide Range of Sizes & Finishes,1,,,,,,,,,,,,,,
E4FAAD60-1F6B-483B-BD39-F0D160A6F9F2,PARAGON TAPES,0DFE2A57-F9E4-4B7A-BE6B-4D911CD37D6D,"<h2><strong><em>PARAGON TAPES</em></strong></h2><p><br></p><p><strong><em>PARAGON TAPES</em></strong><em> is a reliable manufacturer and supplier of premium </em><strong><em>Packaging Films &amp; Foils, Packaging Materials</em></strong><em>, delivering durable and cost-effective packaging solutions for various industries. We are committed to providing high-performance materials that ensure product protection, secure sealing, and efficient logistics handling.</em></p><p><br></p><h2><strong><em>Our Product Range</em></strong></h2><p><em>Packaging Tapes (BOPP, Self-Adhesive, Printed)</em></p><p><em>Stretch Films</em></p><p><em>Shrink Films</em></p><p><em>Aluminium Foils</em></p><p><em>Packaging Rolls</em></p><p><br></p><h2><strong><em>Why Choose PARAGON TAPES?</em></strong></h2><p><em>✔ High Adhesive Strength &amp; Durability</em></p><p><em> ✔ Quality-Tested Packaging Materials</em></p><p><em> ✔ Custom Printing &amp; Branding Options</em></p><p><em> ✔ Competitive Pricing</em></p><p><br></p><h2><strong><em>Quality Commitment</em></strong></h2><p><em>At PARAGON TAPES, all products undergo strict quality checks for thickness, adhesion strength, flexibility, and durability. We ensure consistent performance to support safe storage, transportation, and product integrity.</em></p><p><br></p><h2><strong><em>Our Vision</em></strong></h2><p><em>To become a preferred packaging partner by offering innovative, reliable, and cost-effective packaging solutions to businesses across industries.</em></p><p><br></p><h3><strong><em>PARAGON TAPES – Securing Your Products with Strength &amp; Trust.</em></strong></h3>",paragon-tapes-bengaluru,,,,,,"17E, KIADB INDUSTRIAL AREA, CHINTHAMANI ROAD, HOSKOTE, Bengaluru Urban",BENGALURU,Karnataka,India,562114.0,
E0FA3213-2A55-488B-AB13-F136842A5059,R.S.ENTERPRISES,23A29DFE-A5DF-422C-9585-C44883233EB1,"<h2><strong><em>R.S. ENTERPRISES</em></strong></h2><p><strong><em>Pumps, Submersible Pumps, Pumping Machines &amp; Spares</em></strong></p><p><br></p><p><strong><em>R.S. ENTERPRISES</em></strong><em> is a trusted supplier of high-performance </em><strong><em>Pumps, Submersible Pumps, Pumping Machines, and Pump Spares</em></strong><em>, delivering reliable water management and fluid handling solutions. With strong industry experience and a commitment to quality, we cater to agricultural, residential, commercial, and industrial sectors.</em></p><p><br></p><h2><strong><em>Product Range</em></strong></h2><p><em>We offer a comprehensive range of products including:</em></p><p><em>Submersible Pumps</em></p><p><em>Monoblock Pumps</em></p><p><em>Centrifugal Pumps</em></p><p><em>Borewell Pumps</em></p><p><em>Openwell Pumps</em></p><p><br></p><h2><strong><em>Why Choose Us</em></strong></h2><p><em>✔ High-Quality &amp; Durable Products</em></p><p><em> ✔ Energy-Efficient Pumping Solutions</em></p><p><em> ✔ Wide Range of Models &amp; Capacities</em></p><p><em> ✔ Competitive Pricing</em></p><p><br></p><h2><strong><em>Quality Assurance</em></strong></h2><p><em>At </em><strong><em>R.S. ENTERPRISES</em></strong><em>, quality and performance are our priorities. Our products undergo:</em></p><p><em>Performance and flow testing</em></p><p><em>Pressure and load testing</em></p><p><em>Durability checks</em></p><p><br></p><p><strong><em>R.S. ENTERPRISES</em></strong><em> continues to provide dependable pumping machines and spares that deliver efficiency and long-lasting performance. With a focus on quality, reliability, and service excellence, we remain a trusted partner for water and fluid management solutions.</em></p><p><br></p><h3><em>Powerful Performance. Reliable Flow. Trusted Quality.</em></h3>",r.s.enterprises-bowbazar-kolkata-kolkata,,,,,,"GROUND, 96, 40,STRAND ROAD, BURRABAZAR",KOLKATA,West Bengal,India,700001.0,Bowbazar kolkata 
D91E8920-1947-4320-89C7-F1AEA3C987F7,GANAPATI PLYWOOD,CB75BB67-B63F-4592-BDB6-3D904DCA3F86,"<h2><strong><em>GANAPATI PLYWOOD</em></strong></h2><p><br></p><p><strong><em>GANAPATI PLYWOOD</em></strong><em> is a reputed supplier and trader of premium </em><strong><em>Wood, Plywood, Veneer &amp; Laminates</em></strong><em>, catering to the diverse needs of furniture manufacturers, interior designers, contractors, and builders. We are committed to delivering high-quality panel products that ensure strength, durability, and superior finishing for residential and commercial projects.</em></p><p><br></p><h2><strong><em>Our Product Range</em></strong></h2><p><em>Commercial Plywood</em></p><p><em>Marine Plywood</em></p><p><em>Decorative Veneers</em></p><p><em>Laminates (Glossy, Matte &amp; Textured)</em></p><p><br></p><h2><strong><em>Why Choose GANAPATI PLYWOOD?</em></strong></h2><p><em>✔ Premium Grade Raw Materials</em></p><p><em> ✔ Wide Variety &amp; Stock Availability</em></p><p><em> ✔ Moisture-Resistant &amp; Durable Products</em></p><p><em>✔ Competitive Pricing</em></p><h3><br></h3><h2><strong><em>Quality Assurance</em></strong></h2><p><em>At GANAPATI PLYWOOD, we ensure that all products meet industry standards for strength, bonding quality, thickness accuracy, and finishing. Each batch is carefully inspected before dispatch to maintain consistent quality and customer satisfaction.</em></p><p><br></p><h3><em>Our Vision</em></h3><p><em>To be a trusted and leading name in the wood and plywood industry by offering quality materials, transparent dealings, and dependable service.</em></p><p><br></p><h4><strong><em>GANAPATI PLYWOOD – Building Strength, Enhancing Interiors.</em></strong></h4><p><br></p>",ganapati-plywood-kolkata,,,,,,"1, V.I.P. NAGAR, V.I.P. NAGAR",KOLKATA ,West Bengal,India,700100.0,
2191E9CB-B0D8-4743-B9EB-F3CA412ECD4A,JALAN INTERIORS,E99ECBB3-DBD8-4891-81EB-FBCBC0CDE99C,"<h2><strong><em>JALAN INTERIORS</em></strong></h2><p><br></p><p><strong><em>JALAN INTERIORS</em></strong><em> is a distinguished name in the field of </em><strong><em>Bedroom Furniture</em></strong><em>, dedicated to creating elegant, functional, and long-lasting furniture solutions. We combine modern design trends with superior craftsmanship to deliver bedroom spaces that reflect comfort, style, and sophistication.</em></p><p><br></p><h2><em>Our Product Range</em></h2><p><em>Designer Beds (King &amp; Queen Size)</em></p><p><em>Complete Bedroom Sets</em></p><p><em>Wardrobes &amp; Sliding Wardrobes</em></p><p><em>Bedside Tables</em></p><p><em>Dressing Tables</em></p><p><br></p><h2><em>Why Choose JALAN INTERIORS?</em></h2><p><em>✔ Premium Quality Materials</em></p><p><em> ✔ Elegant &amp; Contemporary Designs</em></p><p><em> ✔ Strong &amp; Durable Construction</em></p><p><em> ✔ Customization as per Client Requirement</em></p><p><em> ✔ Competitive Pricing</em></p><p><br></p><h2><em>Quality Commitment</em></h2><p><em>At JALAN INTERIORS, every product goes through strict quality checks to ensure superior finish, structural strength, and long-lasting performance. We focus on fine detailing, smooth finishing, and modern hardware fittings to provide the best value to our customers.</em></p><p><br></p><h2><em>Our Vision</em></h2><p><em>To be a trusted and preferred brand in bedroom furniture by delivering innovative designs, uncompromised quality, and exceptional customer satisfaction.</em></p><p><br></p><h3><strong><em>JALAN INTERIORS – Designing Comfort, Defining Style.</em></strong></h3><p><br></p>",jalan-interiors-kolkata,,,,,,"62E/52A, RAJA S.C. MULLICK ROAD, JADAVPUR, KOLKATA",KOLKATA,West Bengal,India,700092.0,
0C692738-D365-48BA-A018-F3D5DDA32759,Pizzicato Food Joints India,323D94C8-6A3B-4BA3-8513-EDEF23B3FCFA,"<p><strong>Pizzicato Food Joints India is a dynamic and quality-focused company specializing in Ready to Eat &amp; Instant Food Mixes, offering convenient, delicious, and hygienically prepared food solutions for modern lifestyles. We are committed to delivering products that combine authentic taste, nutrition, and convenience.</strong></p><p><br></p><h4><strong><em><u>Our Product Range</u></em></strong></h4><p><br></p><p><strong>We offer a wide range of food products, including:</strong></p><p>Ready-to-Eat Meals</p><p>Instant Food Mixes</p><p>Pasta &amp; Noodle Mixes</p><p>Pizza &amp; Fast Food Premixes</p><p><br></p><h4><strong><em><u>Why Choose Pizzicato Food Joints India?</u></em></strong></h4><p><br></p><p>✔ High-quality ingredients</p><p> ✔ Authentic taste and flavor</p><p> ✔ Hygienic processing standards</p><p><br></p><h4><strong><em><u>Quality Assurance</u></em></strong></h4><p><br></p><p><strong>At Pizzicato Food Joints India, quality and food safety are top priorities. Our quality control measures include:</strong></p><p>Careful selection of raw materials</p><p>Strict hygiene and sanitation practices</p><p>Quality testing at different production stages</p><p><br></p><h4><strong><em><u>Our Vision</u></em></strong></h4><p><br></p><p><strong>To become a leading name in the ready-to-eat and instant food industry by offering innovative, high-quality, and convenient food solutions.</strong></p><p><br></p><p><strong>With a commitment to taste, quality, and convenience, Pizzicato Food Joints India stands as a reliable partner in Ready to Eat &amp; Instant Food Mixes. We continue to serve delicious and easy-to-prepare food products that fit today’s busy lifestyles.</strong></p>",pizzicato-food-joints-india-karnal,,,,,,"11, CLUB MARKET, CLUB MARKET",KARNAL,Haryana,India,132001.0,
7AAAB743-FEFE-45E4-89AF-F3DB1550F718,SANICOS,A97F06C1-35AE-4A5F-A397-907ABBA91FC2,"<p><strong>SANICOS&nbsp;is&nbsp;a&nbsp;reputed&nbsp;name&nbsp;in&nbsp;the&nbsp;field&nbsp;of&nbsp;Granite,&nbsp;Marble,&nbsp;Sandstone&nbsp;&amp;&nbsp;Natural&nbsp;Stones,&nbsp;offering&nbsp;premium-quality&nbsp;stone&nbsp;solutions&nbsp;for&nbsp;residential,&nbsp;commercial,&nbsp;and&nbsp;architectural&nbsp;projects.&nbsp;With&nbsp;a&nbsp;strong&nbsp;commitment&nbsp;to&nbsp;quality,&nbsp;aesthetics,&nbsp;and&nbsp;durability,&nbsp;we&nbsp;provide&nbsp;natural&nbsp;stones&nbsp;that&nbsp;enhance&nbsp;the&nbsp;beauty&nbsp;and&nbsp;value&nbsp;of&nbsp;every&nbsp;space.</strong></p><h3></h3>",sanicos-granite-marble-sandstone-others-kolkata,Premium Natural Stone Solutions for Timeless Elegance & Durability,"Trusted supplier of granite, marble, sandstone, and natural stone products for residential and commercial projects.","SANICOS is a trusted supplier of premium granite, marble, sandstone, and natural stone products. We offer high-quality stone solutions for residential, commercial, and architectural projects, combining natural beauty, durability, and precision craftsmanship to create elegant and long-lasting spaces.",To be a leading provider of premium natural stone and surface solutions.,Premium Quality Natural Stones,"2, BRABOURNE ROAD, LALBAZAR",KOLKATA,West Bengal,India,700001.0,
Wide Range of Colors & Finishes,,,,,,,,,,,,,,,
Precision Cutting & Polishing,,,,,,,,,,,,,,,
Durable & Long-Lasting Materials,1,,,,,,,,,,,,,,
EB814B0E-C031-45EA-9278-F3F7665A12FE,Rinku Printers,98EFBB3E-9BD8-4C2C-A925-FEAD5436F558,"<p><strong>Rinku&nbsp;Printers&nbsp;stands&nbsp;as&nbsp;a&nbsp;dependable&nbsp;partner&nbsp;for&nbsp;Paper,&nbsp;Carton,&nbsp;Corrugated&nbsp;&amp;&nbsp;Packaging&nbsp;Boxes.&nbsp;We&nbsp;strive&nbsp;to&nbsp;provide&nbsp;packaging&nbsp;solutions&nbsp;that&nbsp;combine&nbsp;durability,&nbsp;functionality,&nbsp;and&nbsp;attractive&nbsp;design.</strong></p><p></p><p></p><p></p><h3></h3>",rinku-printers-paper-carton-corrugated-packaging-boxes-karnal,Smart Packaging Solutions with Quality Printing & Durable Box Manufacturing,"Manufacturer of corrugated boxes, carton boxes, printed packaging, and customized branding solutions.","Rinku Printers is a trusted manufacturer and supplier of corrugated boxes, carton boxes, duplex boxes, and customized packaging solutions. We combine quality printing, durable materials, and innovative designs to deliver packaging that protects products, enhances brand visibility, and supports diverse industrial and commercial requirements.",To be a preferred packaging partner delivering innovative and reliable solutions.,High-Quality Printing & Finishing,"PLOT NO. 215, SECTOR-3, KARNAL",KARNAL,Haryana,India,132001.0,
Custom Sizes & Designs Available,,,,,,,,,,,,,,,
Durable & Protective Packaging,,,,,,,,,,,,,,,
Competitive Pricing Structure,1,,,,,,,,,,,,,,
326D44CA-0758-45EA-A6B4-F4357B458041,Kalinga Electrical,15CE7751-584F-49ED-89A8-49E4FA56DAE9,"<p>We&nbsp;Kalinga&nbsp;Electrical&nbsp;is&nbsp;herewith&nbsp;to&nbsp;help&nbsp;our&nbsp;clients&nbsp;with&nbsp;complete&nbsp;hot&nbsp;water&nbsp;solution&nbsp;by&nbsp;providing&nbsp;Electric&nbsp;Geyser&nbsp;,&nbsp;Solar&nbsp;&amp;&nbsp;Heat&nbsp;pump&nbsp;.&nbsp;Along&nbsp;this&nbsp;deals&nbsp;with&nbsp;Air&nbsp;conditioning</p>",kalinga-electrical-electrical-electronic-connectors-near-old-station-square-bhubaneswar,Complete Hot Water & Air Conditioning Solutions for Modern Living,"Supplier of electric geysers, solar water heaters, heat pumps, and air conditioning solutions for residential and commercial needs.","Kalinga Electrical provides complete hot water and climate control solutions through electric geysers, solar water heaters, heat pumps, and air conditioning systems. We focus on delivering energy-efficient, reliable, and cost-effective products that enhance comfort for residential, commercial, and industrial applications.",To deliver sustainable hot water and cooling solutions for every customer.,Complete Hot Water Solutions,"PLOT No 564, Laxmi Sagar Road, Bhubaneswar",BHUBANESWAR,Odisha,India,751006.0,Near Old station square 
Energy-Efficient Products,,,,,,,,,,,,,,,
Reliable Heating & Cooling Systems,,,,,,,,,,,,,,,
Residential & Commercial Expertise,1,,,,,,,,,,,,,,
9DF13EAD-0DDF-4B2B-9E44-F442E0D63945,CHANNEY AUTO WORKS,06137175-1F9E-4F38-923C-3E11C3ABF6E7,"<p>Channey&nbsp;Auto&nbsp;Works&nbsp;is&nbsp;a&nbsp;name&nbsp;that&nbsp;is&nbsp;counted&nbsp;amidst&nbsp;the&nbsp;preeminent&nbsp;firms&nbsp;that&nbsp;are&nbsp;offering&nbsp;a&nbsp;wide&nbsp;variety&nbsp;of&nbsp;fine&nbsp;quality&nbsp;automotive&nbsp;lights.&nbsp;We&nbsp;are&nbsp;a&nbsp;notable&nbsp;manufacturer&nbsp;and&nbsp;supplier&nbsp;of&nbsp;automobile&nbsp;indicator&nbsp;lights,&nbsp;automotive&nbsp;hood&nbsp;lights,&nbsp;automotive&nbsp;roof&nbsp;lights,&nbsp;automotive&nbsp;side&nbsp;lights,&nbsp;back&nbsp;tail&nbsp;lights,&nbsp;bus&nbsp;tail&nbsp;lights,&nbsp;and&nbsp;bumper&nbsp;lights.&nbsp;These&nbsp;automotive&nbsp;lights&nbsp;are&nbsp;manufactured&nbsp;by&nbsp;using&nbsp;the&nbsp;high&nbsp;quality&nbsp;raw&nbsp;materials,&nbsp;which&nbsp;are&nbsp;procured&nbsp;directly&nbsp;from&nbsp;our&nbsp;associated&nbsp;vendors.</p>",channey-auto-works-automobile-fittings-components-new-delhi,,,,,,"Ground floor PKT-N-1 Sec-5, House No. 76, Banwana DSIDC CITY, New Delhi",NEW DELHI,Delhi,India,110039.0,
A6D035DE-FA11-4257-B649-F4E271AF0ED1,CM ENTERPRISES,00BF3EF8-DCA1-46B6-BF60-BB06BEBEB88B,"<h2><strong><em>CM ENTERPRISES</em></strong></h2><p><br></p><p><strong><em>CM ENTERPRISES</em></strong><em> is a trusted name in </em><strong><em>Real Estate Agents &amp; Consultants</em></strong><em>, specializing in </em><strong><em>Commercial Property Rental</em></strong><em> solutions. We provide professional property consultancy services to businesses, investors, and entrepreneurs seeking office spaces, retail outlets, warehouses, and other commercial properties.</em></p><p><br></p><h2><strong><em>Our Services</em></strong></h2><p><em>We offer a wide range of commercial real estate services, including:</em></p><p><strong><em>Office Space Leasing &amp; Rentals</em></strong></p><p><strong><em>Retail Shop &amp; Showroom Rentals</em></strong></p><p><strong><em>Warehouse &amp; Industrial Property Leasing</em></strong></p><p><strong><em>Corporate &amp; IT Park Space Consultancy</em></strong></p><p><br></p><h2><strong><em>Why Choose CM ENTERPRISES</em></strong></h2><p><em>✔ Strong local market expertise</em></p><p><em>✔ Verified property listings</em></p><p><em>✔ Transparent dealings</em></p><p><em>✔ Professional negotiation support</em></p><p><br></p><h2><strong><em>Our Commitment</em></strong></h2><p><em>At </em><strong><em>CM ENTERPRISES</em></strong><em>, we are committed to:</em></p><p><em>Providing accurate property information</em></p><p><em>Ensuring legal compliance and clear documentation</em></p><p><em>Offering strategic advice for profitable investments</em></p><p><br></p><p><strong><em>CM ENTERPRISES</em></strong><em> stands as a reliable partner for businesses seeking commercial property rental and real estate consultancy services. With market expertise and customer-centric solutions, we help clients find the right property that supports growth and success.</em></p><p><br></p><p><br></p><p><br></p><p><br></p>",cm-enterprises-hambran-road-ludhiana,,,,,,"KHASRA NO. 20//6/2-7/1-17-25-12/1-13-14, KHATA NO. 18/18, HAMBRAN  ROAD, VILLAGE JAINPUR, Ludhiana",LUDHIANA,Punjab,India,141011.0,HAMBRAN  ROAD
8D11338C-1334-4151-8A54-F4F2B4A73F3A,MISHRA FASTENER,BE2326EA-34B2-4B17-924B-4D23E9372721,"<h2><em>MISHRA FASTENER</em></h2><h3><em>Verified | Industrial &amp; Metal Fabrication</em></h3><p><br></p><p><strong><em>MISHRA FASTENER</em></strong><em> is a trusted and verified company engaged in manufacturing and supplying high-quality </em><strong><em>Industrial Fasteners &amp; Metal Fabrication Products</em></strong><em>. With strong industry expertise and a commitment to excellence, we provide durable, precision-engineered fastening and fabrication solutions for various industrial applications.</em></p><p><br></p><h3><em>Precision Fastening &amp; Fabrication Solutions</em></h3><p><br></p><h2><em>Our Product Range</em></h2><p><em>We offer a comprehensive range of products, including:</em></p><p><em>Hex Bolts &amp; Nuts</em></p><p><em>Anchor Fasteners</em></p><p><em>Industrial Screws</em></p><p><br></p><h2><em>Why Choose Us</em></h2><p>✔ High-Strength &amp; Durable Products</p><p> ✔ Precision Engineering</p><p> ✔ Industry Standard Manufacturing</p><p><br></p><h2><em>Quality Assurance</em></h2><p><em>Quality is the backbone of MISHRA FASTENER. Every product undergoes strict quality inspection and testing to ensure:</em></p><p><em>Accurate Dimensions</em></p><p><em>Corrosion Resistance</em></p><p><em>High Load-Bearing Capacity</em></p><p><br></p><h2><em>Our Vision</em></h2><p><em>To become a leading name in the industrial fastener and metal fabrication industry by delivering innovative, reliable, and cost-effective solutions to clients across India and beyond.</em></p><p><br></p><p><em>MISHRA FASTENER stands for strength, precision, and reliability. Our commitment to quality manufacturing, timely supply, and customer-focused service makes us a preferred partner in industrial fastening and fabrication solutions.</em></p><p><br></p><h3><strong><em>""Strength That Holds Everything Together.""</em></strong></h3><p><br></p><p><br></p>",mishra-fastener-barabajar-kolkata,,,,,,"36, NETAJI SUBHAS ROAD, KOLKATA",KOLKATA,West Bengal,India,700001.0,Barabajar 
2D17392A-B820-4CB4-9ADF-F5CA063EF476,A V TIMBER & PLYWOOD CENTRE,A7CC36F8-5411-40C1-A8EA-5EC8B1CA123F,"<h2><strong><em>A V TIMBER &amp; PLYWOOD CENTRE</em></strong></h2><h3><strong><em>Bamboo, Wooden &amp; Cane Furniture</em></strong></h3><p><br></p><p><strong><em>A V TIMBER &amp; PLYWOOD CENTRE</em></strong><em> is a trusted name in the field of </em><strong><em>Bamboo, Wooden, and Cane Furniture</em></strong><em>, delivering high-quality, durable, and aesthetically appealing furniture solutions. With a strong foundation in timber and plywood expertise, we combine traditional craftsmanship with modern design to create furniture that enhances both comfort and style.</em></p><p><br></p><h2><strong><em>Product Range</em></strong></h2><p><em>We offer a wide variety of furniture products, including:</em></p><p><em>Bamboo Chairs &amp; Tables</em></p><p><em>Wooden Sofas &amp; Dining Sets</em></p><p><em>Cane Lounge &amp; Relaxing Chairs</em></p><p><em>Wooden Beds &amp; Wardrobes</em></p><p><br></p><h2><strong><em>Why Choose Us</em></strong></h2><p><em>✔ Premium Quality Timber &amp; Materials</em></p><p><em> ✔ Skilled Craftsmanship</em></p><p><em> ✔ Durable &amp; Long-Lasting Products</em></p><p><em> ✔ Elegant &amp; Modern Designs</em></p><p><br></p><h2><strong><em>Quality Assurance</em></strong></h2><p><em>At </em><strong><em>A V TIMBER &amp; PLYWOOD CENTRE</em></strong><em>, quality is our priority. Our products undergo:</em></p><p><em>Raw material inspection</em></p><p><em>Strength and stability testing</em></p><p><em>Finishing and polishing checks</em></p><p><br></p><p><strong><em>A V TIMBER &amp; PLYWOOD CENTRE</em></strong><em> continues to provide premium bamboo, wooden, and cane furniture that reflects craftsmanship, durability, and timeless design. With dedication to quality and customer satisfaction, we bring lasting elegance to every space.</em></p><p><br></p><h3><strong><em>Crafted with Care. Built for Strength. Designed for Life.</em></strong></h3><p><br></p><p><br></p><p><br></p>",a-v-timber-&-plywood-centre-kolkata,,,,,,"151, RAJA RAMMOHAN ROY SARANI, KOLKATA",KOLKATA,West Bengal,India,700009.0,
14B75CA5-1518-4DB7-B95D-F6195DCCFFD5,METLRG SOLUTIONS,6009E681-B9B4-4C11-91C9-6E9C0519B9B3,"<h4><strong>Led&nbsp;by&nbsp;Mr.&nbsp;Samir&nbsp;Paul,&nbsp;who&nbsp;brings&nbsp;over&nbsp;15&nbsp;years&nbsp;of&nbsp;experience&nbsp;in&nbsp;the&nbsp;steel&nbsp;industry,&nbsp;all&nbsp;engineering&nbsp;and&nbsp;production&nbsp;activities&nbsp;are&nbsp;carried&nbsp;out&nbsp;under&nbsp;expert&nbsp;supervision.&nbsp;We&nbsp;are&nbsp;committed&nbsp;to&nbsp;delivering&nbsp;high-quality&nbsp;products&nbsp;at&nbsp;competitive&nbsp;prices,&nbsp;ensuring&nbsp;reliability,&nbsp;efficiency,&nbsp;and&nbsp;long-term&nbsp;value&nbsp;for&nbsp;our&nbsp;clients.</strong></h4>",metlrg-solutions-machines-equipments-barisha-purba-kolkata,Expertise in Bulk Material Handling Equipment & Industrial Fabrication,"Manufacturer of conveyors, bucket elevators, gates, and industrial material handling equipment for mining, steel, cement, and power industries.","METLRG SOLUTIONS is a Kolkata-based engineering and fabrication company specializing in bulk material handling equipment. We manufacture belt conveyors, bucket elevators, chain conveyors, screw conveyors, industrial gates, and conveyor spares, delivering reliable, customized, and standards-compliant solutions for industrial applications.",To be a trusted leader in material handling and industrial engineering solutions.,Expertise in Material Handling Systems,"199A, PRASANTA ROY ROAD, BARISHA PURBA, BEHALA",KOLKATA,West Bengal,India,700008.0,BARISHA PURBA
Precision-Engineered Equipment,,,,,,,,,,,,,,,
Customized Fabrication Solutions,,,,,,,,,,,,,,,
Industry Standard Compliance,1,,,,,,,,,,,,,,
DCB4E01A-3429-41AC-BB38-F657861BBCCF,Onika Organics,F038AABD-FC99-434D-A005-A38F6014D663,"<p><strong>Onika&nbsp;Organics&nbsp;is&nbsp;dedicated&nbsp;to&nbsp;supporting&nbsp;everyday&nbsp;healthcare&nbsp;needs&nbsp;with&nbsp;trusted&nbsp;medicines&nbsp;for&nbsp;common&nbsp;diseases.&nbsp;As&nbsp;we&nbsp;continue&nbsp;to&nbsp;strengthen&nbsp;our&nbsp;operations,&nbsp;our&nbsp;focus&nbsp;remains&nbsp;on&nbsp;quality,&nbsp;affordability,&nbsp;and&nbsp;customer&nbsp;well-being.</strong></p><p></p><p></p><p></p><p></p>",onika-organics-common-disease-medicines-karnal-industrial-area-karnal,"Safe, Effective & Affordable Healthcare Solutions for Everyday Wellness","Healthcare company focused on quality medicines for common diseases, delivering safe, effective, and affordable treatment solutions.","Onika Organics is a healthcare brand dedicated to providing safe, effective, and affordable medicines for common health conditions. With a focus on quality formulations, controlled manufacturing processes, and customer well-being, we offer reliable healthcare solutions that support everyday wellness and better health outcomes.",To improve everyday health through accessible and trusted healthcare solutions.,Safe & Effective Formulations,"FIRST FLOOR, 233C, Karnal Industrial Area, Unnamed Road, Karnal",KARNAL,Haryana,India,132001.0,Karnal Industrial Area
Affordable Healthcare Solutions,,,,,,,,,,,,,,,
Quality-Focused Manufacturing,,,,,,,,,,,,,,,
Reliable Treatment Options,1,,,,,,,,,,,,,,
3472570D-2233-4364-BCF1-F6A5D4952BDF,AMRIT INTERIO PRODUCTS PRIVATE LIMITED,9B70D24D-02F3-43D9-AFC5-0422518E6A79,"<h2><strong><em> AMRIT INTERIO PRODUCTS PRIVATE LIMITED</em></strong></h2><p><br></p><p><strong><em>AMRIT INTERIO PRODUCTS PRIVATE LIMITED</em></strong><em> is a leading manufacturer and supplier of premium </em><strong><em>Outdoor &amp; Garden Furniture</em></strong><em>, offering stylish, durable, and weather-resistant solutions for residential, commercial, and hospitality spaces. We specialize in creating outdoor furniture that combines comfort, functionality, and modern aesthetics to elevate open spaces.</em></p><p><br></p><h2><em>Our Product Range</em></h2><p><em>Outdoor Dining Sets</em></p><p><em>Garden Chairs &amp; Tables</em></p><p><em>Patio Furniture</em></p><p><em>Outdoor Sofas &amp; Loungers</em></p><p><em>Swing Chairs</em></p><p><br></p><h2><em>Why Choose AMRIT INTERIO PRODUCTS PRIVATE LIMITED?</em></h2><p><em>✔ Premium Weather-Resistant Materials</em></p><p><em> ✔ Modern &amp; Trendy Designs</em></p><p><em> ✔ Sturdy Construction &amp; Long Life</em></p><p><em> ✔ Customization Options Available</em></p><p><em> ✔ Competitive Pricing</em></p><p><br></p><h2><em>Quality Assurance</em></h2><p><em>We follow strict quality control measures at every stage of production — from raw material selection to final finishing. Our furniture is tested for durability, strength, weather resistance, and comfort to ensure complete customer satisfaction.</em></p><p><br></p><h2><em>Our Vision</em></h2><p><em>To become a trusted name in the outdoor furniture industry by delivering innovative designs, superior quality, and unmatched customer service.</em></p><p><br></p><h3><strong><em>AMRIT INTERIO PRODUCTS PRIVATE LIMITED – Enhancing Outdoor Living with Style &amp; Strength.</em></strong></h3><p><br></p>",amrit-interio-products-private-limited-kolkata,,,,,,"520, DUM DUM ROAD, DUM DUM",KOLKATA,West Bengal,India,700074.0,
A2CA0685-DD51-48A3-BE15-F7941CC09C11,Mihaana Personal and Skincare products,7D502AEA-8089-4A06-8EC6-83093D66F0A8,"<h3><strong>Mihaana&nbsp;is&nbsp;not&nbsp;just&nbsp;a&nbsp;product,&nbsp;it&#39;s&nbsp;another&nbsp;name&nbsp;for&nbsp;Love&nbsp;and&nbsp;Care,</strong></h3><p></p><p>Mihaana&nbsp;is&nbsp;started&nbsp;with&nbsp;an&nbsp;objective&nbsp;to&nbsp;give&nbsp;each&nbsp;generation&nbsp;from&nbsp;Newborn,&nbsp;growing&nbsp;kids,&nbsp;mothers,&nbsp;Women&nbsp;and&nbsp;Men’s&nbsp;a&nbsp;care&nbsp;that&nbsp;is&nbsp;important&nbsp;with&nbsp;changes&nbsp;in&nbsp;atmosphere,&nbsp;age,&nbsp;and&nbsp;time.&nbsp;Inspired&nbsp;by<strong>&nbsp;5000&nbsp;years&nbsp;old&nbsp;Ayurveda&nbsp;and&nbsp;powered&nbsp;by&nbsp;nature&nbsp;</strong>–&nbsp;a&nbsp;skincare&nbsp;and&nbsp;baby&nbsp;care&nbsp;product&nbsp;to&nbsp;give&nbsp;extra&nbsp;mild&nbsp;care,&nbsp;softness,&nbsp;gentleness,&nbsp;smoothness,&nbsp;and&nbsp;love&nbsp;as&nbsp;a&nbsp;mother&nbsp;with&nbsp;the&nbsp;right&nbsp;fusion&nbsp;of&nbsp;Ayurveda&nbsp;&amp;&nbsp;Nature.&nbsp;We&nbsp;started,&nbsp;analyzed,&nbsp;understood,&nbsp;and&nbsp;spent&nbsp;over&nbsp;1000&nbsp;hours&nbsp;with&nbsp;experts&nbsp;to&nbsp;bring.</p>",mihaana-personal-and-skincare-products-ayurvedic-herbal-products-medicine-karnal-industrial-area-karnal,Love from Mother Nature and Power of Ayurveda in India,"At Mihaana, we believe wellness is a daily ritual. Our products are inspired by time-honored Ayurvedic wisdom and made using carefully selected natural ingredients to nurture hair, skin, body, and mind—gently and effectively.",Mihaana - A Love from Ayurveda and Mother Nature.,,,"Right Corner office, Plot no. 369, Karnal Industrial Area, HSIIDC, Sector 3 extension phase III, Karnal",Karnal,Haryana,India,132001.0,Karnal Industrial Area
"Mihaana is started with an objective to give each generation from Newborn, growing kids, mothers, Women and Men’s a care that is important with changes in atmosphere, age, and time. Inspired by 5000 years old Ayurveda and powered by nature – a skincare and baby care product to give extra mild care, softness, gentleness, smoothness, and love as a mother with the right fusion of Ayurveda & Nature.",,,,,,,,,,,,,,,
,,,,,,,,,,,,,,,
"We started, analyzed, understood, and spent over 1000 hours with experts to bring Mihaana to the world.","A unified destination for personal and skincare products, powered by the timeless wisdom of Ayurveda and the pure goodness of nature. Our formulations blend ancient herbal science with modern care to nourish, protect, and rejuvenate your skin naturally.",1,,,,,,,,,,,,,
A8F6EA83-6254-49B6-A201-F835A51FC58C,MABREY HEALTHCARE,F038AABD-FC99-434D-A005-A38F6014D663,"<h1><em><u>MABREY HEALTHCARE</u></em></h1><p><br></p><p><strong>MABREY HEALTHCARE is a trusted and growing name in the<u> pharmaceutical industry</u>, committed to <u>delivering high-quality</u>, safe, and <u>affordable medicines</u> for the treatment of common diseases. As a verified healthcare company, we focus on improving lives by ensuring reliable access to essential medicines across communities.</strong></p><p><br></p><h3><strong><em><u>Our Product Range</u></em></strong></h3><p><strong>MABREY HEALTHCARE offers a comprehensive portfolio of pharmaceutical products, including:</strong></p><p><strong>Tablets</strong></p><p><strong>Capsules</strong></p><p><strong>Syrups &amp; Suspensions</strong></p><p><strong>Injections</strong></p><p><strong>Dry Syrups</strong></p><p><br></p><h3><strong><em><u>Our Strengths:</u></em></strong></h3><p><strong>✔ High-quality and affordable medicines</strong></p><p><strong> ✔ Focus on common disease treatment solutions</strong></p><p><strong> ✔ WHO-GMP compliant manufacturing</strong></p><p><strong> ✔ Ethical business practices</strong></p><p><br></p><h3><strong><em><u>Common Disease Medicines</u></em></strong></h3><p><strong>We provide medicines for the treatment and management of common health conditions such as:</strong></p><p><strong>Fever &amp; Pain Relief</strong></p><p><strong>Cold &amp; Cough</strong></p><p><strong>Bacterial &amp; Fungal Infections</strong></p><p><strong>Gastrointestinal Disorders</strong></p><p><br></p><h3><strong><em><u>Quality Assurance</u></em></strong></h3><p><strong><u>Quality is the backbone of MABREY HEALTHCARE</u>. We strictly adhere to GMP guidelines and follow rigorous quality control procedures at every stage of production.</strong></p><p><br></p><p><br></p><p><br></p><p><br></p>",mabrey-healthcare-geeta-colony-kurukshetra,,,,,,"876, 2nd FLOOR, GEETA COLONY, Kurukshetra Junction Railway Station, Railway Road, Kurukshetra",KURUKSHETRA,Haryana,India,136118.0,GEETA COLONY
6BDF61CC-52AD-4C16-BA2A-F943DC22F465,ASIAN WOOD INDUSTRY,A7CC36F8-5411-40C1-A8EA-5EC8B1CA123F,"<p><strong>ASIAN&nbsp;WOOD&nbsp;INDUSTRY&nbsp;is&nbsp;a&nbsp;trusted&nbsp;manufacturer&nbsp;and&nbsp;supplier&nbsp;of&nbsp;premium-quality&nbsp;Bamboo,&nbsp;Wooden&nbsp;&amp;&nbsp;Cane&nbsp;Furniture,&nbsp;offering&nbsp;beautifully&nbsp;crafted&nbsp;furniture&nbsp;solutions&nbsp;for&nbsp;residential&nbsp;and&nbsp;commercial&nbsp;spaces.&nbsp;With&nbsp;a&nbsp;strong&nbsp;focus&nbsp;on&nbsp;craftsmanship,&nbsp;durability,&nbsp;and&nbsp;aesthetic&nbsp;appeal,&nbsp;we&nbsp;blend&nbsp;traditional&nbsp;artistry&nbsp;with&nbsp;modern&nbsp;designs&nbsp;to&nbsp;create&nbsp;furniture&nbsp;that&nbsp;enhances&nbsp;every&nbsp;environment.</strong></p><p></p><h4></h4><h3></h3>",asian-wood-industry-bamboo-wooden-cane-furniture-kolkata,"Crafting Elegant Bamboo, Wooden & Cane Furniture with Timeless Quality","Manufacturer and supplier of premium bamboo, wooden, and cane furniture for homes, offices, and commercial spaces.","ASIAN WOOD INDUSTRY specializes in manufacturing and supplying premium bamboo, wooden, and cane furniture. Combining skilled craftsmanship with quality materials, we create durable, stylish, and functional furniture solutions that enhance residential, hospitality, and commercial interiors with comfort and elegance.","To be a leading furniture brand known for craftsmanship, quality, and innovation.",Premium Quality Raw Materials,"NA, MOHISPOTA ROAD, NATUN RASTA, NATAGARH, KOLKATA",KOLKATA,West Bengal,India,700113.0,
Skilled Craftsmanship,,,,,,,,,,,,,,,
Elegant & Functional Designs,,,,,,,,,,,,,,,
Custom Furniture Solutions,1,,,,,,,,,,,,,,
5DAE9B12-CAE7-4C71-996C-F95889A55818,BATH SANITATION,19437D1E-8B4E-4511-ADDA-2831844CCFD6,"<p><strong>BATH&nbsp;SANITATION&nbsp;stands&nbsp;for&nbsp;quality,&nbsp;elegance,&nbsp;and&nbsp;reliability.&nbsp;With&nbsp;our&nbsp;comprehensive&nbsp;range&nbsp;of&nbsp;wash&nbsp;basins&nbsp;and&nbsp;sanitary&nbsp;fittings,&nbsp;we&nbsp;continue&nbsp;to&nbsp;transform&nbsp;bathroom&nbsp;spaces&nbsp;with&nbsp;products&nbsp;that&nbsp;combine&nbsp;design&nbsp;excellence&nbsp;and&nbsp;superior&nbsp;performance.</strong></p><p></p><h3></h3>",bath-sanitation-wash-basins-sanitaryware-fittings-bow-bazar-kolkata,Premium Sanitaryware & Bathroom Solutions for Elegant Modern Spaces,"Trusted supplier of designer wash basins, sanitaryware, water closets, and premium bathroom fittings.","BATH SANITATION is a reliable supplier of premium wash basins, sanitaryware, water closets, and bathroom fittings. We offer stylish, durable, and water-resistant products that combine modern design with superior functionality, helping create elegant and comfortable bathroom spaces for residential and commercial projects.","To redefine bathroom spaces through quality, innovation, and elegant design.",Premium Quality Bathroom Products,"11, Bow Bazar, Jadunath Dey Road, Kolkata",KOLKATA,West Bengal,India,700012.0,Bow Bazar
Contemporary & Elegant Designs,,,,,,,,,,,,,,,
Durable & Water-Resistant Materials,,,,,,,,,,,,,,,
Easy Installation & Maintenance,1,,,,,,,,,,,,,,
9B911027-ECB9-4C6B-9434-F9CDF3EDA1BB,TILES TOWN,DF1E923B-44B1-46C6-83CC-67FB8212BFF4,"<h2><strong><em>TILES TOWN</em></strong></h2><p><strong><em>Stone Tiles &amp; Floorings | Granite Tiles</em></strong></p><p><br></p><p><strong><em>TILES TOWN</em></strong><em> is a trusted supplier of premium-quality </em><strong><em>Stone Tiles, Floorings, and Granite Tiles</em></strong><em>, offering elegant and durable surface solutions for residential and commercial spaces. We combine style, strength, and superior finishing to enhance interiors and exteriors with lasting beauty.</em></p><p><br></p><h2><strong><em>Our Product Range</em></strong></h2><p><em>We offer a wide variety of:</em></p><p><em>Natural Stone Tiles</em></p><p><em>Granite Tiles</em></p><p><em>Polished &amp; Matt Finish Tiles</em></p><p><br></p><p><br></p><h2><strong><em>Why Choose TILES TOWN</em></strong></h2><p><em>✔ Wide Variety of Designs &amp; Textures</em></p><p><em> ✔ Quality-Assured Materials</em></p><p><em> ✔ Competitive Pricing</em></p><p><em> ✔ Bulk Supply Capability</em></p><p><br></p><h2><strong><em>Our Vision</em></strong></h2><p><em>To provide premium stone and granite flooring solutions that combine aesthetics with long-lasting performance.</em></p><p><br></p><p><em>At </em><strong><em>TILES TOWN</em></strong><em>, we deliver stylish and durable </em><strong><em>Stone Tiles &amp; Granite Flooring Solutions</em></strong><em> that transform spaces with elegance and strength.</em></p><p><br></p><h3><strong><em>Strong Foundations. Stylish Spaces. Superior Quality.</em></strong></h3><p><br></p>",tiles-town-kolkata,,,,,,"SULONGURI COLONY, GOURANGANAGAR, NEW TOWN",KOLKATA,West Bengal,India,700162.0,
BE65477A-7FF4-4C03-97DE-FA4B3EF93B29,COMFORT  SEATINGS,E99ECBB3-DBD8-4891-81EB-FBCBC0CDE99C,"<h2><strong><em>COMFORT SEATINGS</em></strong></h2><p><strong><em>Bedroom Furniture</em></strong></p><p><br></p><p><strong><em>COMFORT SEATINGS</em></strong><em> is a trusted name in the world of </em><strong><em>Bedroom Furniture</em></strong><em>, dedicated to creating stylish, durable, and comfortable furniture solutions that transform bedrooms into relaxing personal spaces. With a focus on quality craftsmanship and modern design, we offer furniture that perfectly blends aesthetics with functionality.</em></p><p><br></p><h2><strong><em>Product Range</em></strong></h2><p><em>We offer a wide range of bedroom furniture including:</em></p><p><em>Wooden &amp; Upholstered Beds</em></p><p><em>Bed Frames &amp; Headboards</em></p><p><em>Wardrobes &amp; Closets</em></p><p><em>Bedside Tables</em></p><p><br></p><h2><strong><em>Why Choose Us</em></strong></h2><p><em>✔ Premium Quality Materials</em></p><p><em> ✔ Modern &amp; Elegant Designs</em></p><p><em> ✔ Durable &amp; Long-Lasting Products</em></p><p><em> ✔ Customization Options Available</em></p><h3><br></h3><h2><strong><em>Quality Assurance</em></strong></h2><p><em>At </em><strong><em>COMFORT SEATINGS</em></strong><em>, quality is our priority. Our furniture undergoes:</em></p><p><em>Material quality inspection</em></p><p><em>Strength and durability testing</em></p><p><br></p><p><strong><em>COMFORT SEATINGS</em></strong><em> is committed to delivering bedroom furniture that combines comfort, elegance, and reliability. With a passion for craftsmanship and design, we continue to create spaces where comfort truly meets style.</em></p><p><br></p><h3><em>Designed for Comfort. Crafted for Life.</em></h3><p><br></p>",comfort-seatings-kolkata,,,,,,"125A, LENIN SARANI, KOLKATA",KOLKATA,West Bengal,India,700013.0,
2EE37A68-5A1B-487F-8EB9-FA7C5B93BEBB,MOHINI TELECOM,1578F70E-B915-4C1B-976C-59641A0944D2,<p><strong>Distributer&nbsp;&amp;Wholeseller&nbsp;of&nbsp;All&nbsp;Mobile&nbsp;Accerasires&nbsp;Brands&nbsp;&amp;IT&nbsp;Accerasires&nbsp;Brands&nbsp;&amp;&nbsp;Security&nbsp;&amp;Soft&nbsp;ware&nbsp;Devices.&nbsp;</strong></p>,mohini-telecom-mobile-phone-accessories-khidirpur-kolkata-kolkata,"Empowering Digital Connectivity: Wholesale IT, Mobile & Security Solutions.","A leading distributor and wholesaler of premium mobile accessories, IT peripherals, and advanced security & software systems, serving retailers and business partners.","TechSphere Solutions is a premier B2B distributor specializing in the comprehensive supply of high-demand electronic goods. We bridge the gap between global manufacturers and local businesses by providing an extensive catalog of mobile accessories, IT hardware, and state-of-the-art security and software devices. With a commitment to reliability, competitive bulk pricing, and seamless supply chain management, we are your trusted partner for all modern technology infrastructure needs.","To be the foremost provider of integrated digital hardware, fostering growth and connectivity for businesses through superior product availability and exceptional service.","Massive Inventory: Wide-ranging portfolio of Mobile, IT, and Security hardware.","2ND FLOOR, 78/3/A, Khidirpur, Kidderpore Fancy Market, MONOSHATOLLA LANE, Kolkata",KOLKATA,West Bengal,India,700023.0,Khidirpur Kolkata 
Competitive Pricing: Optimized B2B wholesale rates for maximum retailer margins.,,,,,,,,,,,,,,,
Reliable Sourcing: Genuine products from trusted global brands.,,,,,,,,,,,,,,,
Scalable Supply: Efficient bulk fulfillment for businesses of all sizes.,1,,,,,,,,,,,,,,
C08C18C8-3F5D-4721-A098-FADB86A78B15,SHREE GANESH TIMBER CO,A7CC36F8-5411-40C1-A8EA-5EC8B1CA123F,"<h2><strong><em>SHREE GANESH TIMBER CO.</em></strong></h2><p><strong><em>Bamboo, Wooden &amp; Cane Furniture</em></strong></p><h2><br></h2><p><strong><em>SHREE GANESH TIMBER CO.</em></strong><em> is a trusted name in the field of </em><strong><em>Bamboo, Wooden, and Cane Furniture</em></strong><em>, offering beautifully crafted and durable furniture solutions for homes, offices, and commercial spaces. With a strong focus on quality craftsmanship and natural materials, we create furniture that blends traditional elegance with modern comfort.</em></p><p><br></p><h2><strong><em>Product Range</em></strong></h2><p><em>We offer a wide variety of furniture products, including:</em></p><p><em>Bamboo Chairs &amp; Tables</em></p><p><em>Wooden Sofas &amp; Dining Sets</em></p><p><em>Cane Chairs &amp; Lounge Sets</em></p><p><em>Wooden Beds &amp; Wardrobes</em></p><p><br></p><h2><strong><em>Why Choose Us</em></strong></h2><p><em>✔ Premium Natural Materials</em></p><p><em> ✔ Skilled Craftsmanship</em></p><p><em> ✔ Durable &amp; Long-Lasting Products</em></p><p><em> ✔ Elegant &amp; Timeless Designs</em></p><p><br></p><h2><strong><em>Quality Assurance</em></strong></h2><p><em>At </em><strong><em>SHREE GANESH TIMBER CO.</em></strong><em>, quality is our priority. Our products undergo:</em></p><p><em>Material selection inspection</em></p><p><em>Strength and stability testing</em></p><p><br></p><p><strong><em>SHREE GANESH TIMBER CO.</em></strong><em> continues to deliver premium bamboo, wooden, and cane furniture that reflects craftsmanship, durability, and style. With a passion for natural materials and fine detailing, we bring warmth and elegance to every space.</em></p><p><br></p><h3><em>Crafted with Nature. Built with Strength. Designed for Comfort.</em></h3><p><br></p><p><br></p><h3><br></h3>",shree-ganesh-timber-co-kolkata,,,,,,"65/1, MAHARSHI DEBENDRA ROAD, KOLKATA",KOLKATA,West Bengal,India,700006.0,
5CDCADCD-660E-4E24-950B-FB455DE03A89,JAIN MARBLE CENTRE,D0AF964D-936F-4297-8A4D-59B3F128E4AB,"<h3><strong>&quot;Jain&nbsp;Marble&nbsp;Centre&quot;</strong>&nbsp;is&nbsp;One&nbsp;Stop&nbsp;Solution&nbsp;for&nbsp;Quality,&nbsp;Durability&nbsp;and&nbsp;Best&nbsp;in&nbsp;Class&nbsp;Products.</h3><p></p><p></p>",jain-marble-centre-vitrifiedceramic-floor-wall-tiles-near-tea-board-kolkata,"Your Dream, Our Way – Premium Marble, Granite & Tile Solutions","One-stop destination for marble, granite, ceramic tiles, porcelain tiles, and decorative stone solutions for every space.","Jain Marble Centre is a trusted supplier of premium marble, granite, ceramic tiles, porcelain tiles, and natural stone products. We offer a wide range of quality materials for flooring, walls, kitchens, bathrooms, and outdoor spaces, delivering durability, elegance, and exceptional value for residential and commercial projects.",To create beautiful spaces with premium stone and tile solutions.,One-Stop Marble & Tile Destination,"62, HEM8/2 B.B.D Bag(East) kolkata 700001",KOLKATA,West Bengal,India,700001.0,Near tea board
Premium Quality Materials,,,,,,,,,,,,,,,
Wide Variety of Designs & Finishes,,,,,,,,,,,,,,,
Durable & Long-Lasting Products,1,,,,,,,,,,,,,,
7B7B2AFB-28D6-4717-BA99-FBCBD1451EE7,M/S. SWASTIK STEEL FURNITURE,F7E0674A-E631-4B24-986B-30C9AD0DE753,<p><strong>Deals in Slotted Angle Rack &amp; Display Rack office &amp; Domestic furniture.</strong></p>,m/s.-swastik-steel-furniture-kolkata,,,,,,"4, SUNYAT SEN STREET, KOLKATA",KOLKATA,West Bengal,India,700012.0,
033184E6-362F-46BE-AE49-FC7F8CF06B32,M/S RAJA TIMBER,CB75BB67-B63F-4592-BDB6-3D904DCA3F86,"<h2><em>M/S RAJA TIMBER</em></h2><p><br></p><p><strong><em>M/S RAJA TIMBER</em></strong><em> is a trusted name in the industry, specializing in </em><strong><em>Wood, Plywood, Veneer &amp; Laminates</em></strong><em>. With years of experience and a strong market presence, we are committed to supplying high-quality timber and panel products that meet the diverse needs of furniture manufacturers, interior designers, contractors, and builders.</em></p><p><br></p><h2><em>Our Product Range</em></h2><p><em>Natural Timber &amp; Wood</em></p><p><em>Commercial &amp; Marine Plywood</em></p><p><em>Decorative Veneers</em></p><p><em>Laminates (Glossy, Matte &amp; Textured)</em></p><p><br></p><p><br></p><h2><em>Why Choose M/S RAJA TIMBER?</em></h2><p><em>✔ Premium Grade Materials</em></p><p><em> ✔ Wide Variety &amp; Ready Stock Availability</em></p><p><em> ✔ Competitive Pricing</em></p><p><em> ✔ Trusted Supplier Network</em></p><p><br></p><h2><em>Quality Assurance</em></h2><p><em>At M/S RAJA TIMBER, we ensure that every product meets industry standards for durability, moisture resistance, and finishing quality. Our team carefully inspects materials before dispatch to maintain consistent excellence and customer satisfaction.</em></p><p><br></p><h2><em>Our Vision</em></h2><p><em>To be a leading supplier in the wood and panel industry by providing superior products, transparent dealings, and long-term business relationships.</em></p><p><br></p><h3><strong><em>M/S RAJA TIMBER – Strengthening Structures, Enhancing Interiors.</em></strong></h3><p><br></p>",m/s-raja-timber-serampore,,,,,,"46/3, Bhagirathi Lane, Serampore",SERAMPORE,West Bengal,India,712201.0,
D779E323-83C0-4CCF-843F-FD17E3967DAC,SHREE LAXMI TRADING & CO.,F7E0674A-E631-4B24-986B-30C9AD0DE753,"<p><strong>SHREE&nbsp;LAXMI&nbsp;TRADING&nbsp;&amp;&nbsp;CO.&nbsp;stands&nbsp;for&nbsp;professionalism,&nbsp;quality,&nbsp;and&nbsp;reliability.&nbsp;With&nbsp;our&nbsp;comprehensive&nbsp;range&nbsp;of&nbsp;office&nbsp;and&nbsp;commercial&nbsp;furniture,&nbsp;we&nbsp;continue&nbsp;to&nbsp;support&nbsp;businesses&nbsp;in&nbsp;creating&nbsp;productive&nbsp;and&nbsp;aesthetically&nbsp;pleasing&nbsp;work&nbsp;environments.</strong></p><p></p><p></p><h3></h3>",shree-laxmi-trading-co-office-commercial-furniture-opposite-of-calcutta-book-house-kolkata,Modern Office Furniture Solutions Designed for Productivity & Comfort,"Trusted supplier of office tables, workstations, chairs, conference tables, and commercial furniture solutions.","SHREE LAXMI TRADING & CO. is a reliable supplier of office and commercial furniture, offering modern workstations, executive chairs, office seating, and conference tables. Our furniture combines durability, ergonomics, and professional aesthetics to create productive, comfortable, and efficient workplace environments.",To create inspiring workspaces through innovative and quality furniture solutions.,Modern & Professional Designs,"WARD NO- 40, STALL NO- 22, COLLEGE STREET, COLLEGE SQUAR",KOLKATA,West Bengal,India,700073.0,Opposite of Calcutta Book House
Durable & High-Quality Materials,,,,,,,,,,,,,,,
Ergonomic Seating Solutions,,,,,,,,,,,,,,,
Customized Furniture Options,1,,,,,,,,,,,,,,
48B6B2F8-AD56-4293-8E16-FD3AA9402B6F,Test Business,9B70D24D-02F3-43D9-AFC5-0422518E6A79,This is a description,test-business-hambran-road-ludhiana,,,,,,"KHASRA NO. 20//6/2-7/1-17-25-12/1-13-14, KHATA NO. 18/18, HAMBRAN  ROAD, VILLAGE JAINPUR, Ludhiana",LUDHIANA,Punjab,India,141011.0,HAMBRAN  ROAD
EFAE0D6B-84E0-464A-A603-FD4B65DDFE61,KAILASH CHANDRA DUTTA & SONS,8E2D39ED-B062-4A51-BCEE-5E57001026AD,"<h2><strong><em>KAILASH CHANDRA DUTTA &amp; SONS</em></strong></h2><p><strong><em>Trusted Name in Adhesives, Glue &amp; Sealant Solutions</em></strong></p><p><br></p><p><em>KAILASH CHANDRA DUTTA &amp; SONS is a reputed and trusted supplier of premium-quality Adhesives, Glue, and Sealants, serving diverse industrial and commercial sectors. With years of experience and strong market understanding, we specialize in delivering reliable bonding and sealing solutions that meet modern construction, woodworking, packaging, automotive, and interior needs.</em></p><p><br></p><h2><strong><em>Our Product Range</em></strong></h2><p><em>We offer a comprehensive range of adhesive and sealing solutions:</em></p><p><em>Industrial Adhesives</em></p><p><em>Synthetic &amp; Rubber-Based Adhesives</em></p><p><em>Wood &amp; Furniture Adhesives</em></p><p><br></p><h2><strong><em>Why Choose Us</em></strong></h2><p><em>✔ High-Quality &amp; Reliable Products</em></p><p><em> ✔ Competitive Pricing</em></p><p><em> ✔ Timely Delivery</em></p><p><br></p><h2><strong><em>Quality Assurance</em></strong></h2><p><em>At </em><strong><em>KAILASH CHANDRA DUTTA &amp; SONS</em></strong><em>, quality is our top priority. We ensure:</em></p><p><em>Sourcing from certified and trusted manufacturers</em></p><p><em>Strict quality checks before dispatch</em></p><p><br></p><p><em>With dedication, expertise, and a commitment to excellence, </em><strong><em>KAILASH CHANDRA DUTTA &amp; SONS</em></strong><em> continues to strengthen its position as a reliable partner for all adhesive and sealing requirements. We strive to deliver products that bond with strength and seal with perfection.</em></p><p><br></p><h3><strong>“Strong Bonds. Lasting Trust.”</strong></h3><p><br></p><p><br></p><p><br></p>",kailash-chandra-dutta-&-sons-barabazar-kolkata,,,,,,"N.A, 22, BONFEILD LANE, KOLKATA",KOLKATA,West Bengal,India,700001.0,Barabazar 
90F9A351-381C-4B99-A943-FD91A9B40AA4,SAR RENOVER PRIVATE LIMITED,19437D1E-8B4E-4511-ADDA-2831844CCFD6,"<h2><strong><em>SAR RENOVER PRIVATE LIMITED</em></strong></h2><p><strong>Wash Basins, Sanitaryware &amp; Fittings</strong></p><p><br></p><p><strong><em>SAR RENOVER PRIVATE LIMITED</em></strong><em> is a trusted name in the field of </em><strong><em>Wash Basins, Sanitaryware, and Bathroom Fittings</em></strong><em>, offering stylish, durable, and high-quality products for residential and commercial spaces. We specialize in providing modern bathroom solutions that combine functionality, aesthetics, and long-lasting performance.</em></p><p><br></p><h2><strong><em>Our Product Range</em></strong></h2><h3>🔹 <em>Wash Basins</em></h3><p><em>Counter Top Wash Basins</em></p><p><em>Wall Hung Basins</em></p><h3>🔹<em> Sanitaryware</em></h3><p><em>Water Closets (WC)</em></p><p><em>One-Piece Toilets</em></p><h3>🔹 <em>Bathroom Fittings</em></h3><p><em>Taps &amp; Faucets</em></p><p><em>Shower Systems</em></p><p><br></p><h2><strong><em>Why Choose Us</em></strong></h2><p><em>✔ Premium Quality Materials</em></p><p><em> ✔ Modern &amp; Elegant Designs</em></p><p><em> ✔ Water-Efficient Products</em></p><p><br></p><h2><strong><em>Quality Assurance</em></strong></h2><p><em>At </em><strong><em>SAR RENOVER PRIVATE LIMITED</em></strong><em>, quality is our top priority. We ensure:</em></p><p><em>High-grade ceramic and metal materials</em></p><p><em>Advanced manufacturing processes</em></p><p><br></p><h2><strong><em>Our Vision</em></strong></h2><p><em>To become a leading and innovative sanitaryware brand known for quality excellence, modern designs, and customer satisfaction.</em></p><p><br></p><p><em>With dedication to quality, design, and innovation, </em><strong><em>SAR RENOVER PRIVATE LIMITED</em></strong><em> continues to provide premium sanitaryware and bathroom fittings that transform everyday spaces into elegant and comfortable environments.</em></p><p><br></p><p><br></p><p><br></p><p><br></p><p><br></p>",sar-renover-private-limited-kolkata,,,,,,"4THFLOOR, UNIT NO. -404B, ATGHORA,RAJARHAT, KOLKATA",KOLKATA,West Bengal,India,700136.0,
A7B48AA5-C7DA-44B3-8E11-FE16A3A3246D,KIMTI ENTERPRISES,A136D8D5-EE80-40B0-8019-AB7C494E0D81,"<p><strong><em><u>With&nbsp;dedication,&nbsp;integrity,&nbsp;and&nbsp;a&nbsp;strong&nbsp;focus&nbsp;on&nbsp;customer&nbsp;satisfaction,&nbsp;KIMTI&nbsp;ENTERPRISES&nbsp;continues&nbsp;to&nbsp;serve&nbsp;the&nbsp;electronics&nbsp;industry&nbsp;with&nbsp;reliable&nbsp;passive&nbsp;components&nbsp;that&nbsp;power&nbsp;innovation&nbsp;and&nbsp;efficiency.</u></em></strong></p><p></p><h3><strong><em>“Powering&nbsp;Circuits&nbsp;with&nbsp;Precision.”</em></strong></h3><p></p>",kimti-enterprises-resistors-other-passive-devices-new-delhi,Reliable Source for Passive Electronic Components,"Operating since 1991, KIMTI ENTERPRISES is a prominent importer of Resistors, Capacitors and Passive Electronic components based in Delhi/ NCR.","KIMTI ENTERPRISES is a trusted supplier and distributor of high-quality Resistors, Electrolytic Capacitors, and other Passive Electronic Components. We cater to the growing needs of the electronics industry by offering reliable, durable, and performance-driven components suitable for various applications. A trusted networking partner on BONC Network","To become a leading and dependable supplier of passive electronic components by delivering quality products, building strong partnerships, and contributing to technological growth.",,"967-A, DIWAN HALL ROAD, OLD LAJPAT RAI MARKET, CHANDNI CHOWK",NEW DELHI,Delhi,India,110006.0,
,✔ Genuine & Tested Components,,,,,,,,,,,,,,
✔ Wide Stock Availability,,,,,,,,,,,,,,,
✔ Competitive Pricing,1,,,,,,,,,,,,,,
098EE1D0-13D1-4BFE-B91D-FF859F5DD98A,PARK PLYWOOD PALACE,CB75BB67-B63F-4592-BDB6-3D904DCA3F86,"<p><strong>PARK PLYWOOD PALACE is a trusted and reputed name in the field of Wood, Plywood, Veneer &amp; Laminates. With a strong commitment to quality, durability, and customer satisfaction, we have established ourselves as a reliable supplier for residential, commercial, and industrial projects. Our focus is to provide premium-grade materials that enhance the strength, beauty, and longevity of every space.</strong></p><p><br></p><h4><strong><em><u>Our Product Range</u></em></strong></h4><p><br></p><p><strong>We offer a wide and versatile selection of products, including:</strong></p><p>Commercial Plywood</p><p>Marine Plywood</p><p>Waterproof &amp; BWR Plywood</p><p>Decorative Veneers</p><p><br></p><h4><strong><em><u>Why Choose Us</u></em></strong></h4><p><br></p><p>Premium Quality Materials</p><p>Competitive &amp; Transparent Pricing</p><p>Wide Product Availability</p><p>Reliable Supply &amp; Timely Delivery</p><p><br></p><h4><strong><em><u>Quality Assurance</u></em></strong></h4><p><br></p><p><strong>At PARK PLYWOOD PALACE, quality is our top priority. Every product undergoes strict quality checks to ensure:</strong></p><p>High Strength &amp; Durability</p><p>Moisture &amp; Termite Resistance</p><p>Smooth Surface Finish</p><p><br></p><p><strong>Our mission is to provide high-quality plywood and allied products that contribute to strong construction and elegant interiors. Whether it’s a home renovation or a large-scale commercial project, PARK PLYWOOD PALACE is your one-stop destination for reliable and premium wood solutions.</strong></p><p><br></p><p><br></p><p><br></p>",park-plywood-palace-kolkata,,,,,,"54/1, RAFI AHMED KIDWAI ROAD, KOLKATA",KOLKATA,West Bengal,India,700016.0,
